Stage 01 · Lock Frontend	Set up job	﻿2026-04-14T16:32:59.6343437Z Current runner version: '2.333.1'
Stage 01 · Lock Frontend	Set up job	2026-04-14T16:32:59.6377908Z ##[group]Runner Image Provisioner
Stage 01 · Lock Frontend	Set up job	2026-04-14T16:32:59.6378992Z Hosted Compute Agent
Stage 01 · Lock Frontend	Set up job	2026-04-14T16:32:59.6379803Z Version: 20260213.493
Stage 01 · Lock Frontend	Set up job	2026-04-14T16:32:59.6380800Z Commit: 5c115507f6dd24b8de37d8bbe0bb4509d0cc0fa3
Stage 01 · Lock Frontend	Set up job	2026-04-14T16:32:59.6381822Z Build Date: 2026-02-13T00:28:41Z
Stage 01 · Lock Frontend	Set up job	2026-04-14T16:32:59.6382830Z Worker ID: {24b0c94c-0dcf-4aa1-bb89-7550ecfdb79d}
Stage 01 · Lock Frontend	Set up job	2026-04-14T16:32:59.6384213Z Azure Region: eastus2
Stage 01 · Lock Frontend	Set up job	2026-04-14T16:32:59.6385138Z ##[endgroup]
Stage 01 · Lock Frontend	Set up job	2026-04-14T16:32:59.6387532Z ##[group]Operating System
Stage 01 · Lock Frontend	Set up job	2026-04-14T16:32:59.6388516Z Ubuntu
Stage 01 · Lock Frontend	Set up job	2026-04-14T16:32:59.6389172Z 24.04.4
Stage 01 · Lock Frontend	Set up job	2026-04-14T16:32:59.6389845Z LTS
Stage 01 · Lock Frontend	Set up job	2026-04-14T16:32:59.6390692Z ##[endgroup]
Stage 01 · Lock Frontend	Set up job	2026-04-14T16:32:59.6391469Z ##[group]Runner Image
Stage 01 · Lock Frontend	Set up job	2026-04-14T16:32:59.6392310Z Image: ubuntu-24.04
Stage 01 · Lock Frontend	Set up job	2026-04-14T16:32:59.6393003Z Version: 20260406.80.1
Stage 01 · Lock Frontend	Set up job	2026-04-14T16:32:59.6394957Z Included Software: https://github.com/actions/runner-images/blob/ubuntu24/20260406.80/images/ubuntu/Ubuntu2404-Readme.md
Stage 01 · Lock Frontend	Set up job	2026-04-14T16:32:59.6397734Z Image Release: https://github.com/actions/runner-images/releases/tag/ubuntu24%2F20260406.80
Stage 01 · Lock Frontend	Set up job	2026-04-14T16:32:59.6399293Z ##[endgroup]
Stage 01 · Lock Frontend	Set up job	2026-04-14T16:32:59.6400754Z ##[group]GITHUB_TOKEN Permissions
Stage 01 · Lock Frontend	Set up job	2026-04-14T16:32:59.6403835Z Contents: write
Stage 01 · Lock Frontend	Set up job	2026-04-14T16:32:59.6404681Z Metadata: read
Stage 01 · Lock Frontend	Set up job	2026-04-14T16:32:59.6405372Z ##[endgroup]
Stage 01 · Lock Frontend	Set up job	2026-04-14T16:32:59.6408571Z Secret source: Actions
Stage 01 · Lock Frontend	Set up job	2026-04-14T16:32:59.6409923Z Prepare workflow directory
Stage 01 · Lock Frontend	Set up job	2026-04-14T16:32:59.6936336Z Prepare all required actions
Stage 01 · Lock Frontend	Set up job	2026-04-14T16:32:59.6989930Z Getting action download info
Stage 01 · Lock Frontend	Set up job	2026-04-14T16:33:00.0317434Z Download action repository 'actions/checkout@v4' (SHA:34e114876b0b11c390a56381ad16ebd13914f8d5)
Stage 01 · Lock Frontend	Set up job	2026-04-14T16:33:00.2392223Z Complete job name: Stage 01 · Lock Frontend
Stage 01 · Lock Frontend	Checkout repository	﻿2026-04-14T16:33:00.3174504Z ##[group]Run actions/checkout@v4
Stage 01 · Lock Frontend	Checkout repository	2026-04-14T16:33:00.3175346Z with:
Stage 01 · Lock Frontend	Checkout repository	2026-04-14T16:33:00.3175719Z   fetch-depth: 0
Stage 01 · Lock Frontend	Checkout repository	2026-04-14T16:33:00.3176134Z   repository: space-gen/aurora
Stage 01 · Lock Frontend	Checkout repository	2026-04-14T16:33:00.3176762Z   token: ***
Stage 01 · Lock Frontend	Checkout repository	2026-04-14T16:33:00.3177179Z   ssh-strict: true
Stage 01 · Lock Frontend	Checkout repository	2026-04-14T16:33:00.3177568Z   ssh-user: git
Stage 01 · Lock Frontend	Checkout repository	2026-04-14T16:33:00.3177958Z   persist-credentials: true
Stage 01 · Lock Frontend	Checkout repository	2026-04-14T16:33:00.3178411Z   clean: true
Stage 01 · Lock Frontend	Checkout repository	2026-04-14T16:33:00.3178803Z   sparse-checkout-cone-mode: true
Stage 01 · Lock Frontend	Checkout repository	2026-04-14T16:33:00.3179274Z   fetch-tags: false
Stage 01 · Lock Frontend	Checkout repository	2026-04-14T16:33:00.3179657Z   show-progress: true
Stage 01 · Lock Frontend	Checkout repository	2026-04-14T16:33:00.3180055Z   lfs: false
Stage 01 · Lock Frontend	Checkout repository	2026-04-14T16:33:00.3180408Z   submodules: false
Stage 01 · Lock Frontend	Checkout repository	2026-04-14T16:33:00.3180807Z   set-safe-directory: true
Stage 01 · Lock Frontend	Checkout repository	2026-04-14T16:33:00.3181380Z env:
Stage 01 · Lock Frontend	Checkout repository	2026-04-14T16:33:00.3181772Z   FORCE_JAVASCRIPT_ACTIONS_TO_NODE24: true
Stage 01 · Lock Frontend	Checkout repository	2026-04-14T16:33:00.3182276Z ##[endgroup]
Stage 01 · Lock Frontend	Checkout repository	2026-04-14T16:33:00.4117284Z Syncing repository: space-gen/aurora
Stage 01 · Lock Frontend	Checkout repository	2026-04-14T16:33:00.4119017Z ##[group]Getting Git version info
Stage 01 · Lock Frontend	Checkout repository	2026-04-14T16:33:00.4119718Z Working directory is '/home/runner/work/aurora/aurora'
Stage 01 · Lock Frontend	Checkout repository	2026-04-14T16:33:00.4120634Z [command]/usr/bin/git version
Stage 01 · Lock Frontend	Checkout repository	2026-04-14T16:33:00.4148195Z git version 2.53.0
Stage 01 · Lock Frontend	Checkout repository	2026-04-14T16:33:00.4167828Z ##[endgroup]
Stage 01 · Lock Frontend	Checkout repository	2026-04-14T16:33:00.4181610Z Temporarily overriding HOME='/home/runner/work/_temp/ebaee351-9158-4c35-8abb-9f7d07977f20' before making global git config changes
Stage 01 · Lock Frontend	Checkout repository	2026-04-14T16:33:00.4183779Z Adding repository directory to the temporary git global config as a safe directory
Stage 01 · Lock Frontend	Checkout repository	2026-04-14T16:33:00.4186528Z [command]/usr/bin/git config --global --add safe.directory /home/runner/work/aurora/aurora
Stage 01 · Lock Frontend	Checkout repository	2026-04-14T16:33:00.4220817Z Deleting the contents of '/home/runner/work/aurora/aurora'
Stage 01 · Lock Frontend	Checkout repository	2026-04-14T16:33:00.4224980Z ##[group]Initializing the repository
Stage 01 · Lock Frontend	Checkout repository	2026-04-14T16:33:00.4229357Z [command]/usr/bin/git init /home/runner/work/aurora/aurora
Stage 01 · Lock Frontend	Checkout repository	2026-04-14T16:33:00.4313255Z hint: Using 'master' as the name for the initial branch. This default branch name
Stage 01 · Lock Frontend	Checkout repository	2026-04-14T16:33:00.4315132Z hint: will change to "main" in Git 3.0. To configure the initial branch name
Stage 01 · Lock Frontend	Checkout repository	2026-04-14T16:33:00.4316692Z hint: to use in all of your new repositories, which will suppress this warning,
Stage 01 · Lock Frontend	Checkout repository	2026-04-14T16:33:00.4317891Z hint: call:
Stage 01 · Lock Frontend	Checkout repository	2026-04-14T16:33:00.4318831Z hint:
Stage 01 · Lock Frontend	Checkout repository	2026-04-14T16:33:00.4320019Z hint: 	git config --global init.defaultBranch <name>
Stage 01 · Lock Frontend	Checkout repository	2026-04-14T16:33:00.4320930Z hint:
Stage 01 · Lock Frontend	Checkout repository	2026-04-14T16:33:00.4321766Z hint: Names commonly chosen instead of 'master' are 'main', 'trunk' and
Stage 01 · Lock Frontend	Checkout repository	2026-04-14T16:33:00.4323206Z hint: 'development'. The just-created branch can be renamed via this command:
Stage 01 · Lock Frontend	Checkout repository	2026-04-14T16:33:00.4324688Z hint:
Stage 01 · Lock Frontend	Checkout repository	2026-04-14T16:33:00.4325289Z hint: 	git branch -m <name>
Stage 01 · Lock Frontend	Checkout repository	2026-04-14T16:33:00.4325985Z hint:
Stage 01 · Lock Frontend	Checkout repository	2026-04-14T16:33:00.4326898Z hint: Disable this message with "git config set advice.defaultBranchName false"
Stage 01 · Lock Frontend	Checkout repository	2026-04-14T16:33:00.4328335Z Initialized empty Git repository in /home/runner/work/aurora/aurora/.git/
Stage 01 · Lock Frontend	Checkout repository	2026-04-14T16:33:00.4330577Z [command]/usr/bin/git remote add origin https://github.com/space-gen/aurora
Stage 01 · Lock Frontend	Checkout repository	2026-04-14T16:33:00.4390382Z ##[endgroup]
Stage 01 · Lock Frontend	Checkout repository	2026-04-14T16:33:00.4391507Z ##[group]Disabling automatic garbage collection
Stage 01 · Lock Frontend	Checkout repository	2026-04-14T16:33:00.4394926Z [command]/usr/bin/git config --local gc.auto 0
Stage 01 · Lock Frontend	Checkout repository	2026-04-14T16:33:00.4424243Z ##[endgroup]
Stage 01 · Lock Frontend	Checkout repository	2026-04-14T16:33:00.4425328Z ##[group]Setting up auth
Stage 01 · Lock Frontend	Checkout repository	2026-04-14T16:33:00.4431122Z [command]/usr/bin/git config --local --name-only --get-regexp core\.sshCommand
Stage 01 · Lock Frontend	Checkout repository	2026-04-14T16:33:00.4462575Z [command]/usr/bin/git submodule foreach --recursive sh -c "git config --local --name-only --get-regexp 'core\.sshCommand' && git config --local --unset-all 'core.sshCommand' || :"
Stage 01 · Lock Frontend	Checkout repository	2026-04-14T16:33:00.4753363Z [command]/usr/bin/git config --local --name-only --get-regexp http\.https\:\/\/github\.com\/\.extraheader
Stage 01 · Lock Frontend	Checkout repository	2026-04-14T16:33:00.4784668Z [command]/usr/bin/git submodule foreach --recursive sh -c "git config --local --name-only --get-regexp 'http\.https\:\/\/github\.com\/\.extraheader' && git config --local --unset-all 'http.https://github.com/.extraheader' || :"
Stage 01 · Lock Frontend	Checkout repository	2026-04-14T16:33:00.5015158Z [command]/usr/bin/git config --local --name-only --get-regexp ^includeIf\.gitdir:
Stage 01 · Lock Frontend	Checkout repository	2026-04-14T16:33:00.5046413Z [command]/usr/bin/git submodule foreach --recursive git config --local --show-origin --name-only --get-regexp remote.origin.url
Stage 01 · Lock Frontend	Checkout repository	2026-04-14T16:33:00.5273844Z [command]/usr/bin/git config --local http.https://github.com/.extraheader AUTHORIZATION: basic ***
Stage 01 · Lock Frontend	Checkout repository	2026-04-14T16:33:00.5309812Z ##[endgroup]
Stage 01 · Lock Frontend	Checkout repository	2026-04-14T16:33:00.5310734Z ##[group]Fetching the repository
Stage 01 · Lock Frontend	Checkout repository	2026-04-14T16:33:00.5321568Z [command]/usr/bin/git -c protocol.version=2 fetch --prune --no-recurse-submodules origin +refs/heads/*:refs/remotes/origin/* +refs/tags/*:refs/tags/*
Stage 01 · Lock Frontend	Checkout repository	2026-04-14T16:33:05.1763773Z From https://github.com/space-gen/aurora
Stage 01 · Lock Frontend	Checkout repository	2026-04-14T16:33:05.1765615Z  * [new branch]      main       -> origin/main
Stage 01 · Lock Frontend	Checkout repository	2026-04-14T16:33:05.1800819Z [command]/usr/bin/git branch --list --remote origin/main
Stage 01 · Lock Frontend	Checkout repository	2026-04-14T16:33:05.1825426Z   origin/main
Stage 01 · Lock Frontend	Checkout repository	2026-04-14T16:33:05.1835781Z [command]/usr/bin/git rev-parse refs/remotes/origin/main
Stage 01 · Lock Frontend	Checkout repository	2026-04-14T16:33:05.1858210Z ce0ffd22171b29e02189d554b50f78013be571d5
Stage 01 · Lock Frontend	Checkout repository	2026-04-14T16:33:05.1863294Z ##[endgroup]
Stage 01 · Lock Frontend	Checkout repository	2026-04-14T16:33:05.1864779Z ##[group]Determining the checkout info
Stage 01 · Lock Frontend	Checkout repository	2026-04-14T16:33:05.1866157Z ##[endgroup]
Stage 01 · Lock Frontend	Checkout repository	2026-04-14T16:33:05.1869254Z [command]/usr/bin/git sparse-checkout disable
Stage 01 · Lock Frontend	Checkout repository	2026-04-14T16:33:05.1906590Z [command]/usr/bin/git config --local --unset-all extensions.worktreeConfig
Stage 01 · Lock Frontend	Checkout repository	2026-04-14T16:33:05.1935612Z ##[group]Checking out the ref
Stage 01 · Lock Frontend	Checkout repository	2026-04-14T16:33:05.1938605Z [command]/usr/bin/git checkout --progress --force -B main refs/remotes/origin/main
Stage 01 · Lock Frontend	Checkout repository	2026-04-14T16:33:05.2040199Z Switched to a new branch 'main'
Stage 01 · Lock Frontend	Checkout repository	2026-04-14T16:33:05.2041925Z branch 'main' set up to track 'origin/main'.
Stage 01 · Lock Frontend	Checkout repository	2026-04-14T16:33:05.2048241Z ##[endgroup]
Stage 01 · Lock Frontend	Checkout repository	2026-04-14T16:33:05.2085517Z [command]/usr/bin/git log -1 --format=%H
Stage 01 · Lock Frontend	Checkout repository	2026-04-14T16:33:05.2109782Z ce0ffd22171b29e02189d554b50f78013be571d5
Stage 01 · Lock Frontend	Rename data/ to data_processing/	﻿2026-04-14T16:33:05.2312945Z ##[group]Run git config user.name "github-actions[bot]"
Stage 01 · Lock Frontend	Rename data/ to data_processing/	2026-04-14T16:33:05.2314137Z [36;1mgit config user.name "github-actions[bot]"[0m
Stage 01 · Lock Frontend	Rename data/ to data_processing/	2026-04-14T16:33:05.2315102Z [36;1mgit config user.email "github-actions[bot]@users.noreply.github.com"[0m
Stage 01 · Lock Frontend	Rename data/ to data_processing/	2026-04-14T16:33:05.2315966Z [36;1m[0m
Stage 01 · Lock Frontend	Rename data/ to data_processing/	2026-04-14T16:33:05.2316499Z [36;1m# Safety: data/ and data_processing/ must never coexist[0m
Stage 01 · Lock Frontend	Rename data/ to data_processing/	2026-04-14T16:33:05.2317579Z [36;1mif [ -d "data" ] && [ -d "data_processing" ]; then[0m
Stage 01 · Lock Frontend	Rename data/ to data_processing/	2026-04-14T16:33:05.2319036Z [36;1m  echo "::error::Both data/ and data_processing/ exist simultaneously — inconsistent repository state. Manual intervention required."[0m
Stage 01 · Lock Frontend	Rename data/ to data_processing/	2026-04-14T16:33:05.2320415Z [36;1m  exit 1[0m
Stage 01 · Lock Frontend	Rename data/ to data_processing/	2026-04-14T16:33:05.2320823Z [36;1mfi[0m
Stage 01 · Lock Frontend	Rename data/ to data_processing/	2026-04-14T16:33:05.2321183Z [36;1m[0m
Stage 01 · Lock Frontend	Rename data/ to data_processing/	2026-04-14T16:33:05.2321559Z [36;1mif [ -d "data" ]; then[0m
Stage 01 · Lock Frontend	Rename data/ to data_processing/	2026-04-14T16:33:05.2322283Z [36;1m  # Cleanly move to data_processing to lock the public frontend[0m
Stage 01 · Lock Frontend	Rename data/ to data_processing/	2026-04-14T16:33:05.2323112Z [36;1m  mv data data_processing[0m
Stage 01 · Lock Frontend	Rename data/ to data_processing/	2026-04-14T16:33:05.2323896Z [36;1m  [0m
Stage 01 · Lock Frontend	Rename data/ to data_processing/	2026-04-14T16:33:05.2324459Z [36;1m  # Prepare orphan 'data' branch and commit only data files[0m
Stage 01 · Lock Frontend	Rename data/ to data_processing/	2026-04-14T16:33:05.2325346Z [36;1m  # copy data_processing to temp to avoid polluting main[0m
Stage 01 · Lock Frontend	Rename data/ to data_processing/	2026-04-14T16:33:05.2326114Z [36;1m  mkdir -p /tmp/data_pipeline || true[0m
Stage 01 · Lock Frontend	Rename data/ to data_processing/	2026-04-14T16:33:05.2326877Z [36;1m  cp -r data_processing /tmp/data_pipeline/ || true[0m
Stage 01 · Lock Frontend	Rename data/ to data_processing/	2026-04-14T16:33:05.2327582Z [36;1m[0m
Stage 01 · Lock Frontend	Rename data/ to data_processing/	2026-04-14T16:33:05.2328126Z [36;1m  # Create orphan branch 'data' (delete local if exists)[0m
Stage 01 · Lock Frontend	Rename data/ to data_processing/	2026-04-14T16:33:05.2329012Z [36;1m  if git rev-parse --verify data >/dev/null 2>&1; then[0m
Stage 01 · Lock Frontend	Rename data/ to data_processing/	2026-04-14T16:33:05.2329774Z [36;1m    git branch -D data || true[0m
Stage 01 · Lock Frontend	Rename data/ to data_processing/	2026-04-14T16:33:05.2330329Z [36;1m  fi[0m
Stage 01 · Lock Frontend	Rename data/ to data_processing/	2026-04-14T16:33:05.2330759Z [36;1m  git checkout --orphan data[0m
Stage 01 · Lock Frontend	Rename data/ to data_processing/	2026-04-14T16:33:05.2331306Z [36;1m[0m
Stage 01 · Lock Frontend	Rename data/ to data_processing/	2026-04-14T16:33:05.2331794Z [36;1m  # Clear index and working tree for a clean branch[0m
Stage 01 · Lock Frontend	Rename data/ to data_processing/	2026-04-14T16:33:05.2332502Z [36;1m  git rm -rf --quiet . || true[0m
Stage 01 · Lock Frontend	Rename data/ to data_processing/	2026-04-14T16:33:05.2333056Z [36;1m[0m
Stage 01 · Lock Frontend	Rename data/ to data_processing/	2026-04-14T16:33:05.2333461Z [36;1m  # Populate only the data files[0m
Stage 01 · Lock Frontend	Rename data/ to data_processing/	2026-04-14T16:33:05.2334311Z [36;1m  mkdir -p data[0m
Stage 01 · Lock Frontend	Rename data/ to data_processing/	2026-04-14T16:33:05.2334925Z [36;1m  if [ -d "/tmp/data_pipeline/data_processing" ]; then[0m
Stage 01 · Lock Frontend	Rename data/ to data_processing/	2026-04-14T16:33:05.2335788Z [36;1m    cp -r /tmp/data_pipeline/data_processing/* data/ || true[0m
Stage 01 · Lock Frontend	Rename data/ to data_processing/	2026-04-14T16:33:05.2336529Z [36;1m  fi[0m
Stage 01 · Lock Frontend	Rename data/ to data_processing/	2026-04-14T16:33:05.2336909Z [36;1m[0m
Stage 01 · Lock Frontend	Rename data/ to data_processing/	2026-04-14T16:33:05.2337283Z [36;1m  git add -f data || true[0m
Stage 01 · Lock Frontend	Rename data/ to data_processing/	2026-04-14T16:33:05.2337860Z [36;1m  if git diff --cached --quiet; then[0m
Stage 01 · Lock Frontend	Rename data/ to data_processing/	2026-04-14T16:33:05.2338489Z [36;1m    echo "No data changes to commit."[0m
Stage 01 · Lock Frontend	Rename data/ to data_processing/	2026-04-14T16:33:05.2339077Z [36;1m  else[0m
Stage 01 · Lock Frontend	Rename data/ to data_processing/	2026-04-14T16:33:05.2339624Z [36;1m    git commit -m "chore(data): update dataset [skip ci][0m
Stage 01 · Lock Frontend	Rename data/ to data_processing/	2026-04-14T16:33:05.2340331Z [36;1m[0m
Stage 01 · Lock Frontend	Rename data/ to data_processing/	2026-04-14T16:33:05.2340965Z [36;1m    Co-authored-by: soumyadipkarforma <soumyadipkarforma@gmail.com>"[0m
Stage 01 · Lock Frontend	Rename data/ to data_processing/	2026-04-14T16:33:05.2341837Z [36;1m    git push --force origin data[0m
Stage 01 · Lock Frontend	Rename data/ to data_processing/	2026-04-14T16:33:05.2342401Z [36;1m  fi[0m
Stage 01 · Lock Frontend	Rename data/ to data_processing/	2026-04-14T16:33:05.2342759Z [36;1m[0m
Stage 01 · Lock Frontend	Rename data/ to data_processing/	2026-04-14T16:33:05.2343214Z [36;1m  # Return to main branch (clean workspace)[0m
Stage 01 · Lock Frontend	Rename data/ to data_processing/	2026-04-14T16:33:05.2344036Z [36;1m  git checkout main || true[0m
Stage 01 · Lock Frontend	Rename data/ to data_processing/	2026-04-14T16:33:05.2344649Z [36;1m  git reset --hard origin/main || true[0m
Stage 01 · Lock Frontend	Rename data/ to data_processing/	2026-04-14T16:33:05.2345376Z [36;1m  echo "Frontend locked."[0m
Stage 01 · Lock Frontend	Rename data/ to data_processing/	2026-04-14T16:33:05.2345903Z [36;1melse[0m
Stage 01 · Lock Frontend	Rename data/ to data_processing/	2026-04-14T16:33:05.2346318Z [36;1m  echo "System already locked."[0m
Stage 01 · Lock Frontend	Rename data/ to data_processing/	2026-04-14T16:33:05.2346866Z [36;1mfi[0m
Stage 01 · Lock Frontend	Rename data/ to data_processing/	2026-04-14T16:33:05.2373880Z shell: /usr/bin/bash -e {0}
Stage 01 · Lock Frontend	Rename data/ to data_processing/	2026-04-14T16:33:05.2374457Z env:
Stage 01 · Lock Frontend	Rename data/ to data_processing/	2026-04-14T16:33:05.2374881Z   FORCE_JAVASCRIPT_ACTIONS_TO_NODE24: true
Stage 01 · Lock Frontend	Rename data/ to data_processing/	2026-04-14T16:33:05.2375487Z ##[endgroup]
Stage 01 · Lock Frontend	Rename data/ to data_processing/	2026-04-14T16:33:05.2587676Z Switched to a new branch 'data'
Stage 01 · Lock Frontend	Rename data/ to data_processing/	2026-04-14T16:33:05.2589575Z D	data/README.md
Stage 01 · Lock Frontend	Rename data/ to data_processing/	2026-04-14T16:33:05.2590035Z D	data/data/README.md
Stage 01 · Lock Frontend	Rename data/ to data_processing/	2026-04-14T16:33:05.2590510Z D	data/magnetogram.jsonl
Stage 01 · Lock Frontend	Rename data/ to data_processing/	2026-04-14T16:33:05.2591013Z D	data/sunspot.jsonl
Stage 01 · Lock Frontend	Rename data/ to data_processing/	2026-04-14T16:33:05.2768364Z [data (root-commit) 7eef3ee] chore(data): update dataset [skip ci]
Stage 01 · Lock Frontend	Rename data/ to data_processing/	2026-04-14T16:33:05.2769282Z  4 files changed, 239 insertions(+)
Stage 01 · Lock Frontend	Rename data/ to data_processing/	2026-04-14T16:33:05.2770086Z  create mode 100644 data/README.md
Stage 01 · Lock Frontend	Rename data/ to data_processing/	2026-04-14T16:33:05.2770919Z  create mode 100644 data/data/README.md
Stage 01 · Lock Frontend	Rename data/ to data_processing/	2026-04-14T16:33:05.2771691Z  create mode 100644 data/magnetogram.jsonl
Stage 01 · Lock Frontend	Rename data/ to data_processing/	2026-04-14T16:33:05.2772548Z  create mode 100644 data/sunspot.jsonl
Stage 01 · Lock Frontend	Rename data/ to data_processing/	2026-04-14T16:33:05.7392079Z remote: 
Stage 01 · Lock Frontend	Rename data/ to data_processing/	2026-04-14T16:33:05.7393130Z remote: Create a pull request for 'data' on GitHub by visiting:        
Stage 01 · Lock Frontend	Rename data/ to data_processing/	2026-04-14T16:33:05.7395145Z remote:      https://github.com/space-gen/aurora/pull/new/data        
Stage 01 · Lock Frontend	Rename data/ to data_processing/	2026-04-14T16:33:05.7396579Z remote: 
Stage 01 · Lock Frontend	Rename data/ to data_processing/	2026-04-14T16:33:05.7397489Z To https://github.com/space-gen/aurora
Stage 01 · Lock Frontend	Rename data/ to data_processing/	2026-04-14T16:33:05.7398603Z  * [new branch]      data -> data
Stage 01 · Lock Frontend	Rename data/ to data_processing/	2026-04-14T16:33:05.7535141Z Switched to branch 'main'
Stage 01 · Lock Frontend	Rename data/ to data_processing/	2026-04-14T16:33:05.7537975Z Your branch is up to date with 'origin/main'.
Stage 01 · Lock Frontend	Rename data/ to data_processing/	2026-04-14T16:33:05.7634841Z HEAD is now at ce0ffd2 chore(ci): remove monthly and yearly data workflows\n\nRemove monthly-squash.yml and yearly-fresh-start.yml as requested.\n\nCo-authored-by: Copilot <223556219+Copilot@users.noreply.github.com>
Stage 01 · Lock Frontend	Rename data/ to data_processing/	2026-04-14T16:33:05.7639421Z Frontend locked.
Stage 01 · Lock Frontend	Post Checkout repository	﻿2026-04-14T16:33:05.7844129Z Post job cleanup.
Stage 01 · Lock Frontend	Post Checkout repository	2026-04-14T16:33:05.8663131Z [command]/usr/bin/git version
Stage 01 · Lock Frontend	Post Checkout repository	2026-04-14T16:33:05.8699699Z git version 2.53.0
Stage 01 · Lock Frontend	Post Checkout repository	2026-04-14T16:33:05.8737428Z Temporarily overriding HOME='/home/runner/work/_temp/08c8f287-efd5-4eb3-877f-8ce99cea5f19' before making global git config changes
Stage 01 · Lock Frontend	Post Checkout repository	2026-04-14T16:33:05.8740488Z Adding repository directory to the temporary git global config as a safe directory
Stage 01 · Lock Frontend	Post Checkout repository	2026-04-14T16:33:05.8743912Z [command]/usr/bin/git config --global --add safe.directory /home/runner/work/aurora/aurora
Stage 01 · Lock Frontend	Post Checkout repository	2026-04-14T16:33:05.8780207Z [command]/usr/bin/git config --local --name-only --get-regexp core\.sshCommand
Stage 01 · Lock Frontend	Post Checkout repository	2026-04-14T16:33:05.8816033Z [command]/usr/bin/git submodule foreach --recursive sh -c "git config --local --name-only --get-regexp 'core\.sshCommand' && git config --local --unset-all 'core.sshCommand' || :"
Stage 01 · Lock Frontend	Post Checkout repository	2026-04-14T16:33:05.9050895Z [command]/usr/bin/git config --local --name-only --get-regexp http\.https\:\/\/github\.com\/\.extraheader
Stage 01 · Lock Frontend	Post Checkout repository	2026-04-14T16:33:05.9074737Z http.https://github.com/.extraheader
Stage 01 · Lock Frontend	Post Checkout repository	2026-04-14T16:33:05.9084964Z [command]/usr/bin/git config --local --unset-all http.https://github.com/.extraheader
Stage 01 · Lock Frontend	Post Checkout repository	2026-04-14T16:33:05.9120844Z [command]/usr/bin/git submodule foreach --recursive sh -c "git config --local --name-only --get-regexp 'http\.https\:\/\/github\.com\/\.extraheader' && git config --local --unset-all 'http.https://github.com/.extraheader' || :"
Stage 01 · Lock Frontend	Post Checkout repository	2026-04-14T16:33:05.9347694Z [command]/usr/bin/git config --local --name-only --get-regexp ^includeIf\.gitdir:
Stage 01 · Lock Frontend	Post Checkout repository	2026-04-14T16:33:05.9379387Z [command]/usr/bin/git submodule foreach --recursive git config --local --show-origin --name-only --get-regexp remote.origin.url
Stage 01 · Lock Frontend	Complete job	﻿2026-04-14T16:33:05.9755467Z Cleaning up orphan processes
Stage 01 · Lock Frontend	Complete job	2026-04-14T16:33:06.0246431Z ##[warning]Node.js 20 is deprecated. The following actions target Node.js 20 but are being forced to run on Node.js 24: actions/checkout@v4. For more information see: https://github.blog/changelog/2025-09-19-deprecation-of-node-20-on-github-actions-runners/
Stage 2 · Pull New URLs	Set up job	﻿2026-04-14T16:33:11.7611353Z Current runner version: '2.333.1'
Stage 2 · Pull New URLs	Set up job	2026-04-14T16:33:11.7638227Z ##[group]Runner Image Provisioner
Stage 2 · Pull New URLs	Set up job	2026-04-14T16:33:11.7639266Z Hosted Compute Agent
Stage 2 · Pull New URLs	Set up job	2026-04-14T16:33:11.7639865Z Version: 20260213.493
Stage 2 · Pull New URLs	Set up job	2026-04-14T16:33:11.7640446Z Commit: 5c115507f6dd24b8de37d8bbe0bb4509d0cc0fa3
Stage 2 · Pull New URLs	Set up job	2026-04-14T16:33:11.7641241Z Build Date: 2026-02-13T00:28:41Z
Stage 2 · Pull New URLs	Set up job	2026-04-14T16:33:11.7641916Z Worker ID: {6c259d82-fde5-4253-b585-49a3072b31ee}
Stage 2 · Pull New URLs	Set up job	2026-04-14T16:33:11.7642560Z Azure Region: westus
Stage 2 · Pull New URLs	Set up job	2026-04-14T16:33:11.7643220Z ##[endgroup]
Stage 2 · Pull New URLs	Set up job	2026-04-14T16:33:11.7644896Z ##[group]Operating System
Stage 2 · Pull New URLs	Set up job	2026-04-14T16:33:11.7645515Z Ubuntu
Stage 2 · Pull New URLs	Set up job	2026-04-14T16:33:11.7646104Z 24.04.4
Stage 2 · Pull New URLs	Set up job	2026-04-14T16:33:11.7646539Z LTS
Stage 2 · Pull New URLs	Set up job	2026-04-14T16:33:11.7647037Z ##[endgroup]
Stage 2 · Pull New URLs	Set up job	2026-04-14T16:33:11.7647574Z ##[group]Runner Image
Stage 2 · Pull New URLs	Set up job	2026-04-14T16:33:11.7648135Z Image: ubuntu-24.04
Stage 2 · Pull New URLs	Set up job	2026-04-14T16:33:11.7648643Z Version: 20260406.80.1
Stage 2 · Pull New URLs	Set up job	2026-04-14T16:33:11.7649692Z Included Software: https://github.com/actions/runner-images/blob/ubuntu24/20260406.80/images/ubuntu/Ubuntu2404-Readme.md
Stage 2 · Pull New URLs	Set up job	2026-04-14T16:33:11.7651423Z Image Release: https://github.com/actions/runner-images/releases/tag/ubuntu24%2F20260406.80
Stage 2 · Pull New URLs	Set up job	2026-04-14T16:33:11.7652330Z ##[endgroup]
Stage 2 · Pull New URLs	Set up job	2026-04-14T16:33:11.7653422Z ##[group]GITHUB_TOKEN Permissions
Stage 2 · Pull New URLs	Set up job	2026-04-14T16:33:11.7655698Z Contents: read
Stage 2 · Pull New URLs	Set up job	2026-04-14T16:33:11.7656292Z Metadata: read
Stage 2 · Pull New URLs	Set up job	2026-04-14T16:33:11.7656823Z Packages: read
Stage 2 · Pull New URLs	Set up job	2026-04-14T16:33:11.7657428Z ##[endgroup]
Stage 2 · Pull New URLs	Set up job	2026-04-14T16:33:11.7659569Z Secret source: Actions
Stage 2 · Pull New URLs	Set up job	2026-04-14T16:33:11.7660270Z Prepare workflow directory
Stage 2 · Pull New URLs	Set up job	2026-04-14T16:33:11.8082669Z Prepare all required actions
Stage 2 · Pull New URLs	Set up job	2026-04-14T16:33:11.8141905Z Getting action download info
Stage 2 · Pull New URLs	Set up job	2026-04-14T16:33:12.4191469Z Download action repository 'actions/checkout@v4' (SHA:34e114876b0b11c390a56381ad16ebd13914f8d5)
Stage 2 · Pull New URLs	Set up job	2026-04-14T16:33:12.5538027Z Download action repository 'actions/setup-python@v5' (SHA:a26af69be951a213d495a4c3e4e4022e16d87065)
Stage 2 · Pull New URLs	Set up job	2026-04-14T16:33:12.6269189Z Download action repository 'actions/upload-artifact@v4' (SHA:ea165f8d65b6e75b540449e92b4886f43607fa02)
Stage 2 · Pull New URLs	Set up job	2026-04-14T16:33:12.8291436Z Complete job name: Stage 2 · Pull New URLs
Stage 2 · Pull New URLs	Checkout repository	﻿2026-04-14T16:33:12.8982632Z ##[group]Run actions/checkout@v4
Stage 2 · Pull New URLs	Checkout repository	2026-04-14T16:33:12.8983493Z with:
Stage 2 · Pull New URLs	Checkout repository	2026-04-14T16:33:12.8983908Z   repository: space-gen/aurora
Stage 2 · Pull New URLs	Checkout repository	2026-04-14T16:33:12.8984768Z   token: ***
Stage 2 · Pull New URLs	Checkout repository	2026-04-14T16:33:12.8985171Z   ssh-strict: true
Stage 2 · Pull New URLs	Checkout repository	2026-04-14T16:33:12.8985567Z   ssh-user: git
Stage 2 · Pull New URLs	Checkout repository	2026-04-14T16:33:12.8985983Z   persist-credentials: true
Stage 2 · Pull New URLs	Checkout repository	2026-04-14T16:33:12.8986431Z   clean: true
Stage 2 · Pull New URLs	Checkout repository	2026-04-14T16:33:12.8986843Z   sparse-checkout-cone-mode: true
Stage 2 · Pull New URLs	Checkout repository	2026-04-14T16:33:12.8987326Z   fetch-depth: 1
Stage 2 · Pull New URLs	Checkout repository	2026-04-14T16:33:12.8987705Z   fetch-tags: false
Stage 2 · Pull New URLs	Checkout repository	2026-04-14T16:33:12.8988112Z   show-progress: true
Stage 2 · Pull New URLs	Checkout repository	2026-04-14T16:33:12.8988519Z   lfs: false
Stage 2 · Pull New URLs	Checkout repository	2026-04-14T16:33:12.8988897Z   submodules: false
Stage 2 · Pull New URLs	Checkout repository	2026-04-14T16:33:12.8989306Z   set-safe-directory: true
Stage 2 · Pull New URLs	Checkout repository	2026-04-14T16:33:12.8989974Z env:
Stage 2 · Pull New URLs	Checkout repository	2026-04-14T16:33:12.8990390Z   FORCE_JAVASCRIPT_ACTIONS_TO_NODE24: true
Stage 2 · Pull New URLs	Checkout repository	2026-04-14T16:33:12.8990912Z ##[endgroup]
Stage 2 · Pull New URLs	Checkout repository	2026-04-14T16:33:12.9922357Z Syncing repository: space-gen/aurora
Stage 2 · Pull New URLs	Checkout repository	2026-04-14T16:33:12.9924116Z ##[group]Getting Git version info
Stage 2 · Pull New URLs	Checkout repository	2026-04-14T16:33:12.9925239Z Working directory is '/home/runner/work/aurora/aurora'
Stage 2 · Pull New URLs	Checkout repository	2026-04-14T16:33:12.9926181Z [command]/usr/bin/git version
Stage 2 · Pull New URLs	Checkout repository	2026-04-14T16:33:12.9948228Z git version 2.53.0
Stage 2 · Pull New URLs	Checkout repository	2026-04-14T16:33:12.9969436Z ##[endgroup]
Stage 2 · Pull New URLs	Checkout repository	2026-04-14T16:33:12.9983772Z Temporarily overriding HOME='/home/runner/work/_temp/ba31f3fe-c1d3-48ed-a125-6494a0f3b244' before making global git config changes
Stage 2 · Pull New URLs	Checkout repository	2026-04-14T16:33:12.9985424Z Adding repository directory to the temporary git global config as a safe directory
Stage 2 · Pull New URLs	Checkout repository	2026-04-14T16:33:12.9989135Z [command]/usr/bin/git config --global --add safe.directory /home/runner/work/aurora/aurora
Stage 2 · Pull New URLs	Checkout repository	2026-04-14T16:33:13.0022581Z Deleting the contents of '/home/runner/work/aurora/aurora'
Stage 2 · Pull New URLs	Checkout repository	2026-04-14T16:33:13.0027182Z ##[group]Initializing the repository
Stage 2 · Pull New URLs	Checkout repository	2026-04-14T16:33:13.0032021Z [command]/usr/bin/git init /home/runner/work/aurora/aurora
Stage 2 · Pull New URLs	Checkout repository	2026-04-14T16:33:13.0131178Z hint: Using 'master' as the name for the initial branch. This default branch name
Stage 2 · Pull New URLs	Checkout repository	2026-04-14T16:33:13.0133269Z hint: will change to "main" in Git 3.0. To configure the initial branch name
Stage 2 · Pull New URLs	Checkout repository	2026-04-14T16:33:13.0135268Z hint: to use in all of your new repositories, which will suppress this warning,
Stage 2 · Pull New URLs	Checkout repository	2026-04-14T16:33:13.0136943Z hint: call:
Stage 2 · Pull New URLs	Checkout repository	2026-04-14T16:33:13.0137668Z hint:
Stage 2 · Pull New URLs	Checkout repository	2026-04-14T16:33:13.0138537Z hint: 	git config --global init.defaultBranch <name>
Stage 2 · Pull New URLs	Checkout repository	2026-04-14T16:33:13.0139668Z hint:
Stage 2 · Pull New URLs	Checkout repository	2026-04-14T16:33:13.0140678Z hint: Names commonly chosen instead of 'master' are 'main', 'trunk' and
Stage 2 · Pull New URLs	Checkout repository	2026-04-14T16:33:13.0142474Z hint: 'development'. The just-created branch can be renamed via this command:
Stage 2 · Pull New URLs	Checkout repository	2026-04-14T16:33:13.0143784Z hint:
Stage 2 · Pull New URLs	Checkout repository	2026-04-14T16:33:13.0144782Z hint: 	git branch -m <name>
Stage 2 · Pull New URLs	Checkout repository	2026-04-14T16:33:13.0145634Z hint:
Stage 2 · Pull New URLs	Checkout repository	2026-04-14T16:33:13.0146664Z hint: Disable this message with "git config set advice.defaultBranchName false"
Stage 2 · Pull New URLs	Checkout repository	2026-04-14T16:33:13.0148263Z Initialized empty Git repository in /home/runner/work/aurora/aurora/.git/
Stage 2 · Pull New URLs	Checkout repository	2026-04-14T16:33:13.0150790Z [command]/usr/bin/git remote add origin https://github.com/space-gen/aurora
Stage 2 · Pull New URLs	Checkout repository	2026-04-14T16:33:13.0209865Z ##[endgroup]
Stage 2 · Pull New URLs	Checkout repository	2026-04-14T16:33:13.0211123Z ##[group]Disabling automatic garbage collection
Stage 2 · Pull New URLs	Checkout repository	2026-04-14T16:33:13.0214489Z [command]/usr/bin/git config --local gc.auto 0
Stage 2 · Pull New URLs	Checkout repository	2026-04-14T16:33:13.0243349Z ##[endgroup]
Stage 2 · Pull New URLs	Checkout repository	2026-04-14T16:33:13.0244809Z ##[group]Setting up auth
Stage 2 · Pull New URLs	Checkout repository	2026-04-14T16:33:13.0251187Z [command]/usr/bin/git config --local --name-only --get-regexp core\.sshCommand
Stage 2 · Pull New URLs	Checkout repository	2026-04-14T16:33:13.0281644Z [command]/usr/bin/git submodule foreach --recursive sh -c "git config --local --name-only --get-regexp 'core\.sshCommand' && git config --local --unset-all 'core.sshCommand' || :"
Stage 2 · Pull New URLs	Checkout repository	2026-04-14T16:33:13.0568957Z [command]/usr/bin/git config --local --name-only --get-regexp http\.https\:\/\/github\.com\/\.extraheader
Stage 2 · Pull New URLs	Checkout repository	2026-04-14T16:33:13.0598982Z [command]/usr/bin/git submodule foreach --recursive sh -c "git config --local --name-only --get-regexp 'http\.https\:\/\/github\.com\/\.extraheader' && git config --local --unset-all 'http.https://github.com/.extraheader' || :"
Stage 2 · Pull New URLs	Checkout repository	2026-04-14T16:33:13.0819062Z [command]/usr/bin/git config --local --name-only --get-regexp ^includeIf\.gitdir:
Stage 2 · Pull New URLs	Checkout repository	2026-04-14T16:33:13.0852763Z [command]/usr/bin/git submodule foreach --recursive git config --local --show-origin --name-only --get-regexp remote.origin.url
Stage 2 · Pull New URLs	Checkout repository	2026-04-14T16:33:13.1073471Z [command]/usr/bin/git config --local http.https://github.com/.extraheader AUTHORIZATION: basic ***
Stage 2 · Pull New URLs	Checkout repository	2026-04-14T16:33:13.1107739Z ##[endgroup]
Stage 2 · Pull New URLs	Checkout repository	2026-04-14T16:33:13.1108531Z ##[group]Fetching the repository
Stage 2 · Pull New URLs	Checkout repository	2026-04-14T16:33:13.1117839Z [command]/usr/bin/git -c protocol.version=2 fetch --no-tags --prune --no-recurse-submodules --depth=1 origin +ce0ffd22171b29e02189d554b50f78013be571d5:refs/remotes/origin/main
Stage 2 · Pull New URLs	Checkout repository	2026-04-14T16:33:13.6114028Z From https://github.com/space-gen/aurora
Stage 2 · Pull New URLs	Checkout repository	2026-04-14T16:33:13.6115411Z  * [new ref]         ce0ffd22171b29e02189d554b50f78013be571d5 -> origin/main
Stage 2 · Pull New URLs	Checkout repository	2026-04-14T16:33:13.6143857Z ##[endgroup]
Stage 2 · Pull New URLs	Checkout repository	2026-04-14T16:33:13.6145464Z ##[group]Determining the checkout info
Stage 2 · Pull New URLs	Checkout repository	2026-04-14T16:33:13.6147658Z ##[endgroup]
Stage 2 · Pull New URLs	Checkout repository	2026-04-14T16:33:13.6151955Z [command]/usr/bin/git sparse-checkout disable
Stage 2 · Pull New URLs	Checkout repository	2026-04-14T16:33:13.6190857Z [command]/usr/bin/git config --local --unset-all extensions.worktreeConfig
Stage 2 · Pull New URLs	Checkout repository	2026-04-14T16:33:13.6218531Z ##[group]Checking out the ref
Stage 2 · Pull New URLs	Checkout repository	2026-04-14T16:33:13.6223254Z [command]/usr/bin/git checkout --progress --force -B main refs/remotes/origin/main
Stage 2 · Pull New URLs	Checkout repository	2026-04-14T16:33:13.6333192Z Switched to a new branch 'main'
Stage 2 · Pull New URLs	Checkout repository	2026-04-14T16:33:13.6335626Z branch 'main' set up to track 'origin/main'.
Stage 2 · Pull New URLs	Checkout repository	2026-04-14T16:33:13.6342072Z ##[endgroup]
Stage 2 · Pull New URLs	Checkout repository	2026-04-14T16:33:13.6380342Z [command]/usr/bin/git log -1 --format=%H
Stage 2 · Pull New URLs	Checkout repository	2026-04-14T16:33:13.6403109Z ce0ffd22171b29e02189d554b50f78013be571d5
Stage 2 · Pull New URLs	Set up Python	﻿2026-04-14T16:33:13.6715356Z ##[group]Run actions/setup-python@v5
Stage 2 · Pull New URLs	Set up Python	2026-04-14T16:33:13.6716400Z with:
Stage 2 · Pull New URLs	Set up Python	2026-04-14T16:33:13.6717047Z   python-version: 3.11
Stage 2 · Pull New URLs	Set up Python	2026-04-14T16:33:13.6717830Z   check-latest: false
Stage 2 · Pull New URLs	Set up Python	2026-04-14T16:33:13.6718858Z   token: ***
Stage 2 · Pull New URLs	Set up Python	2026-04-14T16:33:13.6719587Z   update-environment: true
Stage 2 · Pull New URLs	Set up Python	2026-04-14T16:33:13.6720447Z   allow-prereleases: false
Stage 2 · Pull New URLs	Set up Python	2026-04-14T16:33:13.6721498Z   freethreaded: false
Stage 2 · Pull New URLs	Set up Python	2026-04-14T16:33:13.6722227Z env:
Stage 2 · Pull New URLs	Set up Python	2026-04-14T16:33:13.6722915Z   FORCE_JAVASCRIPT_ACTIONS_TO_NODE24: true
Stage 2 · Pull New URLs	Set up Python	2026-04-14T16:33:13.6723914Z ##[endgroup]
Stage 2 · Pull New URLs	Set up Python	2026-04-14T16:33:13.8044381Z ##[group]Installed versions
Stage 2 · Pull New URLs	Set up Python	2026-04-14T16:33:13.8141242Z (node:2279) [DEP0040] DeprecationWarning: The `punycode` module is deprecated. Please use a userland alternative instead.
Stage 2 · Pull New URLs	Set up Python	2026-04-14T16:33:13.8145424Z (Use `node --trace-deprecation ...` to show where the warning was created)
Stage 2 · Pull New URLs	Set up Python	2026-04-14T16:33:13.8147793Z Successfully set up CPython (3.11.15)
Stage 2 · Pull New URLs	Set up Python	2026-04-14T16:33:13.8150153Z ##[endgroup]
Stage 2 · Pull New URLs	Install dependencies	﻿2026-04-14T16:33:13.8331134Z ##[group]Run pip install requests huggingface_hub datasets
Stage 2 · Pull New URLs	Install dependencies	2026-04-14T16:33:13.8332648Z [36;1mpip install requests huggingface_hub datasets[0m
Stage 2 · Pull New URLs	Install dependencies	2026-04-14T16:33:13.8380178Z shell: /usr/bin/bash -e {0}
Stage 2 · Pull New URLs	Install dependencies	2026-04-14T16:33:13.8381033Z env:
Stage 2 · Pull New URLs	Install dependencies	2026-04-14T16:33:13.8381705Z   FORCE_JAVASCRIPT_ACTIONS_TO_NODE24: true
Stage 2 · Pull New URLs	Install dependencies	2026-04-14T16:33:13.8382989Z   pythonLocation: /opt/hostedtoolcache/Python/3.11.15/x64
Stage 2 · Pull New URLs	Install dependencies	2026-04-14T16:33:13.8384931Z   PKG_CONFIG_PATH: /opt/hostedtoolcache/Python/3.11.15/x64/lib/pkgconfig
Stage 2 · Pull New URLs	Install dependencies	2026-04-14T16:33:13.8386557Z   Python_ROOT_DIR: /opt/hostedtoolcache/Python/3.11.15/x64
Stage 2 · Pull New URLs	Install dependencies	2026-04-14T16:33:13.8387970Z   Python2_ROOT_DIR: /opt/hostedtoolcache/Python/3.11.15/x64
Stage 2 · Pull New URLs	Install dependencies	2026-04-14T16:33:13.8389362Z   Python3_ROOT_DIR: /opt/hostedtoolcache/Python/3.11.15/x64
Stage 2 · Pull New URLs	Install dependencies	2026-04-14T16:33:13.8390771Z   LD_LIBRARY_PATH: /opt/hostedtoolcache/Python/3.11.15/x64/lib
Stage 2 · Pull New URLs	Install dependencies	2026-04-14T16:33:13.8391928Z ##[endgroup]
Stage 2 · Pull New URLs	Install dependencies	2026-04-14T16:33:14.6254929Z Collecting requests
Stage 2 · Pull New URLs	Install dependencies	2026-04-14T16:33:14.6793487Z   Downloading requests-2.33.1-py3-none-any.whl.metadata (4.8 kB)
Stage 2 · Pull New URLs	Install dependencies	2026-04-14T16:33:14.7273117Z Collecting huggingface_hub
Stage 2 · Pull New URLs	Install dependencies	2026-04-14T16:33:14.7302319Z   Downloading huggingface_hub-1.10.2-py3-none-any.whl.metadata (14 kB)
Stage 2 · Pull New URLs	Install dependencies	2026-04-14T16:33:14.7741527Z Collecting datasets
Stage 2 · Pull New URLs	Install dependencies	2026-04-14T16:33:14.7770292Z   Downloading datasets-4.8.4-py3-none-any.whl.metadata (19 kB)
Stage 2 · Pull New URLs	Install dependencies	2026-04-14T16:33:14.8831805Z Collecting charset_normalizer<4,>=2 (from requests)
Stage 2 · Pull New URLs	Install dependencies	2026-04-14T16:33:14.8866873Z   Downloading charset_normalizer-3.4.7-cp311-cp311-manylinux2014_x86_64.manylinux_2_17_x86_64.manylinux_2_28_x86_64.whl.metadata (40 kB)
Stage 2 · Pull New URLs	Install dependencies	2026-04-14T16:33:14.9055155Z Collecting idna<4,>=2.5 (from requests)
Stage 2 · Pull New URLs	Install dependencies	2026-04-14T16:33:14.9085050Z   Downloading idna-3.11-py3-none-any.whl.metadata (8.4 kB)
Stage 2 · Pull New URLs	Install dependencies	2026-04-14T16:33:14.9282538Z Collecting urllib3<3,>=1.26 (from requests)
Stage 2 · Pull New URLs	Install dependencies	2026-04-14T16:33:14.9309274Z   Downloading urllib3-2.6.3-py3-none-any.whl.metadata (6.9 kB)
Stage 2 · Pull New URLs	Install dependencies	2026-04-14T16:33:14.9469270Z Collecting certifi>=2023.5.7 (from requests)
Stage 2 · Pull New URLs	Install dependencies	2026-04-14T16:33:14.9495437Z   Downloading certifi-2026.2.25-py3-none-any.whl.metadata (2.5 kB)
Stage 2 · Pull New URLs	Install dependencies	2026-04-14T16:33:14.9685594Z Collecting filelock>=3.10.0 (from huggingface_hub)
Stage 2 · Pull New URLs	Install dependencies	2026-04-14T16:33:14.9715544Z   Downloading filelock-3.25.2-py3-none-any.whl.metadata (2.0 kB)
Stage 2 · Pull New URLs	Install dependencies	2026-04-14T16:33:14.9891864Z Collecting fsspec>=2023.5.0 (from huggingface_hub)
Stage 2 · Pull New URLs	Install dependencies	2026-04-14T16:33:14.9919610Z   Downloading fsspec-2026.3.0-py3-none-any.whl.metadata (10 kB)
Stage 2 · Pull New URLs	Install dependencies	2026-04-14T16:33:15.0583876Z Collecting hf-xet<2.0.0,>=1.4.3 (from huggingface_hub)
Stage 2 · Pull New URLs	Install dependencies	2026-04-14T16:33:15.0616679Z   Downloading hf_xet-1.4.3-cp37-abi3-manylinux2014_x86_64.manylinux_2_17_x86_64.whl.metadata (4.9 kB)
Stage 2 · Pull New URLs	Install dependencies	2026-04-14T16:33:15.0770829Z Collecting httpx<1,>=0.23.0 (from huggingface_hub)
Stage 2 · Pull New URLs	Install dependencies	2026-04-14T16:33:15.0806750Z   Downloading httpx-0.28.1-py3-none-any.whl.metadata (7.1 kB)
Stage 2 · Pull New URLs	Install dependencies	2026-04-14T16:33:15.0956166Z Collecting packaging>=20.9 (from huggingface_hub)
Stage 2 · Pull New URLs	Install dependencies	2026-04-14T16:33:15.0983720Z   Downloading packaging-26.0-py3-none-any.whl.metadata (3.3 kB)
Stage 2 · Pull New URLs	Install dependencies	2026-04-14T16:33:15.1318762Z Collecting pyyaml>=5.1 (from huggingface_hub)
Stage 2 · Pull New URLs	Install dependencies	2026-04-14T16:33:15.1348419Z   Downloading pyyaml-6.0.3-cp311-cp311-manylinux2014_x86_64.manylinux_2_17_x86_64.manylinux_2_28_x86_64.whl.metadata (2.4 kB)
Stage 2 · Pull New URLs	Install dependencies	2026-04-14T16:33:15.1601269Z Collecting tqdm>=4.42.1 (from huggingface_hub)
Stage 2 · Pull New URLs	Install dependencies	2026-04-14T16:33:15.1631118Z   Downloading tqdm-4.67.3-py3-none-any.whl.metadata (57 kB)
Stage 2 · Pull New URLs	Install dependencies	2026-04-14T16:33:15.1867661Z Collecting typer (from huggingface_hub)
Stage 2 · Pull New URLs	Install dependencies	2026-04-14T16:33:15.1899466Z   Downloading typer-0.24.1-py3-none-any.whl.metadata (16 kB)
Stage 2 · Pull New URLs	Install dependencies	2026-04-14T16:33:15.2057348Z Collecting typing-extensions>=4.1.0 (from huggingface_hub)
Stage 2 · Pull New URLs	Install dependencies	2026-04-14T16:33:15.2149440Z   Downloading typing_extensions-4.15.0-py3-none-any.whl.metadata (3.3 kB)
Stage 2 · Pull New URLs	Install dependencies	2026-04-14T16:33:15.2271383Z Collecting anyio (from httpx<1,>=0.23.0->huggingface_hub)
Stage 2 · Pull New URLs	Install dependencies	2026-04-14T16:33:15.2300965Z   Downloading anyio-4.13.0-py3-none-any.whl.metadata (4.5 kB)
Stage 2 · Pull New URLs	Install dependencies	2026-04-14T16:33:15.2465394Z Collecting httpcore==1.* (from httpx<1,>=0.23.0->huggingface_hub)
Stage 2 · Pull New URLs	Install dependencies	2026-04-14T16:33:15.2511370Z   Downloading httpcore-1.0.9-py3-none-any.whl.metadata (21 kB)
Stage 2 · Pull New URLs	Install dependencies	2026-04-14T16:33:15.2636458Z Collecting h11>=0.16 (from httpcore==1.*->httpx<1,>=0.23.0->huggingface_hub)
Stage 2 · Pull New URLs	Install dependencies	2026-04-14T16:33:15.2666178Z   Downloading h11-0.16.0-py3-none-any.whl.metadata (8.3 kB)
Stage 2 · Pull New URLs	Install dependencies	2026-04-14T16:33:15.4561860Z Collecting numpy>=1.17 (from datasets)
Stage 2 · Pull New URLs	Install dependencies	2026-04-14T16:33:15.4595094Z   Downloading numpy-2.4.4-cp311-cp311-manylinux_2_27_x86_64.manylinux_2_28_x86_64.whl.metadata (6.6 kB)
Stage 2 · Pull New URLs	Install dependencies	2026-04-14T16:33:15.5312831Z Collecting pyarrow>=21.0.0 (from datasets)
Stage 2 · Pull New URLs	Install dependencies	2026-04-14T16:33:15.5343529Z   Downloading pyarrow-23.0.1-cp311-cp311-manylinux_2_28_x86_64.whl.metadata (3.1 kB)
Stage 2 · Pull New URLs	Install dependencies	2026-04-14T16:33:15.5463129Z Collecting dill<0.4.2,>=0.3.0 (from datasets)
Stage 2 · Pull New URLs	Install dependencies	2026-04-14T16:33:15.5493021Z   Downloading dill-0.4.1-py3-none-any.whl.metadata (10 kB)
Stage 2 · Pull New URLs	Install dependencies	2026-04-14T16:33:15.6499562Z Collecting pandas (from datasets)
Stage 2 · Pull New URLs	Install dependencies	2026-04-14T16:33:15.6529724Z   Downloading pandas-3.0.2-cp311-cp311-manylinux_2_24_x86_64.manylinux_2_28_x86_64.whl.metadata (79 kB)
Stage 2 · Pull New URLs	Install dependencies	2026-04-14T16:33:15.7448382Z Collecting xxhash (from datasets)
Stage 2 · Pull New URLs	Install dependencies	2026-04-14T16:33:15.7487597Z   Downloading xxhash-3.6.0-cp311-cp311-manylinux2014_x86_64.manylinux_2_17_x86_64.manylinux_2_28_x86_64.whl.metadata (13 kB)
Stage 2 · Pull New URLs	Install dependencies	2026-04-14T16:33:15.7693381Z Collecting multiprocess<0.70.20 (from datasets)
Stage 2 · Pull New URLs	Install dependencies	2026-04-14T16:33:15.7721861Z   Downloading multiprocess-0.70.19-py311-none-any.whl.metadata (7.5 kB)
Stage 2 · Pull New URLs	Install dependencies	2026-04-14T16:33:15.7789274Z Collecting fsspec>=2023.5.0 (from huggingface_hub)
Stage 2 · Pull New URLs	Install dependencies	2026-04-14T16:33:15.7830414Z   Downloading fsspec-2026.2.0-py3-none-any.whl.metadata (10 kB)
Stage 2 · Pull New URLs	Install dependencies	2026-04-14T16:33:16.3063906Z Collecting aiohttp!=4.0.0a0,!=4.0.0a1 (from fsspec[http]<=2026.2.0,>=2023.1.0->datasets)
Stage 2 · Pull New URLs	Install dependencies	2026-04-14T16:33:16.3094934Z   Downloading aiohttp-3.13.5-cp311-cp311-manylinux2014_x86_64.manylinux_2_17_x86_64.manylinux_2_28_x86_64.whl.metadata (8.1 kB)
Stage 2 · Pull New URLs	Install dependencies	2026-04-14T16:33:16.3254161Z Collecting aiohappyeyeballs>=2.5.0 (from aiohttp!=4.0.0a0,!=4.0.0a1->fsspec[http]<=2026.2.0,>=2023.1.0->datasets)
Stage 2 · Pull New URLs	Install dependencies	2026-04-14T16:33:16.3281840Z   Downloading aiohappyeyeballs-2.6.1-py3-none-any.whl.metadata (5.9 kB)
Stage 2 · Pull New URLs	Install dependencies	2026-04-14T16:33:16.3382031Z Collecting aiosignal>=1.4.0 (from aiohttp!=4.0.0a0,!=4.0.0a1->fsspec[http]<=2026.2.0,>=2023.1.0->datasets)
Stage 2 · Pull New URLs	Install dependencies	2026-04-14T16:33:16.3411086Z   Downloading aiosignal-1.4.0-py3-none-any.whl.metadata (3.7 kB)
Stage 2 · Pull New URLs	Install dependencies	2026-04-14T16:33:16.3573050Z Collecting attrs>=17.3.0 (from aiohttp!=4.0.0a0,!=4.0.0a1->fsspec[http]<=2026.2.0,>=2023.1.0->datasets)
Stage 2 · Pull New URLs	Install dependencies	2026-04-14T16:33:16.3599124Z   Downloading attrs-26.1.0-py3-none-any.whl.metadata (8.8 kB)
Stage 2 · Pull New URLs	Install dependencies	2026-04-14T16:33:16.4205477Z Collecting frozenlist>=1.1.1 (from aiohttp!=4.0.0a0,!=4.0.0a1->fsspec[http]<=2026.2.0,>=2023.1.0->datasets)
Stage 2 · Pull New URLs	Install dependencies	2026-04-14T16:33:16.4237698Z   Downloading frozenlist-1.8.0-cp311-cp311-manylinux1_x86_64.manylinux_2_28_x86_64.manylinux_2_5_x86_64.whl.metadata (20 kB)
Stage 2 · Pull New URLs	Install dependencies	2026-04-14T16:33:16.6258911Z Collecting multidict<7.0,>=4.5 (from aiohttp!=4.0.0a0,!=4.0.0a1->fsspec[http]<=2026.2.0,>=2023.1.0->datasets)
Stage 2 · Pull New URLs	Install dependencies	2026-04-14T16:33:16.6292384Z   Downloading multidict-6.7.1-cp311-cp311-manylinux2014_x86_64.manylinux_2_17_x86_64.manylinux_2_28_x86_64.whl.metadata (5.3 kB)
Stage 2 · Pull New URLs	Install dependencies	2026-04-14T16:33:16.6782825Z Collecting propcache>=0.2.0 (from aiohttp!=4.0.0a0,!=4.0.0a1->fsspec[http]<=2026.2.0,>=2023.1.0->datasets)
Stage 2 · Pull New URLs	Install dependencies	2026-04-14T16:33:16.6812393Z   Downloading propcache-0.4.1-cp311-cp311-manylinux2014_x86_64.manylinux_2_17_x86_64.manylinux_2_28_x86_64.whl.metadata (13 kB)
Stage 2 · Pull New URLs	Install dependencies	2026-04-14T16:33:16.9526361Z Collecting yarl<2.0,>=1.17.0 (from aiohttp!=4.0.0a0,!=4.0.0a1->fsspec[http]<=2026.2.0,>=2023.1.0->datasets)
Stage 2 · Pull New URLs	Install dependencies	2026-04-14T16:33:16.9561367Z   Downloading yarl-1.23.0-cp311-cp311-manylinux2014_x86_64.manylinux_2_17_x86_64.manylinux_2_28_x86_64.whl.metadata (79 kB)
Stage 2 · Pull New URLs	Install dependencies	2026-04-14T16:33:16.9939111Z Collecting python-dateutil>=2.8.2 (from pandas->datasets)
Stage 2 · Pull New URLs	Install dependencies	2026-04-14T16:33:16.9969912Z   Downloading python_dateutil-2.9.0.post0-py2.py3-none-any.whl.metadata (8.4 kB)
Stage 2 · Pull New URLs	Install dependencies	2026-04-14T16:33:17.0100863Z Collecting six>=1.5 (from python-dateutil>=2.8.2->pandas->datasets)
Stage 2 · Pull New URLs	Install dependencies	2026-04-14T16:33:17.0129494Z   Downloading six-1.17.0-py2.py3-none-any.whl.metadata (1.7 kB)
Stage 2 · Pull New URLs	Install dependencies	2026-04-14T16:33:17.0284683Z Collecting click>=8.2.1 (from typer->huggingface_hub)
Stage 2 · Pull New URLs	Install dependencies	2026-04-14T16:33:17.0313515Z   Downloading click-8.3.2-py3-none-any.whl.metadata (2.6 kB)
Stage 2 · Pull New URLs	Install dependencies	2026-04-14T16:33:17.0429111Z Collecting shellingham>=1.3.0 (from typer->huggingface_hub)
Stage 2 · Pull New URLs	Install dependencies	2026-04-14T16:33:17.0460402Z   Downloading shellingham-1.5.4-py2.py3-none-any.whl.metadata (3.5 kB)
Stage 2 · Pull New URLs	Install dependencies	2026-04-14T16:33:17.0742825Z Collecting rich>=12.3.0 (from typer->huggingface_hub)
Stage 2 · Pull New URLs	Install dependencies	2026-04-14T16:33:17.0770228Z   Downloading rich-15.0.0-py3-none-any.whl.metadata (18 kB)
Stage 2 · Pull New URLs	Install dependencies	2026-04-14T16:33:17.0886544Z Collecting annotated-doc>=0.0.2 (from typer->huggingface_hub)
Stage 2 · Pull New URLs	Install dependencies	2026-04-14T16:33:17.0915552Z   Downloading annotated_doc-0.0.4-py3-none-any.whl.metadata (6.6 kB)
Stage 2 · Pull New URLs	Install dependencies	2026-04-14T16:33:17.1066601Z Collecting markdown-it-py>=2.2.0 (from rich>=12.3.0->typer->huggingface_hub)
Stage 2 · Pull New URLs	Install dependencies	2026-04-14T16:33:17.1096105Z   Downloading markdown_it_py-4.0.0-py3-none-any.whl.metadata (7.3 kB)
Stage 2 · Pull New URLs	Install dependencies	2026-04-14T16:33:17.1284837Z Collecting pygments<3.0.0,>=2.13.0 (from rich>=12.3.0->typer->huggingface_hub)
Stage 2 · Pull New URLs	Install dependencies	2026-04-14T16:33:17.1315720Z   Downloading pygments-2.20.0-py3-none-any.whl.metadata (2.5 kB)
Stage 2 · Pull New URLs	Install dependencies	2026-04-14T16:33:17.1436213Z Collecting mdurl~=0.1 (from markdown-it-py>=2.2.0->rich>=12.3.0->typer->huggingface_hub)
Stage 2 · Pull New URLs	Install dependencies	2026-04-14T16:33:17.1468317Z   Downloading mdurl-0.1.2-py3-none-any.whl.metadata (1.6 kB)
Stage 2 · Pull New URLs	Install dependencies	2026-04-14T16:33:17.1547202Z Downloading requests-2.33.1-py3-none-any.whl (64 kB)
Stage 2 · Pull New URLs	Install dependencies	2026-04-14T16:33:17.1600939Z Downloading charset_normalizer-3.4.7-cp311-cp311-manylinux2014_x86_64.manylinux_2_17_x86_64.manylinux_2_28_x86_64.whl (214 kB)
Stage 2 · Pull New URLs	Install dependencies	2026-04-14T16:33:17.1667265Z Downloading idna-3.11-py3-none-any.whl (71 kB)
Stage 2 · Pull New URLs	Install dependencies	2026-04-14T16:33:17.1719948Z Downloading urllib3-2.6.3-py3-none-any.whl (131 kB)
Stage 2 · Pull New URLs	Install dependencies	2026-04-14T16:33:17.1777070Z Downloading huggingface_hub-1.10.2-py3-none-any.whl (642 kB)
Stage 2 · Pull New URLs	Install dependencies	2026-04-14T16:33:17.1852797Z    ━━━━━━━━━━━━━━━━━━━━━━━━━━━━━━━━━━━━━━━━ 642.6/642.6 kB 92.3 MB/s  0:00:00
Stage 2 · Pull New URLs	Install dependencies	2026-04-14T16:33:17.1885117Z Downloading hf_xet-1.4.3-cp37-abi3-manylinux2014_x86_64.manylinux_2_17_x86_64.whl (4.2 MB)
Stage 2 · Pull New URLs	Install dependencies	2026-04-14T16:33:17.2089493Z    ━━━━━━━━━━━━━━━━━━━━━━━━━━━━━━━━━━━━━━━━ 4.2/4.2 MB 216.3 MB/s  0:00:00
Stage 2 · Pull New URLs	Install dependencies	2026-04-14T16:33:17.2121959Z Downloading httpx-0.28.1-py3-none-any.whl (73 kB)
Stage 2 · Pull New URLs	Install dependencies	2026-04-14T16:33:17.2303152Z Downloading httpcore-1.0.9-py3-none-any.whl (78 kB)
Stage 2 · Pull New URLs	Install dependencies	2026-04-14T16:33:17.2577472Z Downloading datasets-4.8.4-py3-none-any.whl (526 kB)
Stage 2 · Pull New URLs	Install dependencies	2026-04-14T16:33:17.3898357Z    ━━━━━━━━━━━━━━━━━━━━━━━━━━━━━━━━━━━━━━━━ 527.0/527.0 kB 2.0 MB/s  0:00:00
Stage 2 · Pull New URLs	Install dependencies	2026-04-14T16:33:17.3930217Z Downloading dill-0.4.1-py3-none-any.whl (120 kB)
Stage 2 · Pull New URLs	Install dependencies	2026-04-14T16:33:17.3984710Z Downloading fsspec-2026.2.0-py3-none-any.whl (202 kB)
Stage 2 · Pull New URLs	Install dependencies	2026-04-14T16:33:17.4050563Z Downloading multiprocess-0.70.19-py311-none-any.whl (144 kB)
Stage 2 · Pull New URLs	Install dependencies	2026-04-14T16:33:17.4111267Z Downloading aiohttp-3.13.5-cp311-cp311-manylinux2014_x86_64.manylinux_2_17_x86_64.manylinux_2_28_x86_64.whl (1.8 MB)
Stage 2 · Pull New URLs	Install dependencies	2026-04-14T16:33:17.4220146Z    ━━━━━━━━━━━━━━━━━━━━━━━━━━━━━━━━━━━━━━━━ 1.8/1.8 MB 176.3 MB/s  0:00:00
Stage 2 · Pull New URLs	Install dependencies	2026-04-14T16:33:17.4252195Z Downloading multidict-6.7.1-cp311-cp311-manylinux2014_x86_64.manylinux_2_17_x86_64.manylinux_2_28_x86_64.whl (246 kB)
Stage 2 · Pull New URLs	Install dependencies	2026-04-14T16:33:17.4306807Z Downloading yarl-1.23.0-cp311-cp311-manylinux2014_x86_64.manylinux_2_17_x86_64.manylinux_2_28_x86_64.whl (102 kB)
Stage 2 · Pull New URLs	Install dependencies	2026-04-14T16:33:17.4361715Z Downloading aiohappyeyeballs-2.6.1-py3-none-any.whl (15 kB)
Stage 2 · Pull New URLs	Install dependencies	2026-04-14T16:33:17.4410000Z Downloading aiosignal-1.4.0-py3-none-any.whl (7.5 kB)
Stage 2 · Pull New URLs	Install dependencies	2026-04-14T16:33:17.4460493Z Downloading attrs-26.1.0-py3-none-any.whl (67 kB)
Stage 2 · Pull New URLs	Install dependencies	2026-04-14T16:33:17.4512079Z Downloading certifi-2026.2.25-py3-none-any.whl (153 kB)
Stage 2 · Pull New URLs	Install dependencies	2026-04-14T16:33:17.4565218Z Downloading filelock-3.25.2-py3-none-any.whl (26 kB)
Stage 2 · Pull New URLs	Install dependencies	2026-04-14T16:33:17.4616482Z Downloading frozenlist-1.8.0-cp311-cp311-manylinux1_x86_64.manylinux_2_28_x86_64.manylinux_2_5_x86_64.whl (231 kB)
Stage 2 · Pull New URLs	Install dependencies	2026-04-14T16:33:17.4674245Z Downloading h11-0.16.0-py3-none-any.whl (37 kB)
Stage 2 · Pull New URLs	Install dependencies	2026-04-14T16:33:17.4742546Z Downloading numpy-2.4.4-cp311-cp311-manylinux_2_27_x86_64.manylinux_2_28_x86_64.whl (16.9 MB)
Stage 2 · Pull New URLs	Install dependencies	2026-04-14T16:33:17.5469801Z    ━━━━━━━━━━━━━━━━━━━━━━━━━━━━━━━━━━━━━━━━ 16.9/16.9 MB 236.7 MB/s  0:00:00
Stage 2 · Pull New URLs	Install dependencies	2026-04-14T16:33:17.5501918Z Downloading packaging-26.0-py3-none-any.whl (74 kB)
Stage 2 · Pull New URLs	Install dependencies	2026-04-14T16:33:17.5557596Z Downloading propcache-0.4.1-cp311-cp311-manylinux2014_x86_64.manylinux_2_17_x86_64.manylinux_2_28_x86_64.whl (210 kB)
Stage 2 · Pull New URLs	Install dependencies	2026-04-14T16:33:17.5612135Z Downloading pyarrow-23.0.1-cp311-cp311-manylinux_2_28_x86_64.whl (47.6 MB)
Stage 2 · Pull New URLs	Install dependencies	2026-04-14T16:33:17.7646287Z    ━━━━━━━━━━━━━━━━━━━━━━━━━━━━━━━━━━━━━━━━ 47.6/47.6 MB 235.4 MB/s  0:00:00
Stage 2 · Pull New URLs	Install dependencies	2026-04-14T16:33:17.7679756Z Downloading pyyaml-6.0.3-cp311-cp311-manylinux2014_x86_64.manylinux_2_17_x86_64.manylinux_2_28_x86_64.whl (806 kB)
Stage 2 · Pull New URLs	Install dependencies	2026-04-14T16:33:17.7743484Z    ━━━━━━━━━━━━━━━━━━━━━━━━━━━━━━━━━━━━━━━━ 806.6/806.6 kB 127.6 MB/s  0:00:00
Stage 2 · Pull New URLs	Install dependencies	2026-04-14T16:33:17.7773603Z Downloading tqdm-4.67.3-py3-none-any.whl (78 kB)
Stage 2 · Pull New URLs	Install dependencies	2026-04-14T16:33:17.7827910Z Downloading typing_extensions-4.15.0-py3-none-any.whl (44 kB)
Stage 2 · Pull New URLs	Install dependencies	2026-04-14T16:33:17.7916035Z Downloading anyio-4.13.0-py3-none-any.whl (114 kB)
Stage 2 · Pull New URLs	Install dependencies	2026-04-14T16:33:17.7968112Z Downloading pandas-3.0.2-cp311-cp311-manylinux_2_24_x86_64.manylinux_2_28_x86_64.whl (11.3 MB)
Stage 2 · Pull New URLs	Install dependencies	2026-04-14T16:33:17.8419871Z    ━━━━━━━━━━━━━━━━━━━━━━━━━━━━━━━━━━━━━━━━ 11.3/11.3 MB 255.9 MB/s  0:00:00
Stage 2 · Pull New URLs	Install dependencies	2026-04-14T16:33:17.8449536Z Downloading python_dateutil-2.9.0.post0-py2.py3-none-any.whl (229 kB)
Stage 2 · Pull New URLs	Install dependencies	2026-04-14T16:33:17.8503554Z Downloading six-1.17.0-py2.py3-none-any.whl (11 kB)
Stage 2 · Pull New URLs	Install dependencies	2026-04-14T16:33:17.8549486Z Downloading typer-0.24.1-py3-none-any.whl (56 kB)
Stage 2 · Pull New URLs	Install dependencies	2026-04-14T16:33:17.8636248Z Downloading annotated_doc-0.0.4-py3-none-any.whl (5.3 kB)
Stage 2 · Pull New URLs	Install dependencies	2026-04-14T16:33:17.8683738Z Downloading click-8.3.2-py3-none-any.whl (108 kB)
Stage 2 · Pull New URLs	Install dependencies	2026-04-14T16:33:17.8740165Z Downloading rich-15.0.0-py3-none-any.whl (310 kB)
Stage 2 · Pull New URLs	Install dependencies	2026-04-14T16:33:17.8854154Z Downloading pygments-2.20.0-py3-none-any.whl (1.2 MB)
Stage 2 · Pull New URLs	Install dependencies	2026-04-14T16:33:17.8943941Z    ━━━━━━━━━━━━━━━━━━━━━━━━━━━━━━━━━━━━━━━━ 1.2/1.2 MB 176.9 MB/s  0:00:00
Stage 2 · Pull New URLs	Install dependencies	2026-04-14T16:33:17.8972231Z Downloading markdown_it_py-4.0.0-py3-none-any.whl (87 kB)
Stage 2 · Pull New URLs	Install dependencies	2026-04-14T16:33:17.9022977Z Downloading mdurl-0.1.2-py3-none-any.whl (10.0 kB)
Stage 2 · Pull New URLs	Install dependencies	2026-04-14T16:33:17.9073863Z Downloading shellingham-1.5.4-py2.py3-none-any.whl (9.8 kB)
Stage 2 · Pull New URLs	Install dependencies	2026-04-14T16:33:17.9128863Z Downloading xxhash-3.6.0-cp311-cp311-manylinux2014_x86_64.manylinux_2_17_x86_64.manylinux_2_28_x86_64.whl (193 kB)
Stage 2 · Pull New URLs	Install dependencies	2026-04-14T16:33:18.1141919Z Installing collected packages: xxhash, urllib3, typing-extensions, tqdm, six, shellingham, pyyaml, pygments, pyarrow, propcache, packaging, numpy, multidict, mdurl, idna, hf-xet, h11, fsspec, frozenlist, filelock, dill, click, charset_normalizer, certifi, attrs, annotated-doc, aiohappyeyeballs, yarl, requests, python-dateutil, multiprocess, markdown-it-py, httpcore, anyio, aiosignal, rich, pandas, httpx, aiohttp, typer, huggingface_hub, datasets
Stage 2 · Pull New URLs	Install dependencies	2026-04-14T16:33:28.1919442Z 
Stage 2 · Pull New URLs	Install dependencies	2026-04-14T16:33:28.1942411Z Successfully installed aiohappyeyeballs-2.6.1 aiohttp-3.13.5 aiosignal-1.4.0 annotated-doc-0.0.4 anyio-4.13.0 attrs-26.1.0 certifi-2026.2.25 charset_normalizer-3.4.7 click-8.3.2 datasets-4.8.4 dill-0.4.1 filelock-3.25.2 frozenlist-1.8.0 fsspec-2026.2.0 h11-0.16.0 hf-xet-1.4.3 httpcore-1.0.9 httpx-0.28.1 huggingface_hub-1.10.2 idna-3.11 markdown-it-py-4.0.0 mdurl-0.1.2 multidict-6.7.1 multiprocess-0.70.19 numpy-2.4.4 packaging-26.0 pandas-3.0.2 propcache-0.4.1 pyarrow-23.0.1 pygments-2.20.0 python-dateutil-2.9.0.post0 pyyaml-6.0.3 requests-2.33.1 rich-15.0.0 shellingham-1.5.4 six-1.17.0 tqdm-4.67.3 typer-0.24.1 typing-extensions-4.15.0 urllib3-2.6.3 xxhash-3.6.0 yarl-1.23.0
Stage 2 · Pull New URLs	Run Crawler	﻿2026-04-14T16:33:28.5809473Z ##[group]Run python scripts/pull_new_urls.py
Stage 2 · Pull New URLs	Run Crawler	2026-04-14T16:33:28.5809834Z [36;1mpython scripts/pull_new_urls.py[0m
Stage 2 · Pull New URLs	Run Crawler	2026-04-14T16:33:28.5832503Z shell: /usr/bin/bash -e {0}
Stage 2 · Pull New URLs	Run Crawler	2026-04-14T16:33:28.5832743Z env:
Stage 2 · Pull New URLs	Run Crawler	2026-04-14T16:33:28.5832942Z   FORCE_JAVASCRIPT_ACTIONS_TO_NODE24: true
Stage 2 · Pull New URLs	Run Crawler	2026-04-14T16:33:28.5833280Z   pythonLocation: /opt/hostedtoolcache/Python/3.11.15/x64
Stage 2 · Pull New URLs	Run Crawler	2026-04-14T16:33:28.5833686Z   PKG_CONFIG_PATH: /opt/hostedtoolcache/Python/3.11.15/x64/lib/pkgconfig
Stage 2 · Pull New URLs	Run Crawler	2026-04-14T16:33:28.5834089Z   Python_ROOT_DIR: /opt/hostedtoolcache/Python/3.11.15/x64
Stage 2 · Pull New URLs	Run Crawler	2026-04-14T16:33:28.5834667Z   Python2_ROOT_DIR: /opt/hostedtoolcache/Python/3.11.15/x64
Stage 2 · Pull New URLs	Run Crawler	2026-04-14T16:33:28.5835027Z   Python3_ROOT_DIR: /opt/hostedtoolcache/Python/3.11.15/x64
Stage 2 · Pull New URLs	Run Crawler	2026-04-14T16:33:28.5835389Z   LD_LIBRARY_PATH: /opt/hostedtoolcache/Python/3.11.15/x64/lib
Stage 2 · Pull New URLs	Run Crawler	2026-04-14T16:33:28.5835882Z   HF_TOKEN: ***
Stage 2 · Pull New URLs	Run Crawler	2026-04-14T16:33:28.5836067Z ##[endgroup]
Stage 2 · Pull New URLs	Run Crawler	2026-04-14T16:33:28.8434189Z 2026-04-14 16:33:28,843 [INFO] Target date: 2026-04-13
Stage 2 · Pull New URLs	Run Crawler	2026-04-14T16:33:28.8435263Z 2026-04-14 16:33:28,843 [INFO] Processing sunspot...
Stage 2 · Pull New URLs	Run Crawler	2026-04-14T16:33:29.2680617Z 2026-04-14 16:33:29,267 [INFO] 96 records saved for sunspot (IDs sp-2759 → sp-2854)
Stage 2 · Pull New URLs	Run Crawler	2026-04-14T16:33:29.2681437Z 2026-04-14 16:33:29,267 [INFO] Processing magnetogram...
Stage 2 · Pull New URLs	Run Crawler	2026-04-14T16:33:29.5010240Z 2026-04-14 16:33:29,500 [INFO] 96 records saved for magnetogram (IDs mg-2759 → mg-2854)
Stage 2 · Pull New URLs	Upload Pull Results	﻿2026-04-14T16:33:29.5252861Z ##[group]Run actions/upload-artifact@v4
Stage 2 · Pull New URLs	Upload Pull Results	2026-04-14T16:33:29.5253165Z with:
Stage 2 · Pull New URLs	Upload Pull Results	2026-04-14T16:33:29.5253352Z   name: fresh-task-data
Stage 2 · Pull New URLs	Upload Pull Results	2026-04-14T16:33:29.5253573Z   path: data_processing/*.jsonl
Stage 2 · Pull New URLs	Upload Pull Results	2026-04-14T16:33:29.5253819Z   if-no-files-found: warn
Stage 2 · Pull New URLs	Upload Pull Results	2026-04-14T16:33:29.5254036Z   compression-level: 6
Stage 2 · Pull New URLs	Upload Pull Results	2026-04-14T16:33:29.5254475Z   overwrite: false
Stage 2 · Pull New URLs	Upload Pull Results	2026-04-14T16:33:29.5254683Z   include-hidden-files: false
Stage 2 · Pull New URLs	Upload Pull Results	2026-04-14T16:33:29.5254899Z env:
Stage 2 · Pull New URLs	Upload Pull Results	2026-04-14T16:33:29.5255093Z   FORCE_JAVASCRIPT_ACTIONS_TO_NODE24: true
Stage 2 · Pull New URLs	Upload Pull Results	2026-04-14T16:33:29.5255444Z   pythonLocation: /opt/hostedtoolcache/Python/3.11.15/x64
Stage 2 · Pull New URLs	Upload Pull Results	2026-04-14T16:33:29.5255861Z   PKG_CONFIG_PATH: /opt/hostedtoolcache/Python/3.11.15/x64/lib/pkgconfig
Stage 2 · Pull New URLs	Upload Pull Results	2026-04-14T16:33:29.5256269Z   Python_ROOT_DIR: /opt/hostedtoolcache/Python/3.11.15/x64
Stage 2 · Pull New URLs	Upload Pull Results	2026-04-14T16:33:29.5256628Z   Python2_ROOT_DIR: /opt/hostedtoolcache/Python/3.11.15/x64
Stage 2 · Pull New URLs	Upload Pull Results	2026-04-14T16:33:29.5256995Z   Python3_ROOT_DIR: /opt/hostedtoolcache/Python/3.11.15/x64
Stage 2 · Pull New URLs	Upload Pull Results	2026-04-14T16:33:29.5257361Z   LD_LIBRARY_PATH: /opt/hostedtoolcache/Python/3.11.15/x64/lib
Stage 2 · Pull New URLs	Upload Pull Results	2026-04-14T16:33:29.5257691Z ##[endgroup]
Stage 2 · Pull New URLs	Upload Pull Results	2026-04-14T16:33:29.6788993Z (node:2360) [DEP0040] DeprecationWarning: The `punycode` module is deprecated. Please use a userland alternative instead.
Stage 2 · Pull New URLs	Upload Pull Results	2026-04-14T16:33:29.6790265Z (Use `node --trace-deprecation ...` to show where the warning was created)
Stage 2 · Pull New URLs	Upload Pull Results	2026-04-14T16:33:29.6840865Z With the provided path, there will be 2 files uploaded
Stage 2 · Pull New URLs	Upload Pull Results	2026-04-14T16:33:29.6846380Z Artifact name is valid!
Stage 2 · Pull New URLs	Upload Pull Results	2026-04-14T16:33:29.6847241Z Root directory input is valid!
Stage 2 · Pull New URLs	Upload Pull Results	2026-04-14T16:33:29.9387912Z Beginning upload of artifact content to blob storage
Stage 2 · Pull New URLs	Upload Pull Results	2026-04-14T16:33:29.9604915Z (node:2360) [DEP0169] DeprecationWarning: `url.parse()` behavior is not standardized and prone to errors that have security implications. Use the WHATWG URL API instead. CVEs are not issued for `url.parse()` vulnerabilities.
Stage 2 · Pull New URLs	Upload Pull Results	2026-04-14T16:33:30.2518253Z Uploaded bytes 2511
Stage 2 · Pull New URLs	Upload Pull Results	2026-04-14T16:33:30.3324526Z Finished uploading artifact content to blob storage!
Stage 2 · Pull New URLs	Upload Pull Results	2026-04-14T16:33:30.3325601Z SHA256 digest of uploaded artifact zip is 47742147b595c714fed82945582026f0b12e631049caa59b26be36ef5b0585af
Stage 2 · Pull New URLs	Upload Pull Results	2026-04-14T16:33:30.3327731Z Finalizing artifact upload
Stage 2 · Pull New URLs	Upload Pull Results	2026-04-14T16:33:30.4951812Z Artifact fresh-task-data.zip successfully finalized. Artifact ID 6432864037
Stage 2 · Pull New URLs	Upload Pull Results	2026-04-14T16:33:30.4953244Z Artifact fresh-task-data has been successfully uploaded! Final size is 2511 bytes. Artifact ID is 6432864037
Stage 2 · Pull New URLs	Upload Pull Results	2026-04-14T16:33:30.4954899Z Artifact download URL: https://github.com/space-gen/aurora/actions/runs/24410945536/artifacts/6432864037
Stage 2 · Pull New URLs	Post Set up Python	﻿2026-04-14T16:33:30.5094695Z Post job cleanup.
Stage 2 · Pull New URLs	Post Set up Python	2026-04-14T16:33:30.6220454Z (node:2373) [DEP0040] DeprecationWarning: The `punycode` module is deprecated. Please use a userland alternative instead.
Stage 2 · Pull New URLs	Post Set up Python	2026-04-14T16:33:30.6221955Z (Use `node --trace-deprecation ...` to show where the warning was created)
Stage 2 · Pull New URLs	Post Checkout repository	﻿2026-04-14T16:33:30.6351643Z Post job cleanup.
Stage 2 · Pull New URLs	Post Checkout repository	2026-04-14T16:33:30.7121053Z [command]/usr/bin/git version
Stage 2 · Pull New URLs	Post Checkout repository	2026-04-14T16:33:30.7157056Z git version 2.53.0
Stage 2 · Pull New URLs	Post Checkout repository	2026-04-14T16:33:30.7227341Z Temporarily overriding HOME='/home/runner/work/_temp/0bd44775-1447-4de7-bb44-a94c732a47e8' before making global git config changes
Stage 2 · Pull New URLs	Post Checkout repository	2026-04-14T16:33:30.7228734Z Adding repository directory to the temporary git global config as a safe directory
Stage 2 · Pull New URLs	Post Checkout repository	2026-04-14T16:33:30.7233310Z [command]/usr/bin/git config --global --add safe.directory /home/runner/work/aurora/aurora
Stage 2 · Pull New URLs	Post Checkout repository	2026-04-14T16:33:30.7268410Z [command]/usr/bin/git config --local --name-only --get-regexp core\.sshCommand
Stage 2 · Pull New URLs	Post Checkout repository	2026-04-14T16:33:30.7301362Z [command]/usr/bin/git submodule foreach --recursive sh -c "git config --local --name-only --get-regexp 'core\.sshCommand' && git config --local --unset-all 'core.sshCommand' || :"
Stage 2 · Pull New URLs	Post Checkout repository	2026-04-14T16:33:30.7521349Z [command]/usr/bin/git config --local --name-only --get-regexp http\.https\:\/\/github\.com\/\.extraheader
Stage 2 · Pull New URLs	Post Checkout repository	2026-04-14T16:33:30.7542983Z http.https://github.com/.extraheader
Stage 2 · Pull New URLs	Post Checkout repository	2026-04-14T16:33:30.7554947Z [command]/usr/bin/git config --local --unset-all http.https://github.com/.extraheader
Stage 2 · Pull New URLs	Post Checkout repository	2026-04-14T16:33:30.7586666Z [command]/usr/bin/git submodule foreach --recursive sh -c "git config --local --name-only --get-regexp 'http\.https\:\/\/github\.com\/\.extraheader' && git config --local --unset-all 'http.https://github.com/.extraheader' || :"
Stage 2 · Pull New URLs	Post Checkout repository	2026-04-14T16:33:30.7803816Z [command]/usr/bin/git config --local --name-only --get-regexp ^includeIf\.gitdir:
Stage 2 · Pull New URLs	Post Checkout repository	2026-04-14T16:33:30.7832588Z [command]/usr/bin/git submodule foreach --recursive git config --local --show-origin --name-only --get-regexp remote.origin.url
Stage 2 · Pull New URLs	Complete job	﻿2026-04-14T16:33:30.8181738Z Cleaning up orphan processes
Stage 2 · Pull New URLs	Complete job	2026-04-14T16:33:30.8591332Z ##[warning]Node.js 20 is deprecated. The following actions target Node.js 20 but are being forced to run on Node.js 24: actions/checkout@v4, actions/setup-python@v5, actions/upload-artifact@v4. For more information see: https://github.blog/changelog/2025-09-19-deprecation-of-node-20-on-github-actions-runners/
Stage 3 · Push Annotations to HF	Set up job	﻿2026-04-14T16:33:14.4594659Z Current runner version: '2.333.1'
Stage 3 · Push Annotations to HF	Set up job	2026-04-14T16:33:14.4629481Z ##[group]Runner Image Provisioner
Stage 3 · Push Annotations to HF	Set up job	2026-04-14T16:33:14.4630771Z Hosted Compute Agent
Stage 3 · Push Annotations to HF	Set up job	2026-04-14T16:33:14.4631845Z Version: 20260213.493
Stage 3 · Push Annotations to HF	Set up job	2026-04-14T16:33:14.4632972Z Commit: 5c115507f6dd24b8de37d8bbe0bb4509d0cc0fa3
Stage 3 · Push Annotations to HF	Set up job	2026-04-14T16:33:14.4634161Z Build Date: 2026-02-13T00:28:41Z
Stage 3 · Push Annotations to HF	Set up job	2026-04-14T16:33:14.4635337Z Worker ID: {0f750adc-b5e9-4028-bfb5-f7238ab8d253}
Stage 3 · Push Annotations to HF	Set up job	2026-04-14T16:33:14.4636607Z Azure Region: centralus
Stage 3 · Push Annotations to HF	Set up job	2026-04-14T16:33:14.4637826Z ##[endgroup]
Stage 3 · Push Annotations to HF	Set up job	2026-04-14T16:33:14.4640031Z ##[group]Operating System
Stage 3 · Push Annotations to HF	Set up job	2026-04-14T16:33:14.4641072Z Ubuntu
Stage 3 · Push Annotations to HF	Set up job	2026-04-14T16:33:14.4641928Z 24.04.4
Stage 3 · Push Annotations to HF	Set up job	2026-04-14T16:33:14.4642701Z LTS
Stage 3 · Push Annotations to HF	Set up job	2026-04-14T16:33:14.4643631Z ##[endgroup]
Stage 3 · Push Annotations to HF	Set up job	2026-04-14T16:33:14.4644590Z ##[group]Runner Image
Stage 3 · Push Annotations to HF	Set up job	2026-04-14T16:33:14.4645465Z Image: ubuntu-24.04
Stage 3 · Push Annotations to HF	Set up job	2026-04-14T16:33:14.4646405Z Version: 20260406.80.1
Stage 3 · Push Annotations to HF	Set up job	2026-04-14T16:33:14.4648483Z Included Software: https://github.com/actions/runner-images/blob/ubuntu24/20260406.80/images/ubuntu/Ubuntu2404-Readme.md
Stage 3 · Push Annotations to HF	Set up job	2026-04-14T16:33:14.4651498Z Image Release: https://github.com/actions/runner-images/releases/tag/ubuntu24%2F20260406.80
Stage 3 · Push Annotations to HF	Set up job	2026-04-14T16:33:14.4653160Z ##[endgroup]
Stage 3 · Push Annotations to HF	Set up job	2026-04-14T16:33:14.4654939Z ##[group]GITHUB_TOKEN Permissions
Stage 3 · Push Annotations to HF	Set up job	2026-04-14T16:33:14.4658027Z Contents: read
Stage 3 · Push Annotations to HF	Set up job	2026-04-14T16:33:14.4658933Z Metadata: read
Stage 3 · Push Annotations to HF	Set up job	2026-04-14T16:33:14.4659861Z Packages: read
Stage 3 · Push Annotations to HF	Set up job	2026-04-14T16:33:14.4660823Z ##[endgroup]
Stage 3 · Push Annotations to HF	Set up job	2026-04-14T16:33:14.4663525Z Secret source: Actions
Stage 3 · Push Annotations to HF	Set up job	2026-04-14T16:33:14.4665160Z Prepare workflow directory
Stage 3 · Push Annotations to HF	Set up job	2026-04-14T16:33:14.5136594Z Prepare all required actions
Stage 3 · Push Annotations to HF	Set up job	2026-04-14T16:33:14.5192988Z Getting action download info
Stage 3 · Push Annotations to HF	Set up job	2026-04-14T16:33:14.9948961Z Download action repository 'actions/checkout@v4' (SHA:34e114876b0b11c390a56381ad16ebd13914f8d5)
Stage 3 · Push Annotations to HF	Set up job	2026-04-14T16:33:15.1062957Z Download action repository 'actions/setup-python@v5' (SHA:a26af69be951a213d495a4c3e4e4022e16d87065)
Stage 3 · Push Annotations to HF	Set up job	2026-04-14T16:33:15.2832009Z Complete job name: Stage 3 · Push Annotations to HF
Stage 3 · Push Annotations to HF	Checkout repository	﻿2026-04-14T16:33:15.3585823Z ##[group]Run actions/checkout@v4
Stage 3 · Push Annotations to HF	Checkout repository	2026-04-14T16:33:15.3586810Z with:
Stage 3 · Push Annotations to HF	Checkout repository	2026-04-14T16:33:15.3587787Z   repository: space-gen/aurora
Stage 3 · Push Annotations to HF	Checkout repository	2026-04-14T16:33:15.3588597Z   token: ***
Stage 3 · Push Annotations to HF	Checkout repository	2026-04-14T16:33:15.3589037Z   ssh-strict: true
Stage 3 · Push Annotations to HF	Checkout repository	2026-04-14T16:33:15.3589477Z   ssh-user: git
Stage 3 · Push Annotations to HF	Checkout repository	2026-04-14T16:33:15.3589918Z   persist-credentials: true
Stage 3 · Push Annotations to HF	Checkout repository	2026-04-14T16:33:15.3590415Z   clean: true
Stage 3 · Push Annotations to HF	Checkout repository	2026-04-14T16:33:15.3590855Z   sparse-checkout-cone-mode: true
Stage 3 · Push Annotations to HF	Checkout repository	2026-04-14T16:33:15.3591382Z   fetch-depth: 1
Stage 3 · Push Annotations to HF	Checkout repository	2026-04-14T16:33:15.3591822Z   fetch-tags: false
Stage 3 · Push Annotations to HF	Checkout repository	2026-04-14T16:33:15.3592258Z   show-progress: true
Stage 3 · Push Annotations to HF	Checkout repository	2026-04-14T16:33:15.3592710Z   lfs: false
Stage 3 · Push Annotations to HF	Checkout repository	2026-04-14T16:33:15.3593112Z   submodules: false
Stage 3 · Push Annotations to HF	Checkout repository	2026-04-14T16:33:15.3593549Z   set-safe-directory: true
Stage 3 · Push Annotations to HF	Checkout repository	2026-04-14T16:33:15.3594348Z env:
Stage 3 · Push Annotations to HF	Checkout repository	2026-04-14T16:33:15.3594797Z   FORCE_JAVASCRIPT_ACTIONS_TO_NODE24: true
Stage 3 · Push Annotations to HF	Checkout repository	2026-04-14T16:33:15.3595366Z ##[endgroup]
Stage 3 · Push Annotations to HF	Checkout repository	2026-04-14T16:33:15.4546050Z Syncing repository: space-gen/aurora
Stage 3 · Push Annotations to HF	Checkout repository	2026-04-14T16:33:15.4548458Z ##[group]Getting Git version info
Stage 3 · Push Annotations to HF	Checkout repository	2026-04-14T16:33:15.4549284Z Working directory is '/home/runner/work/aurora/aurora'
Stage 3 · Push Annotations to HF	Checkout repository	2026-04-14T16:33:15.4550284Z [command]/usr/bin/git version
Stage 3 · Push Annotations to HF	Checkout repository	2026-04-14T16:33:15.4589366Z git version 2.53.0
Stage 3 · Push Annotations to HF	Checkout repository	2026-04-14T16:33:15.4612257Z ##[endgroup]
Stage 3 · Push Annotations to HF	Checkout repository	2026-04-14T16:33:15.4629518Z Temporarily overriding HOME='/home/runner/work/_temp/d0ba9e3e-5270-4b94-ad44-2d3327789678' before making global git config changes
Stage 3 · Push Annotations to HF	Checkout repository	2026-04-14T16:33:15.4631229Z Adding repository directory to the temporary git global config as a safe directory
Stage 3 · Push Annotations to HF	Checkout repository	2026-04-14T16:33:15.4634368Z [command]/usr/bin/git config --global --add safe.directory /home/runner/work/aurora/aurora
Stage 3 · Push Annotations to HF	Checkout repository	2026-04-14T16:33:15.4671114Z Deleting the contents of '/home/runner/work/aurora/aurora'
Stage 3 · Push Annotations to HF	Checkout repository	2026-04-14T16:33:15.4675021Z ##[group]Initializing the repository
Stage 3 · Push Annotations to HF	Checkout repository	2026-04-14T16:33:15.4679595Z [command]/usr/bin/git init /home/runner/work/aurora/aurora
Stage 3 · Push Annotations to HF	Checkout repository	2026-04-14T16:33:15.4783511Z hint: Using 'master' as the name for the initial branch. This default branch name
Stage 3 · Push Annotations to HF	Checkout repository	2026-04-14T16:33:15.4785047Z hint: will change to "main" in Git 3.0. To configure the initial branch name
Stage 3 · Push Annotations to HF	Checkout repository	2026-04-14T16:33:15.4788607Z hint: to use in all of your new repositories, which will suppress this warning,
Stage 3 · Push Annotations to HF	Checkout repository	2026-04-14T16:33:15.4790352Z hint: call:
Stage 3 · Push Annotations to HF	Checkout repository	2026-04-14T16:33:15.4791032Z hint:
Stage 3 · Push Annotations to HF	Checkout repository	2026-04-14T16:33:15.4791742Z hint: 	git config --global init.defaultBranch <name>
Stage 3 · Push Annotations to HF	Checkout repository	2026-04-14T16:33:15.4792503Z hint:
Stage 3 · Push Annotations to HF	Checkout repository	2026-04-14T16:33:15.4793243Z hint: Names commonly chosen instead of 'master' are 'main', 'trunk' and
Stage 3 · Push Annotations to HF	Checkout repository	2026-04-14T16:33:15.4794331Z hint: 'development'. The just-created branch can be renamed via this command:
Stage 3 · Push Annotations to HF	Checkout repository	2026-04-14T16:33:15.4795225Z hint:
Stage 3 · Push Annotations to HF	Checkout repository	2026-04-14T16:33:15.4795794Z hint: 	git branch -m <name>
Stage 3 · Push Annotations to HF	Checkout repository	2026-04-14T16:33:15.4796469Z hint:
Stage 3 · Push Annotations to HF	Checkout repository	2026-04-14T16:33:15.4797634Z hint: Disable this message with "git config set advice.defaultBranchName false"
Stage 3 · Push Annotations to HF	Checkout repository	2026-04-14T16:33:15.4799637Z Initialized empty Git repository in /home/runner/work/aurora/aurora/.git/
Stage 3 · Push Annotations to HF	Checkout repository	2026-04-14T16:33:15.4802206Z [command]/usr/bin/git remote add origin https://github.com/space-gen/aurora
Stage 3 · Push Annotations to HF	Checkout repository	2026-04-14T16:33:15.4839486Z ##[endgroup]
Stage 3 · Push Annotations to HF	Checkout repository	2026-04-14T16:33:15.4840353Z ##[group]Disabling automatic garbage collection
Stage 3 · Push Annotations to HF	Checkout repository	2026-04-14T16:33:15.4845811Z [command]/usr/bin/git config --local gc.auto 0
Stage 3 · Push Annotations to HF	Checkout repository	2026-04-14T16:33:15.4880503Z ##[endgroup]
Stage 3 · Push Annotations to HF	Checkout repository	2026-04-14T16:33:15.4881256Z ##[group]Setting up auth
Stage 3 · Push Annotations to HF	Checkout repository	2026-04-14T16:33:15.4891787Z [command]/usr/bin/git config --local --name-only --get-regexp core\.sshCommand
Stage 3 · Push Annotations to HF	Checkout repository	2026-04-14T16:33:15.4928447Z [command]/usr/bin/git submodule foreach --recursive sh -c "git config --local --name-only --get-regexp 'core\.sshCommand' && git config --local --unset-all 'core.sshCommand' || :"
Stage 3 · Push Annotations to HF	Checkout repository	2026-04-14T16:33:15.5245354Z [command]/usr/bin/git config --local --name-only --get-regexp http\.https\:\/\/github\.com\/\.extraheader
Stage 3 · Push Annotations to HF	Checkout repository	2026-04-14T16:33:15.5283381Z [command]/usr/bin/git submodule foreach --recursive sh -c "git config --local --name-only --get-regexp 'http\.https\:\/\/github\.com\/\.extraheader' && git config --local --unset-all 'http.https://github.com/.extraheader' || :"
Stage 3 · Push Annotations to HF	Checkout repository	2026-04-14T16:33:15.5531321Z [command]/usr/bin/git config --local --name-only --get-regexp ^includeIf\.gitdir:
Stage 3 · Push Annotations to HF	Checkout repository	2026-04-14T16:33:15.5564446Z [command]/usr/bin/git submodule foreach --recursive git config --local --show-origin --name-only --get-regexp remote.origin.url
Stage 3 · Push Annotations to HF	Checkout repository	2026-04-14T16:33:15.5786188Z [command]/usr/bin/git config --local http.https://github.com/.extraheader AUTHORIZATION: basic ***
Stage 3 · Push Annotations to HF	Checkout repository	2026-04-14T16:33:15.5825828Z ##[endgroup]
Stage 3 · Push Annotations to HF	Checkout repository	2026-04-14T16:33:15.5827589Z ##[group]Fetching the repository
Stage 3 · Push Annotations to HF	Checkout repository	2026-04-14T16:33:15.5836689Z [command]/usr/bin/git -c protocol.version=2 fetch --no-tags --prune --no-recurse-submodules --depth=1 origin +ce0ffd22171b29e02189d554b50f78013be571d5:refs/remotes/origin/main
Stage 3 · Push Annotations to HF	Checkout repository	2026-04-14T16:33:15.9754118Z From https://github.com/space-gen/aurora
Stage 3 · Push Annotations to HF	Checkout repository	2026-04-14T16:33:15.9756607Z  * [new ref]         ce0ffd22171b29e02189d554b50f78013be571d5 -> origin/main
Stage 3 · Push Annotations to HF	Checkout repository	2026-04-14T16:33:15.9781366Z ##[endgroup]
Stage 3 · Push Annotations to HF	Checkout repository	2026-04-14T16:33:15.9782440Z ##[group]Determining the checkout info
Stage 3 · Push Annotations to HF	Checkout repository	2026-04-14T16:33:15.9783908Z ##[endgroup]
Stage 3 · Push Annotations to HF	Checkout repository	2026-04-14T16:33:15.9789552Z [command]/usr/bin/git sparse-checkout disable
Stage 3 · Push Annotations to HF	Checkout repository	2026-04-14T16:33:15.9827226Z [command]/usr/bin/git config --local --unset-all extensions.worktreeConfig
Stage 3 · Push Annotations to HF	Checkout repository	2026-04-14T16:33:15.9852575Z ##[group]Checking out the ref
Stage 3 · Push Annotations to HF	Checkout repository	2026-04-14T16:33:15.9857967Z [command]/usr/bin/git checkout --progress --force -B main refs/remotes/origin/main
Stage 3 · Push Annotations to HF	Checkout repository	2026-04-14T16:33:15.9967046Z Switched to a new branch 'main'
Stage 3 · Push Annotations to HF	Checkout repository	2026-04-14T16:33:15.9969247Z branch 'main' set up to track 'origin/main'.
Stage 3 · Push Annotations to HF	Checkout repository	2026-04-14T16:33:15.9976282Z ##[endgroup]
Stage 3 · Push Annotations to HF	Checkout repository	2026-04-14T16:33:16.0012568Z [command]/usr/bin/git log -1 --format=%H
Stage 3 · Push Annotations to HF	Checkout repository	2026-04-14T16:33:16.0034768Z ce0ffd22171b29e02189d554b50f78013be571d5
Stage 3 · Push Annotations to HF	Set up Python	﻿2026-04-14T16:33:16.0351987Z ##[group]Run actions/setup-python@v5
Stage 3 · Push Annotations to HF	Set up Python	2026-04-14T16:33:16.0353153Z with:
Stage 3 · Push Annotations to HF	Set up Python	2026-04-14T16:33:16.0353883Z   python-version: 3.11
Stage 3 · Push Annotations to HF	Set up Python	2026-04-14T16:33:16.0354758Z   check-latest: false
Stage 3 · Push Annotations to HF	Set up Python	2026-04-14T16:33:16.0355863Z   token: ***
Stage 3 · Push Annotations to HF	Set up Python	2026-04-14T16:33:16.0356641Z   update-environment: true
Stage 3 · Push Annotations to HF	Set up Python	2026-04-14T16:33:16.0357788Z   allow-prereleases: false
Stage 3 · Push Annotations to HF	Set up Python	2026-04-14T16:33:16.0358712Z   freethreaded: false
Stage 3 · Push Annotations to HF	Set up Python	2026-04-14T16:33:16.0359529Z env:
Stage 3 · Push Annotations to HF	Set up Python	2026-04-14T16:33:16.0360500Z   FORCE_JAVASCRIPT_ACTIONS_TO_NODE24: true
Stage 3 · Push Annotations to HF	Set up Python	2026-04-14T16:33:16.0361607Z ##[endgroup]
Stage 3 · Push Annotations to HF	Set up Python	2026-04-14T16:33:16.1643379Z ##[group]Installed versions
Stage 3 · Push Annotations to HF	Set up Python	2026-04-14T16:33:16.1739553Z (node:2272) [DEP0040] DeprecationWarning: The `punycode` module is deprecated. Please use a userland alternative instead.
Stage 3 · Push Annotations to HF	Set up Python	2026-04-14T16:33:16.1744502Z (Use `node --trace-deprecation ...` to show where the warning was created)
Stage 3 · Push Annotations to HF	Set up Python	2026-04-14T16:33:16.1748018Z Successfully set up CPython (3.11.15)
Stage 3 · Push Annotations to HF	Set up Python	2026-04-14T16:33:16.1750907Z ##[endgroup]
Stage 3 · Push Annotations to HF	Install dependencies	﻿2026-04-14T16:33:16.1911670Z ##[group]Run pip install requests huggingface_hub datasets
Stage 3 · Push Annotations to HF	Install dependencies	2026-04-14T16:33:16.1913749Z [36;1mpip install requests huggingface_hub datasets[0m
Stage 3 · Push Annotations to HF	Install dependencies	2026-04-14T16:33:16.1952290Z shell: /usr/bin/bash -e {0}
Stage 3 · Push Annotations to HF	Install dependencies	2026-04-14T16:33:16.1953232Z env:
Stage 3 · Push Annotations to HF	Install dependencies	2026-04-14T16:33:16.1953968Z   FORCE_JAVASCRIPT_ACTIONS_TO_NODE24: true
Stage 3 · Push Annotations to HF	Install dependencies	2026-04-14T16:33:16.1955324Z   pythonLocation: /opt/hostedtoolcache/Python/3.11.15/x64
Stage 3 · Push Annotations to HF	Install dependencies	2026-04-14T16:33:16.1957362Z   PKG_CONFIG_PATH: /opt/hostedtoolcache/Python/3.11.15/x64/lib/pkgconfig
Stage 3 · Push Annotations to HF	Install dependencies	2026-04-14T16:33:16.1959151Z   Python_ROOT_DIR: /opt/hostedtoolcache/Python/3.11.15/x64
Stage 3 · Push Annotations to HF	Install dependencies	2026-04-14T16:33:16.1960698Z   Python2_ROOT_DIR: /opt/hostedtoolcache/Python/3.11.15/x64
Stage 3 · Push Annotations to HF	Install dependencies	2026-04-14T16:33:16.1962236Z   Python3_ROOT_DIR: /opt/hostedtoolcache/Python/3.11.15/x64
Stage 3 · Push Annotations to HF	Install dependencies	2026-04-14T16:33:16.1963796Z   LD_LIBRARY_PATH: /opt/hostedtoolcache/Python/3.11.15/x64/lib
Stage 3 · Push Annotations to HF	Install dependencies	2026-04-14T16:33:16.1965086Z ##[endgroup]
Stage 3 · Push Annotations to HF	Install dependencies	2026-04-14T16:33:17.0821448Z Collecting requests
Stage 3 · Push Annotations to HF	Install dependencies	2026-04-14T16:33:17.1690907Z   Downloading requests-2.33.1-py3-none-any.whl.metadata (4.8 kB)
Stage 3 · Push Annotations to HF	Install dependencies	2026-04-14T16:33:17.2330910Z Collecting huggingface_hub
Stage 3 · Push Annotations to HF	Install dependencies	2026-04-14T16:33:17.2467785Z   Downloading huggingface_hub-1.10.2-py3-none-any.whl.metadata (14 kB)
Stage 3 · Push Annotations to HF	Install dependencies	2026-04-14T16:33:17.3067874Z Collecting datasets
Stage 3 · Push Annotations to HF	Install dependencies	2026-04-14T16:33:17.3210931Z   Downloading datasets-4.8.4-py3-none-any.whl.metadata (19 kB)
Stage 3 · Push Annotations to HF	Install dependencies	2026-04-14T16:33:17.4510477Z Collecting charset_normalizer<4,>=2 (from requests)
Stage 3 · Push Annotations to HF	Install dependencies	2026-04-14T16:33:17.4656121Z   Downloading charset_normalizer-3.4.7-cp311-cp311-manylinux2014_x86_64.manylinux_2_17_x86_64.manylinux_2_28_x86_64.whl.metadata (40 kB)
Stage 3 · Push Annotations to HF	Install dependencies	2026-04-14T16:33:17.4979664Z Collecting idna<4,>=2.5 (from requests)
Stage 3 · Push Annotations to HF	Install dependencies	2026-04-14T16:33:17.5118254Z   Downloading idna-3.11-py3-none-any.whl.metadata (8.4 kB)
Stage 3 · Push Annotations to HF	Install dependencies	2026-04-14T16:33:17.5435469Z Collecting urllib3<3,>=1.26 (from requests)
Stage 3 · Push Annotations to HF	Install dependencies	2026-04-14T16:33:17.5574261Z   Downloading urllib3-2.6.3-py3-none-any.whl.metadata (6.9 kB)
Stage 3 · Push Annotations to HF	Install dependencies	2026-04-14T16:33:17.5857699Z Collecting certifi>=2023.5.7 (from requests)
Stage 3 · Push Annotations to HF	Install dependencies	2026-04-14T16:33:17.5992141Z   Downloading certifi-2026.2.25-py3-none-any.whl.metadata (2.5 kB)
Stage 3 · Push Annotations to HF	Install dependencies	2026-04-14T16:33:17.6301844Z Collecting filelock>=3.10.0 (from huggingface_hub)
Stage 3 · Push Annotations to HF	Install dependencies	2026-04-14T16:33:17.6438106Z   Downloading filelock-3.25.2-py3-none-any.whl.metadata (2.0 kB)
Stage 3 · Push Annotations to HF	Install dependencies	2026-04-14T16:33:17.6730036Z Collecting fsspec>=2023.5.0 (from huggingface_hub)
Stage 3 · Push Annotations to HF	Install dependencies	2026-04-14T16:33:17.6863942Z   Downloading fsspec-2026.3.0-py3-none-any.whl.metadata (10 kB)
Stage 3 · Push Annotations to HF	Install dependencies	2026-04-14T16:33:17.7634059Z Collecting hf-xet<2.0.0,>=1.4.3 (from huggingface_hub)
Stage 3 · Push Annotations to HF	Install dependencies	2026-04-14T16:33:17.7772143Z   Downloading hf_xet-1.4.3-cp37-abi3-manylinux2014_x86_64.manylinux_2_17_x86_64.whl.metadata (4.9 kB)
Stage 3 · Push Annotations to HF	Install dependencies	2026-04-14T16:33:17.8045460Z Collecting httpx<1,>=0.23.0 (from huggingface_hub)
Stage 3 · Push Annotations to HF	Install dependencies	2026-04-14T16:33:17.8182319Z   Downloading httpx-0.28.1-py3-none-any.whl.metadata (7.1 kB)
Stage 3 · Push Annotations to HF	Install dependencies	2026-04-14T16:33:17.8463947Z Collecting packaging>=20.9 (from huggingface_hub)
Stage 3 · Push Annotations to HF	Install dependencies	2026-04-14T16:33:17.8612136Z   Downloading packaging-26.0-py3-none-any.whl.metadata (3.3 kB)
Stage 3 · Push Annotations to HF	Install dependencies	2026-04-14T16:33:17.9074652Z Collecting pyyaml>=5.1 (from huggingface_hub)
Stage 3 · Push Annotations to HF	Install dependencies	2026-04-14T16:33:17.9211990Z   Downloading pyyaml-6.0.3-cp311-cp311-manylinux2014_x86_64.manylinux_2_17_x86_64.manylinux_2_28_x86_64.whl.metadata (2.4 kB)
Stage 3 · Push Annotations to HF	Install dependencies	2026-04-14T16:33:17.9573982Z Collecting tqdm>=4.42.1 (from huggingface_hub)
Stage 3 · Push Annotations to HF	Install dependencies	2026-04-14T16:33:17.9713608Z   Downloading tqdm-4.67.3-py3-none-any.whl.metadata (57 kB)
Stage 3 · Push Annotations to HF	Install dependencies	2026-04-14T16:33:18.0072422Z Collecting typer (from huggingface_hub)
Stage 3 · Push Annotations to HF	Install dependencies	2026-04-14T16:33:18.0212625Z   Downloading typer-0.24.1-py3-none-any.whl.metadata (16 kB)
Stage 3 · Push Annotations to HF	Install dependencies	2026-04-14T16:33:18.0490764Z Collecting typing-extensions>=4.1.0 (from huggingface_hub)
Stage 3 · Push Annotations to HF	Install dependencies	2026-04-14T16:33:18.0676068Z   Downloading typing_extensions-4.15.0-py3-none-any.whl.metadata (3.3 kB)
Stage 3 · Push Annotations to HF	Install dependencies	2026-04-14T16:33:18.0972555Z Collecting anyio (from httpx<1,>=0.23.0->huggingface_hub)
Stage 3 · Push Annotations to HF	Install dependencies	2026-04-14T16:33:18.1111499Z   Downloading anyio-4.13.0-py3-none-any.whl.metadata (4.5 kB)
Stage 3 · Push Annotations to HF	Install dependencies	2026-04-14T16:33:18.1382248Z Collecting httpcore==1.* (from httpx<1,>=0.23.0->huggingface_hub)
Stage 3 · Push Annotations to HF	Install dependencies	2026-04-14T16:33:18.1520428Z   Downloading httpcore-1.0.9-py3-none-any.whl.metadata (21 kB)
Stage 3 · Push Annotations to HF	Install dependencies	2026-04-14T16:33:18.1773795Z Collecting h11>=0.16 (from httpcore==1.*->httpx<1,>=0.23.0->huggingface_hub)
Stage 3 · Push Annotations to HF	Install dependencies	2026-04-14T16:33:18.1914783Z   Downloading h11-0.16.0-py3-none-any.whl.metadata (8.3 kB)
Stage 3 · Push Annotations to HF	Install dependencies	2026-04-14T16:33:18.4028009Z Collecting numpy>=1.17 (from datasets)
Stage 3 · Push Annotations to HF	Install dependencies	2026-04-14T16:33:18.4167302Z   Downloading numpy-2.4.4-cp311-cp311-manylinux_2_27_x86_64.manylinux_2_28_x86_64.whl.metadata (6.6 kB)
Stage 3 · Push Annotations to HF	Install dependencies	2026-04-14T16:33:18.5004563Z Collecting pyarrow>=21.0.0 (from datasets)
Stage 3 · Push Annotations to HF	Install dependencies	2026-04-14T16:33:18.5143967Z   Downloading pyarrow-23.0.1-cp311-cp311-manylinux_2_28_x86_64.whl.metadata (3.1 kB)
Stage 3 · Push Annotations to HF	Install dependencies	2026-04-14T16:33:18.5412281Z Collecting dill<0.4.2,>=0.3.0 (from datasets)
Stage 3 · Push Annotations to HF	Install dependencies	2026-04-14T16:33:18.5548257Z   Downloading dill-0.4.1-py3-none-any.whl.metadata (10 kB)
Stage 3 · Push Annotations to HF	Install dependencies	2026-04-14T16:33:18.6700087Z Collecting pandas (from datasets)
Stage 3 · Push Annotations to HF	Install dependencies	2026-04-14T16:33:18.6838232Z   Downloading pandas-3.0.2-cp311-cp311-manylinux_2_24_x86_64.manylinux_2_28_x86_64.whl.metadata (79 kB)
Stage 3 · Push Annotations to HF	Install dependencies	2026-04-14T16:33:18.7911942Z Collecting xxhash (from datasets)
Stage 3 · Push Annotations to HF	Install dependencies	2026-04-14T16:33:18.8051532Z   Downloading xxhash-3.6.0-cp311-cp311-manylinux2014_x86_64.manylinux_2_17_x86_64.manylinux_2_28_x86_64.whl.metadata (13 kB)
Stage 3 · Push Annotations to HF	Install dependencies	2026-04-14T16:33:18.8385131Z Collecting multiprocess<0.70.20 (from datasets)
Stage 3 · Push Annotations to HF	Install dependencies	2026-04-14T16:33:18.8523258Z   Downloading multiprocess-0.70.19-py311-none-any.whl.metadata (7.5 kB)
Stage 3 · Push Annotations to HF	Install dependencies	2026-04-14T16:33:18.8593228Z Collecting fsspec>=2023.5.0 (from huggingface_hub)
Stage 3 · Push Annotations to HF	Install dependencies	2026-04-14T16:33:18.8732464Z   Downloading fsspec-2026.2.0-py3-none-any.whl.metadata (10 kB)
Stage 3 · Push Annotations to HF	Install dependencies	2026-04-14T16:33:19.4142047Z Collecting aiohttp!=4.0.0a0,!=4.0.0a1 (from fsspec[http]<=2026.2.0,>=2023.1.0->datasets)
Stage 3 · Push Annotations to HF	Install dependencies	2026-04-14T16:33:19.4283956Z   Downloading aiohttp-3.13.5-cp311-cp311-manylinux2014_x86_64.manylinux_2_17_x86_64.manylinux_2_28_x86_64.whl.metadata (8.1 kB)
Stage 3 · Push Annotations to HF	Install dependencies	2026-04-14T16:33:19.4563228Z Collecting aiohappyeyeballs>=2.5.0 (from aiohttp!=4.0.0a0,!=4.0.0a1->fsspec[http]<=2026.2.0,>=2023.1.0->datasets)
Stage 3 · Push Annotations to HF	Install dependencies	2026-04-14T16:33:19.4703278Z   Downloading aiohappyeyeballs-2.6.1-py3-none-any.whl.metadata (5.9 kB)
Stage 3 · Push Annotations to HF	Install dependencies	2026-04-14T16:33:19.4913770Z Collecting aiosignal>=1.4.0 (from aiohttp!=4.0.0a0,!=4.0.0a1->fsspec[http]<=2026.2.0,>=2023.1.0->datasets)
Stage 3 · Push Annotations to HF	Install dependencies	2026-04-14T16:33:19.5049017Z   Downloading aiosignal-1.4.0-py3-none-any.whl.metadata (3.7 kB)
Stage 3 · Push Annotations to HF	Install dependencies	2026-04-14T16:33:19.5308695Z Collecting attrs>=17.3.0 (from aiohttp!=4.0.0a0,!=4.0.0a1->fsspec[http]<=2026.2.0,>=2023.1.0->datasets)
Stage 3 · Push Annotations to HF	Install dependencies	2026-04-14T16:33:19.5448191Z   Downloading attrs-26.1.0-py3-none-any.whl.metadata (8.8 kB)
Stage 3 · Push Annotations to HF	Install dependencies	2026-04-14T16:33:19.6143648Z Collecting frozenlist>=1.1.1 (from aiohttp!=4.0.0a0,!=4.0.0a1->fsspec[http]<=2026.2.0,>=2023.1.0->datasets)
Stage 3 · Push Annotations to HF	Install dependencies	2026-04-14T16:33:19.6302343Z   Downloading frozenlist-1.8.0-cp311-cp311-manylinux1_x86_64.manylinux_2_28_x86_64.manylinux_2_5_x86_64.whl.metadata (20 kB)
Stage 3 · Push Annotations to HF	Install dependencies	2026-04-14T16:33:19.8430451Z Collecting multidict<7.0,>=4.5 (from aiohttp!=4.0.0a0,!=4.0.0a1->fsspec[http]<=2026.2.0,>=2023.1.0->datasets)
Stage 3 · Push Annotations to HF	Install dependencies	2026-04-14T16:33:19.8579798Z   Downloading multidict-6.7.1-cp311-cp311-manylinux2014_x86_64.manylinux_2_17_x86_64.manylinux_2_28_x86_64.whl.metadata (5.3 kB)
Stage 3 · Push Annotations to HF	Install dependencies	2026-04-14T16:33:19.9190608Z Collecting propcache>=0.2.0 (from aiohttp!=4.0.0a0,!=4.0.0a1->fsspec[http]<=2026.2.0,>=2023.1.0->datasets)
Stage 3 · Push Annotations to HF	Install dependencies	2026-04-14T16:33:19.9331360Z   Downloading propcache-0.4.1-cp311-cp311-manylinux2014_x86_64.manylinux_2_17_x86_64.manylinux_2_28_x86_64.whl.metadata (13 kB)
Stage 3 · Push Annotations to HF	Install dependencies	2026-04-14T16:33:20.2235431Z Collecting yarl<2.0,>=1.17.0 (from aiohttp!=4.0.0a0,!=4.0.0a1->fsspec[http]<=2026.2.0,>=2023.1.0->datasets)
Stage 3 · Push Annotations to HF	Install dependencies	2026-04-14T16:33:20.2379171Z   Downloading yarl-1.23.0-cp311-cp311-manylinux2014_x86_64.manylinux_2_17_x86_64.manylinux_2_28_x86_64.whl.metadata (79 kB)
Stage 3 · Push Annotations to HF	Install dependencies	2026-04-14T16:33:20.2883632Z Collecting python-dateutil>=2.8.2 (from pandas->datasets)
Stage 3 · Push Annotations to HF	Install dependencies	2026-04-14T16:33:20.3022627Z   Downloading python_dateutil-2.9.0.post0-py2.py3-none-any.whl.metadata (8.4 kB)
Stage 3 · Push Annotations to HF	Install dependencies	2026-04-14T16:33:20.3265752Z Collecting six>=1.5 (from python-dateutil>=2.8.2->pandas->datasets)
Stage 3 · Push Annotations to HF	Install dependencies	2026-04-14T16:33:20.3408105Z   Downloading six-1.17.0-py2.py3-none-any.whl.metadata (1.7 kB)
Stage 3 · Push Annotations to HF	Install dependencies	2026-04-14T16:33:20.3671278Z Collecting click>=8.2.1 (from typer->huggingface_hub)
Stage 3 · Push Annotations to HF	Install dependencies	2026-04-14T16:33:20.3807350Z   Downloading click-8.3.2-py3-none-any.whl.metadata (2.6 kB)
Stage 3 · Push Annotations to HF	Install dependencies	2026-04-14T16:33:20.4032637Z Collecting shellingham>=1.3.0 (from typer->huggingface_hub)
Stage 3 · Push Annotations to HF	Install dependencies	2026-04-14T16:33:20.4169078Z   Downloading shellingham-1.5.4-py2.py3-none-any.whl.metadata (3.5 kB)
Stage 3 · Push Annotations to HF	Install dependencies	2026-04-14T16:33:20.4571692Z Collecting rich>=12.3.0 (from typer->huggingface_hub)
Stage 3 · Push Annotations to HF	Install dependencies	2026-04-14T16:33:20.4707877Z   Downloading rich-15.0.0-py3-none-any.whl.metadata (18 kB)
Stage 3 · Push Annotations to HF	Install dependencies	2026-04-14T16:33:20.4928061Z Collecting annotated-doc>=0.0.2 (from typer->huggingface_hub)
Stage 3 · Push Annotations to HF	Install dependencies	2026-04-14T16:33:20.5062888Z   Downloading annotated_doc-0.0.4-py3-none-any.whl.metadata (6.6 kB)
Stage 3 · Push Annotations to HF	Install dependencies	2026-04-14T16:33:20.5346275Z Collecting markdown-it-py>=2.2.0 (from rich>=12.3.0->typer->huggingface_hub)
Stage 3 · Push Annotations to HF	Install dependencies	2026-04-14T16:33:20.5481321Z   Downloading markdown_it_py-4.0.0-py3-none-any.whl.metadata (7.3 kB)
Stage 3 · Push Annotations to HF	Install dependencies	2026-04-14T16:33:20.5786351Z Collecting pygments<3.0.0,>=2.13.0 (from rich>=12.3.0->typer->huggingface_hub)
Stage 3 · Push Annotations to HF	Install dependencies	2026-04-14T16:33:20.5923635Z   Downloading pygments-2.20.0-py3-none-any.whl.metadata (2.5 kB)
Stage 3 · Push Annotations to HF	Install dependencies	2026-04-14T16:33:20.6203245Z Collecting mdurl~=0.1 (from markdown-it-py>=2.2.0->rich>=12.3.0->typer->huggingface_hub)
Stage 3 · Push Annotations to HF	Install dependencies	2026-04-14T16:33:20.6280971Z   Downloading mdurl-0.1.2-py3-none-any.whl.metadata (1.6 kB)
Stage 3 · Push Annotations to HF	Install dependencies	2026-04-14T16:33:20.6493367Z Downloading requests-2.33.1-py3-none-any.whl (64 kB)
Stage 3 · Push Annotations to HF	Install dependencies	2026-04-14T16:33:20.6677600Z Downloading charset_normalizer-3.4.7-cp311-cp311-manylinux2014_x86_64.manylinux_2_17_x86_64.manylinux_2_28_x86_64.whl (214 kB)
Stage 3 · Push Annotations to HF	Install dependencies	2026-04-14T16:33:20.6980938Z Downloading idna-3.11-py3-none-any.whl (71 kB)
Stage 3 · Push Annotations to HF	Install dependencies	2026-04-14T16:33:20.7144985Z Downloading urllib3-2.6.3-py3-none-any.whl (131 kB)
Stage 3 · Push Annotations to HF	Install dependencies	2026-04-14T16:33:20.7323541Z Downloading huggingface_hub-1.10.2-py3-none-any.whl (642 kB)
Stage 3 · Push Annotations to HF	Install dependencies	2026-04-14T16:33:20.7616182Z    ━━━━━━━━━━━━━━━━━━━━━━━━━━━━━━━━━━━━━━━━ 642.6/642.6 kB 16.4 MB/s  0:00:00
Stage 3 · Push Annotations to HF	Install dependencies	2026-04-14T16:33:20.7754530Z Downloading hf_xet-1.4.3-cp37-abi3-manylinux2014_x86_64.manylinux_2_17_x86_64.whl (4.2 MB)
Stage 3 · Push Annotations to HF	Install dependencies	2026-04-14T16:33:20.8315974Z    ━━━━━━━━━━━━━━━━━━━━━━━━━━━━━━━━━━━━━━━━ 4.2/4.2 MB 74.5 MB/s  0:00:00
Stage 3 · Push Annotations to HF	Install dependencies	2026-04-14T16:33:20.8455600Z Downloading httpx-0.28.1-py3-none-any.whl (73 kB)
Stage 3 · Push Annotations to HF	Install dependencies	2026-04-14T16:33:20.8625184Z Downloading httpcore-1.0.9-py3-none-any.whl (78 kB)
Stage 3 · Push Annotations to HF	Install dependencies	2026-04-14T16:33:20.8796723Z Downloading datasets-4.8.4-py3-none-any.whl (526 kB)
Stage 3 · Push Annotations to HF	Install dependencies	2026-04-14T16:33:20.8864017Z    ━━━━━━━━━━━━━━━━━━━━━━━━━━━━━━━━━━━━━━━━ 527.0/527.0 kB 62.7 MB/s  0:00:00
Stage 3 · Push Annotations to HF	Install dependencies	2026-04-14T16:33:20.9006064Z Downloading dill-0.4.1-py3-none-any.whl (120 kB)
Stage 3 · Push Annotations to HF	Install dependencies	2026-04-14T16:33:20.9175617Z Downloading fsspec-2026.2.0-py3-none-any.whl (202 kB)
Stage 3 · Push Annotations to HF	Install dependencies	2026-04-14T16:33:20.9346557Z Downloading multiprocess-0.70.19-py311-none-any.whl (144 kB)
Stage 3 · Push Annotations to HF	Install dependencies	2026-04-14T16:33:20.9505469Z Downloading aiohttp-3.13.5-cp311-cp311-manylinux2014_x86_64.manylinux_2_17_x86_64.manylinux_2_28_x86_64.whl (1.8 MB)
Stage 3 · Push Annotations to HF	Install dependencies	2026-04-14T16:33:20.9610649Z    ━━━━━━━━━━━━━━━━━━━━━━━━━━━━━━━━━━━━━━━━ 1.8/1.8 MB 200.1 MB/s  0:00:00
Stage 3 · Push Annotations to HF	Install dependencies	2026-04-14T16:33:20.9750137Z Downloading multidict-6.7.1-cp311-cp311-manylinux2014_x86_64.manylinux_2_17_x86_64.manylinux_2_28_x86_64.whl (246 kB)
Stage 3 · Push Annotations to HF	Install dependencies	2026-04-14T16:33:20.9934889Z Downloading yarl-1.23.0-cp311-cp311-manylinux2014_x86_64.manylinux_2_17_x86_64.manylinux_2_28_x86_64.whl (102 kB)
Stage 3 · Push Annotations to HF	Install dependencies	2026-04-14T16:33:21.0109696Z Downloading aiohappyeyeballs-2.6.1-py3-none-any.whl (15 kB)
Stage 3 · Push Annotations to HF	Install dependencies	2026-04-14T16:33:21.0282719Z Downloading aiosignal-1.4.0-py3-none-any.whl (7.5 kB)
Stage 3 · Push Annotations to HF	Install dependencies	2026-04-14T16:33:21.0447266Z Downloading attrs-26.1.0-py3-none-any.whl (67 kB)
Stage 3 · Push Annotations to HF	Install dependencies	2026-04-14T16:33:21.0612157Z Downloading certifi-2026.2.25-py3-none-any.whl (153 kB)
Stage 3 · Push Annotations to HF	Install dependencies	2026-04-14T16:33:21.0784160Z Downloading filelock-3.25.2-py3-none-any.whl (26 kB)
Stage 3 · Push Annotations to HF	Install dependencies	2026-04-14T16:33:21.0958238Z Downloading frozenlist-1.8.0-cp311-cp311-manylinux1_x86_64.manylinux_2_28_x86_64.manylinux_2_5_x86_64.whl (231 kB)
Stage 3 · Push Annotations to HF	Install dependencies	2026-04-14T16:33:21.1119580Z Downloading h11-0.16.0-py3-none-any.whl (37 kB)
Stage 3 · Push Annotations to HF	Install dependencies	2026-04-14T16:33:21.1280353Z Downloading numpy-2.4.4-cp311-cp311-manylinux_2_27_x86_64.manylinux_2_28_x86_64.whl (16.9 MB)
Stage 3 · Push Annotations to HF	Install dependencies	2026-04-14T16:33:21.2046187Z    ━━━━━━━━━━━━━━━━━━━━━━━━━━━━━━━━━━━━━━━━ 16.9/16.9 MB 224.5 MB/s  0:00:00
Stage 3 · Push Annotations to HF	Install dependencies	2026-04-14T16:33:21.2184403Z Downloading packaging-26.0-py3-none-any.whl (74 kB)
Stage 3 · Push Annotations to HF	Install dependencies	2026-04-14T16:33:21.2344985Z Downloading propcache-0.4.1-cp311-cp311-manylinux2014_x86_64.manylinux_2_17_x86_64.manylinux_2_28_x86_64.whl (210 kB)
Stage 3 · Push Annotations to HF	Install dependencies	2026-04-14T16:33:21.2505460Z Downloading pyarrow-23.0.1-cp311-cp311-manylinux_2_28_x86_64.whl (47.6 MB)
Stage 3 · Push Annotations to HF	Install dependencies	2026-04-14T16:33:21.4276986Z    ━━━━━━━━━━━━━━━━━━━━━━━━━━━━━━━━━━━━━━━━ 47.6/47.6 MB 271.0 MB/s  0:00:00
Stage 3 · Push Annotations to HF	Install dependencies	2026-04-14T16:33:21.4417577Z Downloading pyyaml-6.0.3-cp311-cp311-manylinux2014_x86_64.manylinux_2_17_x86_64.manylinux_2_28_x86_64.whl (806 kB)
Stage 3 · Push Annotations to HF	Install dependencies	2026-04-14T16:33:21.4479473Z    ━━━━━━━━━━━━━━━━━━━━━━━━━━━━━━━━━━━━━━━━ 806.6/806.6 kB 141.8 MB/s  0:00:00
Stage 3 · Push Annotations to HF	Install dependencies	2026-04-14T16:33:21.4616835Z Downloading tqdm-4.67.3-py3-none-any.whl (78 kB)
Stage 3 · Push Annotations to HF	Install dependencies	2026-04-14T16:33:21.4791042Z Downloading typing_extensions-4.15.0-py3-none-any.whl (44 kB)
Stage 3 · Push Annotations to HF	Install dependencies	2026-04-14T16:33:21.4954589Z Downloading anyio-4.13.0-py3-none-any.whl (114 kB)
Stage 3 · Push Annotations to HF	Install dependencies	2026-04-14T16:33:21.5128524Z Downloading pandas-3.0.2-cp311-cp311-manylinux_2_24_x86_64.manylinux_2_28_x86_64.whl (11.3 MB)
Stage 3 · Push Annotations to HF	Install dependencies	2026-04-14T16:33:21.5573418Z    ━━━━━━━━━━━━━━━━━━━━━━━━━━━━━━━━━━━━━━━━ 11.3/11.3 MB 261.0 MB/s  0:00:00
Stage 3 · Push Annotations to HF	Install dependencies	2026-04-14T16:33:21.5714604Z Downloading python_dateutil-2.9.0.post0-py2.py3-none-any.whl (229 kB)
Stage 3 · Push Annotations to HF	Install dependencies	2026-04-14T16:33:21.5876352Z Downloading six-1.17.0-py2.py3-none-any.whl (11 kB)
Stage 3 · Push Annotations to HF	Install dependencies	2026-04-14T16:33:21.6033810Z Downloading typer-0.24.1-py3-none-any.whl (56 kB)
Stage 3 · Push Annotations to HF	Install dependencies	2026-04-14T16:33:21.6192739Z Downloading annotated_doc-0.0.4-py3-none-any.whl (5.3 kB)
Stage 3 · Push Annotations to HF	Install dependencies	2026-04-14T16:33:21.6348772Z Downloading click-8.3.2-py3-none-any.whl (108 kB)
Stage 3 · Push Annotations to HF	Install dependencies	2026-04-14T16:33:21.6509386Z Downloading rich-15.0.0-py3-none-any.whl (310 kB)
Stage 3 · Push Annotations to HF	Install dependencies	2026-04-14T16:33:21.6674969Z Downloading pygments-2.20.0-py3-none-any.whl (1.2 MB)
Stage 3 · Push Annotations to HF	Install dependencies	2026-04-14T16:33:21.6756160Z    ━━━━━━━━━━━━━━━━━━━━━━━━━━━━━━━━━━━━━━━━ 1.2/1.2 MB 166.6 MB/s  0:00:00
Stage 3 · Push Annotations to HF	Install dependencies	2026-04-14T16:33:21.6889321Z Downloading markdown_it_py-4.0.0-py3-none-any.whl (87 kB)
Stage 3 · Push Annotations to HF	Install dependencies	2026-04-14T16:33:21.7048958Z Downloading mdurl-0.1.2-py3-none-any.whl (10.0 kB)
Stage 3 · Push Annotations to HF	Install dependencies	2026-04-14T16:33:21.7209067Z Downloading shellingham-1.5.4-py2.py3-none-any.whl (9.8 kB)
Stage 3 · Push Annotations to HF	Install dependencies	2026-04-14T16:33:21.7363565Z Downloading xxhash-3.6.0-cp311-cp311-manylinux2014_x86_64.manylinux_2_17_x86_64.manylinux_2_28_x86_64.whl (193 kB)
Stage 3 · Push Annotations to HF	Install dependencies	2026-04-14T16:33:21.9398856Z Installing collected packages: xxhash, urllib3, typing-extensions, tqdm, six, shellingham, pyyaml, pygments, pyarrow, propcache, packaging, numpy, multidict, mdurl, idna, hf-xet, h11, fsspec, frozenlist, filelock, dill, click, charset_normalizer, certifi, attrs, annotated-doc, aiohappyeyeballs, yarl, requests, python-dateutil, multiprocess, markdown-it-py, httpcore, anyio, aiosignal, rich, pandas, httpx, aiohttp, typer, huggingface_hub, datasets
Stage 3 · Push Annotations to HF	Install dependencies	2026-04-14T16:33:32.1903202Z 
Stage 3 · Push Annotations to HF	Install dependencies	2026-04-14T16:33:32.1928137Z Successfully installed aiohappyeyeballs-2.6.1 aiohttp-3.13.5 aiosignal-1.4.0 annotated-doc-0.0.4 anyio-4.13.0 attrs-26.1.0 certifi-2026.2.25 charset_normalizer-3.4.7 click-8.3.2 datasets-4.8.4 dill-0.4.1 filelock-3.25.2 frozenlist-1.8.0 fsspec-2026.2.0 h11-0.16.0 hf-xet-1.4.3 httpcore-1.0.9 httpx-0.28.1 huggingface_hub-1.10.2 idna-3.11 markdown-it-py-4.0.0 mdurl-0.1.2 multidict-6.7.1 multiprocess-0.70.19 numpy-2.4.4 packaging-26.0 pandas-3.0.2 propcache-0.4.1 pyarrow-23.0.1 pygments-2.20.0 python-dateutil-2.9.0.post0 pyyaml-6.0.3 requests-2.33.1 rich-15.0.0 shellingham-1.5.4 six-1.17.0 tqdm-4.67.3 typer-0.24.1 typing-extensions-4.15.0 urllib3-2.6.3 xxhash-3.6.0 yarl-1.23.0
Stage 3 · Push Annotations to HF	Merge to HuggingFace	﻿2026-04-14T16:33:32.6774631Z ##[group]Run echo "Running HF merge script (daily). Script will upload daily files and perform full merge on UTC 1st."
Stage 3 · Push Annotations to HF	Merge to HuggingFace	2026-04-14T16:33:32.6775632Z [36;1mecho "Running HF merge script (daily). Script will upload daily files and perform full merge on UTC 1st."[0m
Stage 3 · Push Annotations to HF	Merge to HuggingFace	2026-04-14T16:33:32.6776189Z [36;1mpython scripts/merge_annotations_to_hf.py[0m
Stage 3 · Push Annotations to HF	Merge to HuggingFace	2026-04-14T16:33:32.6798795Z shell: /usr/bin/bash -e {0}
Stage 3 · Push Annotations to HF	Merge to HuggingFace	2026-04-14T16:33:32.6799042Z env:
Stage 3 · Push Annotations to HF	Merge to HuggingFace	2026-04-14T16:33:32.6799247Z   FORCE_JAVASCRIPT_ACTIONS_TO_NODE24: true
Stage 3 · Push Annotations to HF	Merge to HuggingFace	2026-04-14T16:33:32.6799602Z   pythonLocation: /opt/hostedtoolcache/Python/3.11.15/x64
Stage 3 · Push Annotations to HF	Merge to HuggingFace	2026-04-14T16:33:32.6800017Z   PKG_CONFIG_PATH: /opt/hostedtoolcache/Python/3.11.15/x64/lib/pkgconfig
Stage 3 · Push Annotations to HF	Merge to HuggingFace	2026-04-14T16:33:32.6800455Z   Python_ROOT_DIR: /opt/hostedtoolcache/Python/3.11.15/x64
Stage 3 · Push Annotations to HF	Merge to HuggingFace	2026-04-14T16:33:32.6800826Z   Python2_ROOT_DIR: /opt/hostedtoolcache/Python/3.11.15/x64
Stage 3 · Push Annotations to HF	Merge to HuggingFace	2026-04-14T16:33:32.6801201Z   Python3_ROOT_DIR: /opt/hostedtoolcache/Python/3.11.15/x64
Stage 3 · Push Annotations to HF	Merge to HuggingFace	2026-04-14T16:33:32.6801571Z   LD_LIBRARY_PATH: /opt/hostedtoolcache/Python/3.11.15/x64/lib
Stage 3 · Push Annotations to HF	Merge to HuggingFace	2026-04-14T16:33:32.6802106Z   HF_TOKEN: ***
Stage 3 · Push Annotations to HF	Merge to HuggingFace	2026-04-14T16:33:32.6802296Z ##[endgroup]
Stage 3 · Push Annotations to HF	Merge to HuggingFace	2026-04-14T16:33:32.6847329Z Running HF merge script (daily). Script will upload daily files and perform full merge on UTC 1st.
Stage 3 · Push Annotations to HF	Merge to HuggingFace	2026-04-14T16:33:33.2167456Z 2026-04-14 16:33:33,216 [INFO] HTTP Request: POST https://huggingface.co/api/datasets/SpaceGen/solarhub-magnetogram/preupload/main "HTTP/1.1 200 OK"
Stage 3 · Push Annotations to HF	Merge to HuggingFace	2026-04-14T16:33:33.6075696Z 2026-04-14 16:33:33,607 [INFO] HTTP Request: POST https://huggingface.co/api/datasets/SpaceGen/solarhub-magnetogram/commit/main "HTTP/1.1 200 OK"
Stage 3 · Push Annotations to HF	Merge to HuggingFace	2026-04-14T16:33:33.6077931Z 2026-04-14 16:33:33,607 [INFO] Uploaded /home/runner/work/aurora/aurora/tmp_hf_uploads/2026-04-14.jsonl to SpaceGen/solarhub-magnetogram:data/2026-04-14.jsonl
Stage 3 · Push Annotations to HF	Merge to HuggingFace	2026-04-14T16:33:33.7621140Z 2026-04-14 16:33:33,761 [INFO] HTTP Request: POST https://huggingface.co/api/datasets/SpaceGen/solarhub-sunspot/preupload/main "HTTP/1.1 200 OK"
Stage 3 · Push Annotations to HF	Merge to HuggingFace	2026-04-14T16:33:34.0647127Z 2026-04-14 16:33:34,064 [INFO] HTTP Request: POST https://huggingface.co/api/datasets/SpaceGen/solarhub-sunspot/commit/main "HTTP/1.1 200 OK"
Stage 3 · Push Annotations to HF	Merge to HuggingFace	2026-04-14T16:33:34.0649931Z 2026-04-14 16:33:34,064 [INFO] Uploaded /home/runner/work/aurora/aurora/tmp_hf_uploads/2026-04-14.jsonl to SpaceGen/solarhub-sunspot:data/2026-04-14.jsonl
Stage 3 · Push Annotations to HF	Monthly HF history squash (1st of month)	﻿2026-04-14T16:33:34.1092397Z ##[group]Run # Use UTC date; run only on the 1st day of the month
Stage 3 · Push Annotations to HF	Monthly HF history squash (1st of month)	2026-04-14T16:33:34.1092908Z [36;1m# Use UTC date; run only on the 1st day of the month[0m
Stage 3 · Push Annotations to HF	Monthly HF history squash (1st of month)	2026-04-14T16:33:34.1093260Z [36;1mif [ "$(date -u +%d)" = "01" ]; then[0m
Stage 3 · Push Annotations to HF	Monthly HF history squash (1st of month)	2026-04-14T16:33:34.1093627Z [36;1m  echo "1st of month detected (UTC): running HF history squash"[0m
Stage 3 · Push Annotations to HF	Monthly HF history squash (1st of month)	2026-04-14T16:33:34.1094003Z [36;1m  python scripts/squash_history.py[0m
Stage 3 · Push Annotations to HF	Monthly HF history squash (1st of month)	2026-04-14T16:33:34.1094269Z [36;1melse[0m
Stage 3 · Push Annotations to HF	Monthly HF history squash (1st of month)	2026-04-14T16:33:34.1094556Z [36;1m  echo "Not the 1st of the month (UTC); skipping HF history squash."[0m
Stage 3 · Push Annotations to HF	Monthly HF history squash (1st of month)	2026-04-14T16:33:34.1094905Z [36;1mfi[0m
Stage 3 · Push Annotations to HF	Monthly HF history squash (1st of month)	2026-04-14T16:33:34.1117048Z shell: /usr/bin/bash -e {0}
Stage 3 · Push Annotations to HF	Monthly HF history squash (1st of month)	2026-04-14T16:33:34.1117306Z env:
Stage 3 · Push Annotations to HF	Monthly HF history squash (1st of month)	2026-04-14T16:33:34.1117526Z   FORCE_JAVASCRIPT_ACTIONS_TO_NODE24: true
Stage 3 · Push Annotations to HF	Monthly HF history squash (1st of month)	2026-04-14T16:33:34.1117872Z   pythonLocation: /opt/hostedtoolcache/Python/3.11.15/x64
Stage 3 · Push Annotations to HF	Monthly HF history squash (1st of month)	2026-04-14T16:33:34.1118292Z   PKG_CONFIG_PATH: /opt/hostedtoolcache/Python/3.11.15/x64/lib/pkgconfig
Stage 3 · Push Annotations to HF	Monthly HF history squash (1st of month)	2026-04-14T16:33:34.1118711Z   Python_ROOT_DIR: /opt/hostedtoolcache/Python/3.11.15/x64
Stage 3 · Push Annotations to HF	Monthly HF history squash (1st of month)	2026-04-14T16:33:34.1119099Z   Python2_ROOT_DIR: /opt/hostedtoolcache/Python/3.11.15/x64
Stage 3 · Push Annotations to HF	Monthly HF history squash (1st of month)	2026-04-14T16:33:34.1119474Z   Python3_ROOT_DIR: /opt/hostedtoolcache/Python/3.11.15/x64
Stage 3 · Push Annotations to HF	Monthly HF history squash (1st of month)	2026-04-14T16:33:34.1119858Z   LD_LIBRARY_PATH: /opt/hostedtoolcache/Python/3.11.15/x64/lib
Stage 3 · Push Annotations to HF	Monthly HF history squash (1st of month)	2026-04-14T16:33:34.1120435Z   HF_TOKEN: ***
Stage 3 · Push Annotations to HF	Monthly HF history squash (1st of month)	2026-04-14T16:33:34.1120636Z ##[endgroup]
Stage 3 · Push Annotations to HF	Monthly HF history squash (1st of month)	2026-04-14T16:33:34.1174420Z Not the 1st of the month (UTC); skipping HF history squash.
Stage 3 · Push Annotations to HF	Post Set up Python	﻿2026-04-14T16:33:34.1239419Z Post job cleanup.
Stage 3 · Push Annotations to HF	Post Set up Python	2026-04-14T16:33:34.2352709Z (node:2351) [DEP0040] DeprecationWarning: The `punycode` module is deprecated. Please use a userland alternative instead.
Stage 3 · Push Annotations to HF	Post Set up Python	2026-04-14T16:33:34.2353915Z (Use `node --trace-deprecation ...` to show where the warning was created)
Stage 3 · Push Annotations to HF	Post Checkout repository	﻿2026-04-14T16:33:34.2506460Z Post job cleanup.
Stage 3 · Push Annotations to HF	Post Checkout repository	2026-04-14T16:33:34.3291268Z [command]/usr/bin/git version
Stage 3 · Push Annotations to HF	Post Checkout repository	2026-04-14T16:33:34.3328791Z git version 2.53.0
Stage 3 · Push Annotations to HF	Post Checkout repository	2026-04-14T16:33:34.3399978Z Temporarily overriding HOME='/home/runner/work/_temp/c55e89cc-31ca-4c07-b45b-96939a6b2930' before making global git config changes
Stage 3 · Push Annotations to HF	Post Checkout repository	2026-04-14T16:33:34.3401359Z Adding repository directory to the temporary git global config as a safe directory
Stage 3 · Push Annotations to HF	Post Checkout repository	2026-04-14T16:33:34.3406476Z [command]/usr/bin/git config --global --add safe.directory /home/runner/work/aurora/aurora
Stage 3 · Push Annotations to HF	Post Checkout repository	2026-04-14T16:33:34.3444672Z [command]/usr/bin/git config --local --name-only --get-regexp core\.sshCommand
Stage 3 · Push Annotations to HF	Post Checkout repository	2026-04-14T16:33:34.3475893Z [command]/usr/bin/git submodule foreach --recursive sh -c "git config --local --name-only --get-regexp 'core\.sshCommand' && git config --local --unset-all 'core.sshCommand' || :"
Stage 3 · Push Annotations to HF	Post Checkout repository	2026-04-14T16:33:34.3704721Z [command]/usr/bin/git config --local --name-only --get-regexp http\.https\:\/\/github\.com\/\.extraheader
Stage 3 · Push Annotations to HF	Post Checkout repository	2026-04-14T16:33:34.3727256Z http.https://github.com/.extraheader
Stage 3 · Push Annotations to HF	Post Checkout repository	2026-04-14T16:33:34.3737275Z [command]/usr/bin/git config --local --unset-all http.https://github.com/.extraheader
Stage 3 · Push Annotations to HF	Post Checkout repository	2026-04-14T16:33:34.3769084Z [command]/usr/bin/git submodule foreach --recursive sh -c "git config --local --name-only --get-regexp 'http\.https\:\/\/github\.com\/\.extraheader' && git config --local --unset-all 'http.https://github.com/.extraheader' || :"
Stage 3 · Push Annotations to HF	Post Checkout repository	2026-04-14T16:33:34.3985884Z [command]/usr/bin/git config --local --name-only --get-regexp ^includeIf\.gitdir:
Stage 3 · Push Annotations to HF	Post Checkout repository	2026-04-14T16:33:34.4014444Z [command]/usr/bin/git submodule foreach --recursive git config --local --show-origin --name-only --get-regexp remote.origin.url
Stage 3 · Push Annotations to HF	Complete job	﻿2026-04-14T16:33:34.4357817Z Cleaning up orphan processes
Stage 3 · Push Annotations to HF	Complete job	2026-04-14T16:33:34.4738461Z ##[warning]Node.js 20 is deprecated. The following actions target Node.js 20 but are being forced to run on Node.js 24: actions/checkout@v4, actions/setup-python@v5. For more information see: https://github.blog/changelog/2025-09-19-deprecation-of-node-20-on-github-actions-runners/
Stage 04-05 · Sync & Unlock	Set up job	﻿2026-04-14T16:33:40.6840775Z Current runner version: '2.333.1'
Stage 04-05 · Sync & Unlock	Set up job	2026-04-14T16:33:40.6865885Z ##[group]Runner Image Provisioner
Stage 04-05 · Sync & Unlock	Set up job	2026-04-14T16:33:40.6867163Z Hosted Compute Agent
Stage 04-05 · Sync & Unlock	Set up job	2026-04-14T16:33:40.6867670Z Version: 20260213.493
Stage 04-05 · Sync & Unlock	Set up job	2026-04-14T16:33:40.6868390Z Commit: 5c115507f6dd24b8de37d8bbe0bb4509d0cc0fa3
Stage 04-05 · Sync & Unlock	Set up job	2026-04-14T16:33:40.6869025Z Build Date: 2026-02-13T00:28:41Z
Stage 04-05 · Sync & Unlock	Set up job	2026-04-14T16:33:40.6869634Z Worker ID: {50d606c5-0dd4-4195-8c6c-414d58ed656f}
Stage 04-05 · Sync & Unlock	Set up job	2026-04-14T16:33:40.6870324Z Azure Region: westus3
Stage 04-05 · Sync & Unlock	Set up job	2026-04-14T16:33:40.6870849Z ##[endgroup]
Stage 04-05 · Sync & Unlock	Set up job	2026-04-14T16:33:40.6872255Z ##[group]Operating System
Stage 04-05 · Sync & Unlock	Set up job	2026-04-14T16:33:40.6872955Z Ubuntu
Stage 04-05 · Sync & Unlock	Set up job	2026-04-14T16:33:40.6873416Z 24.04.4
Stage 04-05 · Sync & Unlock	Set up job	2026-04-14T16:33:40.6873823Z LTS
Stage 04-05 · Sync & Unlock	Set up job	2026-04-14T16:33:40.6874318Z ##[endgroup]
Stage 04-05 · Sync & Unlock	Set up job	2026-04-14T16:33:40.6874772Z ##[group]Runner Image
Stage 04-05 · Sync & Unlock	Set up job	2026-04-14T16:33:40.6875305Z Image: ubuntu-24.04
Stage 04-05 · Sync & Unlock	Set up job	2026-04-14T16:33:40.6875788Z Version: 20260406.80.1
Stage 04-05 · Sync & Unlock	Set up job	2026-04-14T16:33:40.6877038Z Included Software: https://github.com/actions/runner-images/blob/ubuntu24/20260406.80/images/ubuntu/Ubuntu2404-Readme.md
Stage 04-05 · Sync & Unlock	Set up job	2026-04-14T16:33:40.6878675Z Image Release: https://github.com/actions/runner-images/releases/tag/ubuntu24%2F20260406.80
Stage 04-05 · Sync & Unlock	Set up job	2026-04-14T16:33:40.6879562Z ##[endgroup]
Stage 04-05 · Sync & Unlock	Set up job	2026-04-14T16:33:40.6880464Z ##[group]GITHUB_TOKEN Permissions
Stage 04-05 · Sync & Unlock	Set up job	2026-04-14T16:33:40.6882512Z Contents: write
Stage 04-05 · Sync & Unlock	Set up job	2026-04-14T16:33:40.6883070Z Metadata: read
Stage 04-05 · Sync & Unlock	Set up job	2026-04-14T16:33:40.6883500Z ##[endgroup]
Stage 04-05 · Sync & Unlock	Set up job	2026-04-14T16:33:40.6885692Z Secret source: Actions
Stage 04-05 · Sync & Unlock	Set up job	2026-04-14T16:33:40.6886622Z Prepare workflow directory
Stage 04-05 · Sync & Unlock	Set up job	2026-04-14T16:33:40.7264398Z Prepare all required actions
Stage 04-05 · Sync & Unlock	Set up job	2026-04-14T16:33:40.7309752Z Getting action download info
Stage 04-05 · Sync & Unlock	Set up job	2026-04-14T16:33:41.2654909Z Download action repository 'actions/checkout@v4' (SHA:34e114876b0b11c390a56381ad16ebd13914f8d5)
Stage 04-05 · Sync & Unlock	Set up job	2026-04-14T16:33:41.3807415Z Download action repository 'actions/download-artifact@v4' (SHA:d3f86a106a0bac45b974a628896c90dbdf5c8093)
Stage 04-05 · Sync & Unlock	Set up job	2026-04-14T16:33:42.6300994Z Complete job name: Stage 04-05 · Sync & Unlock
Stage 04-05 · Sync & Unlock	Checkout repository	﻿2026-04-14T16:33:42.7011155Z ##[group]Run actions/checkout@v4
Stage 04-05 · Sync & Unlock	Checkout repository	2026-04-14T16:33:42.7012184Z with:
Stage 04-05 · Sync & Unlock	Checkout repository	2026-04-14T16:33:42.7012639Z   fetch-depth: 0
Stage 04-05 · Sync & Unlock	Checkout repository	2026-04-14T16:33:42.7013055Z   ref: main
Stage 04-05 · Sync & Unlock	Checkout repository	2026-04-14T16:33:42.7013460Z   repository: space-gen/aurora
Stage 04-05 · Sync & Unlock	Checkout repository	2026-04-14T16:33:42.7014110Z   token: ***
Stage 04-05 · Sync & Unlock	Checkout repository	2026-04-14T16:33:42.7014517Z   ssh-strict: true
Stage 04-05 · Sync & Unlock	Checkout repository	2026-04-14T16:33:42.7014927Z   ssh-user: git
Stage 04-05 · Sync & Unlock	Checkout repository	2026-04-14T16:33:42.7015343Z   persist-credentials: true
Stage 04-05 · Sync & Unlock	Checkout repository	2026-04-14T16:33:42.7015817Z   clean: true
Stage 04-05 · Sync & Unlock	Checkout repository	2026-04-14T16:33:42.7016452Z   sparse-checkout-cone-mode: true
Stage 04-05 · Sync & Unlock	Checkout repository	2026-04-14T16:33:42.7016966Z   fetch-tags: false
Stage 04-05 · Sync & Unlock	Checkout repository	2026-04-14T16:33:42.7017385Z   show-progress: true
Stage 04-05 · Sync & Unlock	Checkout repository	2026-04-14T16:33:42.7017812Z   lfs: false
Stage 04-05 · Sync & Unlock	Checkout repository	2026-04-14T16:33:42.7018232Z   submodules: false
Stage 04-05 · Sync & Unlock	Checkout repository	2026-04-14T16:33:42.7018647Z   set-safe-directory: true
Stage 04-05 · Sync & Unlock	Checkout repository	2026-04-14T16:33:42.7019380Z env:
Stage 04-05 · Sync & Unlock	Checkout repository	2026-04-14T16:33:42.7019824Z   FORCE_JAVASCRIPT_ACTIONS_TO_NODE24: true
Stage 04-05 · Sync & Unlock	Checkout repository	2026-04-14T16:33:42.7020382Z ##[endgroup]
Stage 04-05 · Sync & Unlock	Checkout repository	2026-04-14T16:33:42.7927235Z Syncing repository: space-gen/aurora
Stage 04-05 · Sync & Unlock	Checkout repository	2026-04-14T16:33:42.7929012Z ##[group]Getting Git version info
Stage 04-05 · Sync & Unlock	Checkout repository	2026-04-14T16:33:42.7929833Z Working directory is '/home/runner/work/aurora/aurora'
Stage 04-05 · Sync & Unlock	Checkout repository	2026-04-14T16:33:42.7930822Z [command]/usr/bin/git version
Stage 04-05 · Sync & Unlock	Checkout repository	2026-04-14T16:33:42.7961486Z git version 2.53.0
Stage 04-05 · Sync & Unlock	Checkout repository	2026-04-14T16:33:42.8014860Z ##[endgroup]
Stage 04-05 · Sync & Unlock	Checkout repository	2026-04-14T16:33:42.8029064Z Temporarily overriding HOME='/home/runner/work/_temp/c2087303-810b-4229-b607-be950509fb8b' before making global git config changes
Stage 04-05 · Sync & Unlock	Checkout repository	2026-04-14T16:33:42.8031058Z Adding repository directory to the temporary git global config as a safe directory
Stage 04-05 · Sync & Unlock	Checkout repository	2026-04-14T16:33:42.8033791Z [command]/usr/bin/git config --global --add safe.directory /home/runner/work/aurora/aurora
Stage 04-05 · Sync & Unlock	Checkout repository	2026-04-14T16:33:42.8067056Z Deleting the contents of '/home/runner/work/aurora/aurora'
Stage 04-05 · Sync & Unlock	Checkout repository	2026-04-14T16:33:42.8071274Z ##[group]Initializing the repository
Stage 04-05 · Sync & Unlock	Checkout repository	2026-04-14T16:33:42.8075585Z [command]/usr/bin/git init /home/runner/work/aurora/aurora
Stage 04-05 · Sync & Unlock	Checkout repository	2026-04-14T16:33:42.8170720Z hint: Using 'master' as the name for the initial branch. This default branch name
Stage 04-05 · Sync & Unlock	Checkout repository	2026-04-14T16:33:42.8172592Z hint: will change to "main" in Git 3.0. To configure the initial branch name
Stage 04-05 · Sync & Unlock	Checkout repository	2026-04-14T16:33:42.8174042Z hint: to use in all of your new repositories, which will suppress this warning,
Stage 04-05 · Sync & Unlock	Checkout repository	2026-04-14T16:33:42.8174908Z hint: call:
Stage 04-05 · Sync & Unlock	Checkout repository	2026-04-14T16:33:42.8175307Z hint:
Stage 04-05 · Sync & Unlock	Checkout repository	2026-04-14T16:33:42.8175817Z hint: 	git config --global init.defaultBranch <name>
Stage 04-05 · Sync & Unlock	Checkout repository	2026-04-14T16:33:42.8176713Z hint:
Stage 04-05 · Sync & Unlock	Checkout repository	2026-04-14T16:33:42.8177308Z hint: Names commonly chosen instead of 'master' are 'main', 'trunk' and
Stage 04-05 · Sync & Unlock	Checkout repository	2026-04-14T16:33:42.8178775Z hint: 'development'. The just-created branch can be renamed via this command:
Stage 04-05 · Sync & Unlock	Checkout repository	2026-04-14T16:33:42.8179563Z hint:
Stage 04-05 · Sync & Unlock	Checkout repository	2026-04-14T16:33:42.8179971Z hint: 	git branch -m <name>
Stage 04-05 · Sync & Unlock	Checkout repository	2026-04-14T16:33:42.8180454Z hint:
Stage 04-05 · Sync & Unlock	Checkout repository	2026-04-14T16:33:42.8181230Z hint: Disable this message with "git config set advice.defaultBranchName false"
Stage 04-05 · Sync & Unlock	Checkout repository	2026-04-14T16:33:42.8182676Z Initialized empty Git repository in /home/runner/work/aurora/aurora/.git/
Stage 04-05 · Sync & Unlock	Checkout repository	2026-04-14T16:33:42.8184480Z [command]/usr/bin/git remote add origin https://github.com/space-gen/aurora
Stage 04-05 · Sync & Unlock	Checkout repository	2026-04-14T16:33:42.8211482Z ##[endgroup]
Stage 04-05 · Sync & Unlock	Checkout repository	2026-04-14T16:33:42.8212275Z ##[group]Disabling automatic garbage collection
Stage 04-05 · Sync & Unlock	Checkout repository	2026-04-14T16:33:42.8216039Z [command]/usr/bin/git config --local gc.auto 0
Stage 04-05 · Sync & Unlock	Checkout repository	2026-04-14T16:33:42.8244435Z ##[endgroup]
Stage 04-05 · Sync & Unlock	Checkout repository	2026-04-14T16:33:42.8245868Z ##[group]Setting up auth
Stage 04-05 · Sync & Unlock	Checkout repository	2026-04-14T16:33:42.8252696Z [command]/usr/bin/git config --local --name-only --get-regexp core\.sshCommand
Stage 04-05 · Sync & Unlock	Checkout repository	2026-04-14T16:33:42.8283163Z [command]/usr/bin/git submodule foreach --recursive sh -c "git config --local --name-only --get-regexp 'core\.sshCommand' && git config --local --unset-all 'core.sshCommand' || :"
Stage 04-05 · Sync & Unlock	Checkout repository	2026-04-14T16:33:42.8582565Z [command]/usr/bin/git config --local --name-only --get-regexp http\.https\:\/\/github\.com\/\.extraheader
Stage 04-05 · Sync & Unlock	Checkout repository	2026-04-14T16:33:42.8611071Z [command]/usr/bin/git submodule foreach --recursive sh -c "git config --local --name-only --get-regexp 'http\.https\:\/\/github\.com\/\.extraheader' && git config --local --unset-all 'http.https://github.com/.extraheader' || :"
Stage 04-05 · Sync & Unlock	Checkout repository	2026-04-14T16:33:42.8819878Z [command]/usr/bin/git config --local --name-only --get-regexp ^includeIf\.gitdir:
Stage 04-05 · Sync & Unlock	Checkout repository	2026-04-14T16:33:42.8850809Z [command]/usr/bin/git submodule foreach --recursive git config --local --show-origin --name-only --get-regexp remote.origin.url
Stage 04-05 · Sync & Unlock	Checkout repository	2026-04-14T16:33:42.9061445Z [command]/usr/bin/git config --local http.https://github.com/.extraheader AUTHORIZATION: basic ***
Stage 04-05 · Sync & Unlock	Checkout repository	2026-04-14T16:33:42.9094003Z ##[endgroup]
Stage 04-05 · Sync & Unlock	Checkout repository	2026-04-14T16:33:42.9095465Z ##[group]Fetching the repository
Stage 04-05 · Sync & Unlock	Checkout repository	2026-04-14T16:33:42.9104285Z [command]/usr/bin/git -c protocol.version=2 fetch --prune --no-recurse-submodules origin +refs/heads/*:refs/remotes/origin/* +refs/tags/*:refs/tags/*
Stage 04-05 · Sync & Unlock	Checkout repository	2026-04-14T16:33:50.5752998Z From https://github.com/space-gen/aurora
Stage 04-05 · Sync & Unlock	Checkout repository	2026-04-14T16:33:50.5753850Z  * [new branch]      data       -> origin/data
Stage 04-05 · Sync & Unlock	Checkout repository	2026-04-14T16:33:50.5754482Z  * [new branch]      main       -> origin/main
Stage 04-05 · Sync & Unlock	Checkout repository	2026-04-14T16:33:50.5787271Z ##[endgroup]
Stage 04-05 · Sync & Unlock	Checkout repository	2026-04-14T16:33:50.5788511Z ##[group]Determining the checkout info
Stage 04-05 · Sync & Unlock	Checkout repository	2026-04-14T16:33:50.5794625Z [command]/usr/bin/git branch --list --remote origin/main
Stage 04-05 · Sync & Unlock	Checkout repository	2026-04-14T16:33:50.5819986Z   origin/main
Stage 04-05 · Sync & Unlock	Checkout repository	2026-04-14T16:33:50.5825880Z ##[endgroup]
Stage 04-05 · Sync & Unlock	Checkout repository	2026-04-14T16:33:50.5831269Z [command]/usr/bin/git sparse-checkout disable
Stage 04-05 · Sync & Unlock	Checkout repository	2026-04-14T16:33:50.5867707Z [command]/usr/bin/git config --local --unset-all extensions.worktreeConfig
Stage 04-05 · Sync & Unlock	Checkout repository	2026-04-14T16:33:50.5895284Z ##[group]Checking out the ref
Stage 04-05 · Sync & Unlock	Checkout repository	2026-04-14T16:33:50.5898888Z [command]/usr/bin/git checkout --progress --force -B main refs/remotes/origin/main
Stage 04-05 · Sync & Unlock	Checkout repository	2026-04-14T16:33:50.6000352Z Switched to a new branch 'main'
Stage 04-05 · Sync & Unlock	Checkout repository	2026-04-14T16:33:50.6003341Z branch 'main' set up to track 'origin/main'.
Stage 04-05 · Sync & Unlock	Checkout repository	2026-04-14T16:33:50.6009717Z ##[endgroup]
Stage 04-05 · Sync & Unlock	Checkout repository	2026-04-14T16:33:50.6046768Z [command]/usr/bin/git log -1 --format=%H
Stage 04-05 · Sync & Unlock	Checkout repository	2026-04-14T16:33:50.6071111Z ce0ffd22171b29e02189d554b50f78013be571d5
Stage 04-05 · Sync & Unlock	Download Pulled Data	﻿2026-04-14T16:33:50.6272051Z ##[group]Run actions/download-artifact@v4
Stage 04-05 · Sync & Unlock	Download Pulled Data	2026-04-14T16:33:50.6272351Z with:
Stage 04-05 · Sync & Unlock	Download Pulled Data	2026-04-14T16:33:50.6272535Z   name: fresh-task-data
Stage 04-05 · Sync & Unlock	Download Pulled Data	2026-04-14T16:33:50.6272753Z   path: data_processing/
Stage 04-05 · Sync & Unlock	Download Pulled Data	2026-04-14T16:33:50.6272980Z   merge-multiple: false
Stage 04-05 · Sync & Unlock	Download Pulled Data	2026-04-14T16:33:50.6273183Z   repository: space-gen/aurora
Stage 04-05 · Sync & Unlock	Download Pulled Data	2026-04-14T16:33:50.6273664Z   run-id: 24410945536
Stage 04-05 · Sync & Unlock	Download Pulled Data	2026-04-14T16:33:50.6273844Z env:
Stage 04-05 · Sync & Unlock	Download Pulled Data	2026-04-14T16:33:50.6274027Z   FORCE_JAVASCRIPT_ACTIONS_TO_NODE24: true
Stage 04-05 · Sync & Unlock	Download Pulled Data	2026-04-14T16:33:50.6274288Z ##[endgroup]
Stage 04-05 · Sync & Unlock	Download Pulled Data	2026-04-14T16:33:50.7747473Z Downloading single artifact
Stage 04-05 · Sync & Unlock	Download Pulled Data	2026-04-14T16:33:50.7900457Z (node:2299) [DEP0040] DeprecationWarning: The `punycode` module is deprecated. Please use a userland alternative instead.
Stage 04-05 · Sync & Unlock	Download Pulled Data	2026-04-14T16:33:50.7901412Z (Use `node --trace-deprecation ...` to show where the warning was created)
Stage 04-05 · Sync & Unlock	Download Pulled Data	2026-04-14T16:33:51.0613386Z Preparing to download the following artifacts:
Stage 04-05 · Sync & Unlock	Download Pulled Data	2026-04-14T16:33:51.0614153Z - fresh-task-data (ID: 6432864037, Size: 2511, Expected Digest: sha256:47742147b595c714fed82945582026f0b12e631049caa59b26be36ef5b0585af)
Stage 04-05 · Sync & Unlock	Download Pulled Data	2026-04-14T16:33:51.2443951Z Redirecting to blob download url: https://productionresultssa15.blob.core.windows.net/actions-results/d9554aa1-7e26-481e-9677-49c5da497b8d/workflow-job-run-f0db33fe-07a2-584a-9656-82ce5f7af881/artifacts/763b83bb06111a2101445ea6baecc2804af4f797312b05be0bcad8192d400a8b.zip
Stage 04-05 · Sync & Unlock	Download Pulled Data	2026-04-14T16:33:51.2446697Z Starting download of artifact to: /home/runner/work/aurora/aurora/data_processing
Stage 04-05 · Sync & Unlock	Download Pulled Data	2026-04-14T16:33:51.4950887Z (node:2299) [DEP0005] DeprecationWarning: Buffer() is deprecated due to security and usability issues. Please use the Buffer.alloc(), Buffer.allocUnsafe(), or Buffer.from() methods instead.
Stage 04-05 · Sync & Unlock	Download Pulled Data	2026-04-14T16:33:51.4998499Z SHA256 digest of downloaded artifact is 47742147b595c714fed82945582026f0b12e631049caa59b26be36ef5b0585af
Stage 04-05 · Sync & Unlock	Download Pulled Data	2026-04-14T16:33:51.4999215Z Artifact download completed successfully.
Stage 04-05 · Sync & Unlock	Download Pulled Data	2026-04-14T16:33:51.4999554Z Total of 1 artifact(s) downloaded
Stage 04-05 · Sync & Unlock	Download Pulled Data	2026-04-14T16:33:51.5004166Z Download artifact has finished successfully
Stage 04-05 · Sync & Unlock	Sync templates and Unlock	﻿2026-04-14T16:33:51.5113258Z ##[group]Run git config user.name "github-actions[bot]"
Stage 04-05 · Sync & Unlock	Sync templates and Unlock	2026-04-14T16:33:51.5113751Z [36;1mgit config user.name "github-actions[bot]"[0m
Stage 04-05 · Sync & Unlock	Sync templates and Unlock	2026-04-14T16:33:51.5114163Z [36;1mgit config user.email "github-actions[bot]@users.noreply.github.com"[0m
Stage 04-05 · Sync & Unlock	Sync templates and Unlock	2026-04-14T16:33:51.5114554Z [36;1m[0m
Stage 04-05 · Sync & Unlock	Sync templates and Unlock	2026-04-14T16:33:51.5114869Z [36;1m# 0. Pull latest changes (--autostash handles the downloaded artifact files)[0m
Stage 04-05 · Sync & Unlock	Sync templates and Unlock	2026-04-14T16:33:51.5115301Z [36;1mgit pull origin main --rebase --autostash[0m
Stage 04-05 · Sync & Unlock	Sync templates and Unlock	2026-04-14T16:33:51.5115562Z [36;1m[0m
Stage 04-05 · Sync & Unlock	Sync templates and Unlock	2026-04-14T16:33:51.5115787Z [36;1m# 1. Reset annotations folder with latest images[0m
Stage 04-05 · Sync & Unlock	Sync templates and Unlock	2026-04-14T16:33:51.5116377Z [36;1mpython -c '[0m
Stage 04-05 · Sync & Unlock	Sync templates and Unlock	2026-04-14T16:33:51.5116590Z [36;1mimport json, os, glob, shutil[0m
Stage 04-05 · Sync & Unlock	Sync templates and Unlock	2026-04-14T16:33:51.5116843Z [36;1mfrom pathlib import Path[0m
Stage 04-05 · Sync & Unlock	Sync templates and Unlock	2026-04-14T16:33:51.5117066Z [36;1m[0m
Stage 04-05 · Sync & Unlock	Sync templates and Unlock	2026-04-14T16:33:51.5117289Z [36;1m# Clean annotations/ but keep README.md[0m
Stage 04-05 · Sync & Unlock	Sync templates and Unlock	2026-04-14T16:33:51.5117723Z [36;1mfor p in glob.glob("annotations/*"):[0m
Stage 04-05 · Sync & Unlock	Sync templates and Unlock	2026-04-14T16:33:51.5118090Z [36;1m    if os.path.basename(p) == "README.md": continue[0m
Stage 04-05 · Sync & Unlock	Sync templates and Unlock	2026-04-14T16:33:51.5118419Z [36;1m    if os.path.isfile(p): os.remove(p)[0m
Stage 04-05 · Sync & Unlock	Sync templates and Unlock	2026-04-14T16:33:51.5118734Z [36;1m    elif os.path.isdir(p): shutil.rmtree(p)[0m
Stage 04-05 · Sync & Unlock	Sync templates and Unlock	2026-04-14T16:33:51.5119004Z [36;1m[0m
Stage 04-05 · Sync & Unlock	Sync templates and Unlock	2026-04-14T16:33:51.5119279Z [36;1m# Direct clone from data_processing to annotations with enforced order[0m
Stage 04-05 · Sync & Unlock	Sync templates and Unlock	2026-04-14T16:33:51.5119721Z [36;1mfor src_path in glob.glob("data_processing/*.jsonl"):[0m
Stage 04-05 · Sync & Unlock	Sync templates and Unlock	2026-04-14T16:33:51.5120139Z [36;1m    dest_path = Path("annotations") / os.path.basename(src_path)[0m
Stage 04-05 · Sync & Unlock	Sync templates and Unlock	2026-04-14T16:33:51.5120662Z [36;1m    with open(src_path, "r", encoding="utf-8") as fin, open(dest_path, "w", encoding="utf-8") as fout:[0m
Stage 04-05 · Sync & Unlock	Sync templates and Unlock	2026-04-14T16:33:51.5121097Z [36;1m        for line in fin:[0m
Stage 04-05 · Sync & Unlock	Sync templates and Unlock	2026-04-14T16:33:51.5121350Z [36;1m            if not line.strip(): continue[0m
Stage 04-05 · Sync & Unlock	Sync templates and Unlock	2026-04-14T16:33:51.5121632Z [36;1m            record = json.loads(line)[0m
Stage 04-05 · Sync & Unlock	Sync templates and Unlock	2026-04-14T16:33:51.5121876Z [36;1m            [0m
Stage 04-05 · Sync & Unlock	Sync templates and Unlock	2026-04-14T16:33:51.5122092Z [36;1m            # Enforce field order[0m
Stage 04-05 · Sync & Unlock	Sync templates and Unlock	2026-04-14T16:33:51.5122354Z [36;1m            ordered_record = {[0m
Stage 04-05 · Sync & Unlock	Sync templates and Unlock	2026-04-14T16:33:51.5122604Z [36;1m                "id": record.get("id"),[0m
Stage 04-05 · Sync & Unlock	Sync templates and Unlock	2026-04-14T16:33:51.5122877Z [36;1m                "url": record.get("url"),[0m
Stage 04-05 · Sync & Unlock	Sync templates and Unlock	2026-04-14T16:33:51.5123355Z [36;1m                "task_type": record.get("task_type"),[0m
Stage 04-05 · Sync & Unlock	Sync templates and Unlock	2026-04-14T16:33:51.5123680Z [36;1m                "created_at": record.get("created_at"),[0m
Stage 04-05 · Sync & Unlock	Sync templates and Unlock	2026-04-14T16:33:51.5123996Z [36;1m                "metadata": record.get("metadata", {}),[0m
Stage 04-05 · Sync & Unlock	Sync templates and Unlock	2026-04-14T16:33:51.5124326Z [36;1m                "annotations": [] # Reset for new template[0m
Stage 04-05 · Sync & Unlock	Sync templates and Unlock	2026-04-14T16:33:51.5124615Z [36;1m            }[0m
Stage 04-05 · Sync & Unlock	Sync templates and Unlock	2026-04-14T16:33:51.5124797Z [36;1m            [0m
Stage 04-05 · Sync & Unlock	Sync templates and Unlock	2026-04-14T16:33:51.5125100Z [36;1m            fout.write(json.dumps(ordered_record, separators=(",", ":")) + "\n")[0m
Stage 04-05 · Sync & Unlock	Sync templates and Unlock	2026-04-14T16:33:51.5125456Z [36;1m'          [0m
Stage 04-05 · Sync & Unlock	Sync templates and Unlock	2026-04-14T16:33:51.5125702Z [36;1m# 2. Unlock system (Rename processing -> data)[0m
Stage 04-05 · Sync & Unlock	Sync templates and Unlock	2026-04-14T16:33:51.5126009Z [36;1mif [ -d "data_processing" ]; then[0m
Stage 04-05 · Sync & Unlock	Sync templates and Unlock	2026-04-14T16:33:51.5126887Z [36;1m  if [ -d "data" ]; then[0m
Stage 04-05 · Sync & Unlock	Sync templates and Unlock	2026-04-14T16:33:51.5127325Z [36;1m    echo "::error::Both data/ and data_processing/ exist simultaneously — inconsistent state."[0m
Stage 04-05 · Sync & Unlock	Sync templates and Unlock	2026-04-14T16:33:51.5127756Z [36;1m    exit 1[0m
Stage 04-05 · Sync & Unlock	Sync templates and Unlock	2026-04-14T16:33:51.5127937Z [36;1m  fi[0m
Stage 04-05 · Sync & Unlock	Sync templates and Unlock	2026-04-14T16:33:51.5128118Z [36;1m  mv data_processing data[0m
Stage 04-05 · Sync & Unlock	Sync templates and Unlock	2026-04-14T16:33:51.5128337Z [36;1mfi[0m
Stage 04-05 · Sync & Unlock	Sync templates and Unlock	2026-04-14T16:33:51.5128487Z [36;1m[0m
Stage 04-05 · Sync & Unlock	Sync templates and Unlock	2026-04-14T16:33:51.5128658Z [36;1m# 3. Final Consolidated Commit[0m
Stage 04-05 · Sync & Unlock	Sync templates and Unlock	2026-04-14T16:33:51.5128914Z [36;1m# 3. Final Consolidated Commit[0m
Stage 04-05 · Sync & Unlock	Sync templates and Unlock	2026-04-14T16:33:51.5129315Z [36;1m# Temporarily move data out of working tree so it won't be committed to main[0m
Stage 04-05 · Sync & Unlock	Sync templates and Unlock	2026-04-14T16:33:51.5129717Z [36;1mif [ -d "data" ]; then[0m
Stage 04-05 · Sync & Unlock	Sync templates and Unlock	2026-04-14T16:33:51.5129949Z [36;1m  mkdir -p /tmp/data_pipeline[0m
Stage 04-05 · Sync & Unlock	Sync templates and Unlock	2026-04-14T16:33:51.5130205Z [36;1m  mv data /tmp/data_pipeline/data[0m
Stage 04-05 · Sync & Unlock	Sync templates and Unlock	2026-04-14T16:33:51.5130635Z [36;1mfi[0m
Stage 04-05 · Sync & Unlock	Sync templates and Unlock	2026-04-14T16:33:51.5130806Z [36;1mgit add -A .[0m
Stage 04-05 · Sync & Unlock	Sync templates and Unlock	2026-04-14T16:33:51.5131023Z [36;1mif git diff --cached --quiet; then[0m
Stage 04-05 · Sync & Unlock	Sync templates and Unlock	2026-04-14T16:33:51.5131273Z [36;1m  echo "No changes."[0m
Stage 04-05 · Sync & Unlock	Sync templates and Unlock	2026-04-14T16:33:51.5131479Z [36;1melse[0m
Stage 04-05 · Sync & Unlock	Sync templates and Unlock	2026-04-14T16:33:51.5131826Z [36;1m  git commit -m "chore(pipeline): refresh task database and clean templates [skip ci][0m
Stage 04-05 · Sync & Unlock	Sync templates and Unlock	2026-04-14T16:33:51.5132213Z [36;1m[0m
Stage 04-05 · Sync & Unlock	Sync templates and Unlock	2026-04-14T16:33:51.5132512Z [36;1m  Co-authored-by: soumyadipkarforma <soumyadipkarforma@gmail.com>"[0m
Stage 04-05 · Sync & Unlock	Sync templates and Unlock	2026-04-14T16:33:51.5132914Z [36;1m  git push origin main[0m
Stage 04-05 · Sync & Unlock	Sync templates and Unlock	2026-04-14T16:33:51.5133133Z [36;1mfi[0m
Stage 04-05 · Sync & Unlock	Sync templates and Unlock	2026-04-14T16:33:51.5133287Z [36;1m[0m
Stage 04-05 · Sync & Unlock	Sync templates and Unlock	2026-04-14T16:33:51.5133525Z [36;1m# 4. Publish data to orphan 'data' branch with no history[0m
Stage 04-05 · Sync & Unlock	Sync templates and Unlock	2026-04-14T16:33:51.5133877Z [36;1mif [ -d "/tmp/data_pipeline/data" ]; then[0m
Stage 04-05 · Sync & Unlock	Sync templates and Unlock	2026-04-14T16:33:51.5134213Z [36;1m  if git rev-parse --verify data >/dev/null 2>&1; then[0m
Stage 04-05 · Sync & Unlock	Sync templates and Unlock	2026-04-14T16:33:51.5134518Z [36;1m    git branch -D data || true[0m
Stage 04-05 · Sync & Unlock	Sync templates and Unlock	2026-04-14T16:33:51.5134758Z [36;1m  fi[0m
Stage 04-05 · Sync & Unlock	Sync templates and Unlock	2026-04-14T16:33:51.5134943Z [36;1m  git checkout --orphan data[0m
Stage 04-05 · Sync & Unlock	Sync templates and Unlock	2026-04-14T16:33:51.5135183Z [36;1m  git rm -rf --quiet . || true[0m
Stage 04-05 · Sync & Unlock	Sync templates and Unlock	2026-04-14T16:33:51.5135422Z [36;1m  mkdir -p data[0m
Stage 04-05 · Sync & Unlock	Sync templates and Unlock	2026-04-14T16:33:51.5135669Z [36;1m  cp -r /tmp/data_pipeline/data/* data/ || true[0m
Stage 04-05 · Sync & Unlock	Sync templates and Unlock	2026-04-14T16:33:51.5135951Z [36;1m  git add -f data || true[0m
Stage 04-05 · Sync & Unlock	Sync templates and Unlock	2026-04-14T16:33:51.5136462Z [36;1m  if git diff --cached --quiet; then[0m
Stage 04-05 · Sync & Unlock	Sync templates and Unlock	2026-04-14T16:33:51.5136760Z [36;1m    echo "No data changes to commit."[0m
Stage 04-05 · Sync & Unlock	Sync templates and Unlock	2026-04-14T16:33:51.5137007Z [36;1m  else[0m
Stage 04-05 · Sync & Unlock	Sync templates and Unlock	2026-04-14T16:33:51.5137244Z [36;1m    git commit -m "chore(data): refresh dataset [skip ci][0m
Stage 04-05 · Sync & Unlock	Sync templates and Unlock	2026-04-14T16:33:51.5137543Z [36;1m[0m
Stage 04-05 · Sync & Unlock	Sync templates and Unlock	2026-04-14T16:33:51.5137827Z [36;1m    Co-authored-by: soumyadipkarforma <soumyadipkarforma@gmail.com>"[0m
Stage 04-05 · Sync & Unlock	Sync templates and Unlock	2026-04-14T16:33:51.5138197Z [36;1m    git push --force origin data[0m
Stage 04-05 · Sync & Unlock	Sync templates and Unlock	2026-04-14T16:33:51.5138432Z [36;1m  fi[0m
Stage 04-05 · Sync & Unlock	Sync templates and Unlock	2026-04-14T16:33:51.5138609Z [36;1m  git checkout main || true[0m
Stage 04-05 · Sync & Unlock	Sync templates and Unlock	2026-04-14T16:33:51.5138869Z [36;1m  git reset --hard origin/main || true[0m
Stage 04-05 · Sync & Unlock	Sync templates and Unlock	2026-04-14T16:33:51.5139118Z [36;1mfi[0m
Stage 04-05 · Sync & Unlock	Sync templates and Unlock	2026-04-14T16:33:51.5139275Z [36;1m[0m
Stage 04-05 · Sync & Unlock	Sync templates and Unlock	2026-04-14T16:33:51.5139435Z [36;1m# cleanup temp[0m
Stage 04-05 · Sync & Unlock	Sync templates and Unlock	2026-04-14T16:33:51.5139649Z [36;1mrm -rf /tmp/data_pipeline || true[0m
Stage 04-05 · Sync & Unlock	Sync templates and Unlock	2026-04-14T16:33:51.5165040Z shell: /usr/bin/bash -e {0}
Stage 04-05 · Sync & Unlock	Sync templates and Unlock	2026-04-14T16:33:51.5165287Z env:
Stage 04-05 · Sync & Unlock	Sync templates and Unlock	2026-04-14T16:33:51.5165481Z   FORCE_JAVASCRIPT_ACTIONS_TO_NODE24: true
Stage 04-05 · Sync & Unlock	Sync templates and Unlock	2026-04-14T16:33:51.5165727Z ##[endgroup]
Stage 04-05 · Sync & Unlock	Sync templates and Unlock	2026-04-14T16:33:51.9033632Z From https://github.com/space-gen/aurora
Stage 04-05 · Sync & Unlock	Sync templates and Unlock	2026-04-14T16:33:51.9034130Z  * branch            main       -> FETCH_HEAD
Stage 04-05 · Sync & Unlock	Sync templates and Unlock	2026-04-14T16:33:51.9096301Z Already up to date.
Stage 04-05 · Sync & Unlock	Sync templates and Unlock	2026-04-14T16:33:51.9430553Z ##[error]Both data/ and data_processing/ exist simultaneously — inconsistent state.
Stage 04-05 · Sync & Unlock	Sync templates and Unlock	2026-04-14T16:33:51.9441777Z ##[error]Process completed with exit code 1.
Stage 04-05 · Sync & Unlock	Post Checkout repository	﻿2026-04-14T16:33:51.9596653Z Post job cleanup.
Stage 04-05 · Sync & Unlock	Post Checkout repository	2026-04-14T16:33:52.0363360Z [command]/usr/bin/git version
Stage 04-05 · Sync & Unlock	Post Checkout repository	2026-04-14T16:33:52.0399113Z git version 2.53.0
Stage 04-05 · Sync & Unlock	Post Checkout repository	2026-04-14T16:33:52.0468537Z Temporarily overriding HOME='/home/runner/work/_temp/4514101b-94cd-4fe9-898f-801686825cd2' before making global git config changes
Stage 04-05 · Sync & Unlock	Post Checkout repository	2026-04-14T16:33:52.0469465Z Adding repository directory to the temporary git global config as a safe directory
Stage 04-05 · Sync & Unlock	Post Checkout repository	2026-04-14T16:33:52.0473687Z [command]/usr/bin/git config --global --add safe.directory /home/runner/work/aurora/aurora
Stage 04-05 · Sync & Unlock	Post Checkout repository	2026-04-14T16:33:52.0507898Z [command]/usr/bin/git config --local --name-only --get-regexp core\.sshCommand
Stage 04-05 · Sync & Unlock	Post Checkout repository	2026-04-14T16:33:52.0539704Z [command]/usr/bin/git submodule foreach --recursive sh -c "git config --local --name-only --get-regexp 'core\.sshCommand' && git config --local --unset-all 'core.sshCommand' || :"
Stage 04-05 · Sync & Unlock	Post Checkout repository	2026-04-14T16:33:52.0756468Z [command]/usr/bin/git config --local --name-only --get-regexp http\.https\:\/\/github\.com\/\.extraheader
Stage 04-05 · Sync & Unlock	Post Checkout repository	2026-04-14T16:33:52.0777973Z http.https://github.com/.extraheader
Stage 04-05 · Sync & Unlock	Post Checkout repository	2026-04-14T16:33:52.0787270Z [command]/usr/bin/git config --local --unset-all http.https://github.com/.extraheader
Stage 04-05 · Sync & Unlock	Post Checkout repository	2026-04-14T16:33:52.0817467Z [command]/usr/bin/git submodule foreach --recursive sh -c "git config --local --name-only --get-regexp 'http\.https\:\/\/github\.com\/\.extraheader' && git config --local --unset-all 'http.https://github.com/.extraheader' || :"
Stage 04-05 · Sync & Unlock	Post Checkout repository	2026-04-14T16:33:52.1064512Z [command]/usr/bin/git config --local --name-only --get-regexp ^includeIf\.gitdir:
Stage 04-05 · Sync & Unlock	Post Checkout repository	2026-04-14T16:33:52.1095428Z [command]/usr/bin/git submodule foreach --recursive git config --local --show-origin --name-only --get-regexp remote.origin.url
Stage 04-05 · Sync & Unlock	Complete job	﻿2026-04-14T16:33:52.1422028Z Cleaning up orphan processes
Stage 04-05 · Sync & Unlock	Complete job	2026-04-14T16:33:52.1688223Z ##[warning]Node.js 20 is deprecated. The following actions target Node.js 20 but are being forced to run on Node.js 24: actions/checkout@v4, actions/download-artifact@v4. For more information see: https://github.blog/changelog/2025-09-19-deprecation-of-node-20-on-github-actions-runners/
