Stage 01 · Lock Frontend	Set up job	﻿2026-04-14T16:53:41.6195955Z Current runner version: '2.333.1'
Stage 01 · Lock Frontend	Set up job	2026-04-14T16:53:41.6231160Z ##[group]Runner Image Provisioner
Stage 01 · Lock Frontend	Set up job	2026-04-14T16:53:41.6232604Z Hosted Compute Agent
Stage 01 · Lock Frontend	Set up job	2026-04-14T16:53:41.6233408Z Version: 20260213.493
Stage 01 · Lock Frontend	Set up job	2026-04-14T16:53:41.6234303Z Commit: 5c115507f6dd24b8de37d8bbe0bb4509d0cc0fa3
Stage 01 · Lock Frontend	Set up job	2026-04-14T16:53:41.6235499Z Build Date: 2026-02-13T00:28:41Z
Stage 01 · Lock Frontend	Set up job	2026-04-14T16:53:41.6236537Z Worker ID: {b45db4c2-34bb-4e0c-bdd8-e51b1bb61c73}
Stage 01 · Lock Frontend	Set up job	2026-04-14T16:53:41.6237651Z Azure Region: eastus
Stage 01 · Lock Frontend	Set up job	2026-04-14T16:53:41.6238510Z ##[endgroup]
Stage 01 · Lock Frontend	Set up job	2026-04-14T16:53:41.6241316Z ##[group]Operating System
Stage 01 · Lock Frontend	Set up job	2026-04-14T16:53:41.6242201Z Ubuntu
Stage 01 · Lock Frontend	Set up job	2026-04-14T16:53:41.6243049Z 24.04.4
Stage 01 · Lock Frontend	Set up job	2026-04-14T16:53:41.6243697Z LTS
Stage 01 · Lock Frontend	Set up job	2026-04-14T16:53:41.6244422Z ##[endgroup]
Stage 01 · Lock Frontend	Set up job	2026-04-14T16:53:41.6245352Z ##[group]Runner Image
Stage 01 · Lock Frontend	Set up job	2026-04-14T16:53:41.6246250Z Image: ubuntu-24.04
Stage 01 · Lock Frontend	Set up job	2026-04-14T16:53:41.6247007Z Version: 20260406.80.1
Stage 01 · Lock Frontend	Set up job	2026-04-14T16:53:41.6248688Z Included Software: https://github.com/actions/runner-images/blob/ubuntu24/20260406.80/images/ubuntu/Ubuntu2404-Readme.md
Stage 01 · Lock Frontend	Set up job	2026-04-14T16:53:41.6251816Z Image Release: https://github.com/actions/runner-images/releases/tag/ubuntu24%2F20260406.80
Stage 01 · Lock Frontend	Set up job	2026-04-14T16:53:41.6253790Z ##[endgroup]
Stage 01 · Lock Frontend	Set up job	2026-04-14T16:53:41.6255415Z ##[group]GITHUB_TOKEN Permissions
Stage 01 · Lock Frontend	Set up job	2026-04-14T16:53:41.6258379Z Contents: write
Stage 01 · Lock Frontend	Set up job	2026-04-14T16:53:41.6259193Z Metadata: read
Stage 01 · Lock Frontend	Set up job	2026-04-14T16:53:41.6260431Z ##[endgroup]
Stage 01 · Lock Frontend	Set up job	2026-04-14T16:53:41.6263351Z Secret source: Actions
Stage 01 · Lock Frontend	Set up job	2026-04-14T16:53:41.6264445Z Prepare workflow directory
Stage 01 · Lock Frontend	Set up job	2026-04-14T16:53:41.6828235Z Prepare all required actions
Stage 01 · Lock Frontend	Set up job	2026-04-14T16:53:41.6885331Z Getting action download info
Stage 01 · Lock Frontend	Set up job	2026-04-14T16:53:42.0332880Z Download action repository 'actions/checkout@v4' (SHA:34e114876b0b11c390a56381ad16ebd13914f8d5)
Stage 01 · Lock Frontend	Set up job	2026-04-14T16:53:42.2606532Z Complete job name: Stage 01 · Lock Frontend
Stage 01 · Lock Frontend	Checkout repository	﻿2026-04-14T16:53:42.3455624Z ##[group]Run actions/checkout@v4
Stage 01 · Lock Frontend	Checkout repository	2026-04-14T16:53:42.3456570Z with:
Stage 01 · Lock Frontend	Checkout repository	2026-04-14T16:53:42.3456986Z   fetch-depth: 0
Stage 01 · Lock Frontend	Checkout repository	2026-04-14T16:53:42.3457430Z   repository: space-gen/aurora
Stage 01 · Lock Frontend	Checkout repository	2026-04-14T16:53:42.3458142Z   token: ***
Stage 01 · Lock Frontend	Checkout repository	2026-04-14T16:53:42.3458591Z   ssh-strict: true
Stage 01 · Lock Frontend	Checkout repository	2026-04-14T16:53:42.3459015Z   ssh-user: git
Stage 01 · Lock Frontend	Checkout repository	2026-04-14T16:53:42.3459432Z   persist-credentials: true
Stage 01 · Lock Frontend	Checkout repository	2026-04-14T16:53:42.3460130Z   clean: true
Stage 01 · Lock Frontend	Checkout repository	2026-04-14T16:53:42.3460557Z   sparse-checkout-cone-mode: true
Stage 01 · Lock Frontend	Checkout repository	2026-04-14T16:53:42.3461077Z   fetch-tags: false
Stage 01 · Lock Frontend	Checkout repository	2026-04-14T16:53:42.3461511Z   show-progress: true
Stage 01 · Lock Frontend	Checkout repository	2026-04-14T16:53:42.3461945Z   lfs: false
Stage 01 · Lock Frontend	Checkout repository	2026-04-14T16:53:42.3462362Z   submodules: false
Stage 01 · Lock Frontend	Checkout repository	2026-04-14T16:53:42.3462790Z   set-safe-directory: true
Stage 01 · Lock Frontend	Checkout repository	2026-04-14T16:53:42.3463508Z env:
Stage 01 · Lock Frontend	Checkout repository	2026-04-14T16:53:42.3463946Z   FORCE_JAVASCRIPT_ACTIONS_TO_NODE24: true
Stage 01 · Lock Frontend	Checkout repository	2026-04-14T16:53:42.3464491Z ##[endgroup]
Stage 01 · Lock Frontend	Checkout repository	2026-04-14T16:53:42.4405371Z Syncing repository: space-gen/aurora
Stage 01 · Lock Frontend	Checkout repository	2026-04-14T16:53:42.4407537Z ##[group]Getting Git version info
Stage 01 · Lock Frontend	Checkout repository	2026-04-14T16:53:42.4408409Z Working directory is '/home/runner/work/aurora/aurora'
Stage 01 · Lock Frontend	Checkout repository	2026-04-14T16:53:42.4409487Z [command]/usr/bin/git version
Stage 01 · Lock Frontend	Checkout repository	2026-04-14T16:53:42.4441435Z git version 2.53.0
Stage 01 · Lock Frontend	Checkout repository	2026-04-14T16:53:42.4463041Z ##[endgroup]
Stage 01 · Lock Frontend	Checkout repository	2026-04-14T16:53:42.4478890Z Temporarily overriding HOME='/home/runner/work/_temp/c4ce4a03-72af-414d-b706-5d740ff3f218' before making global git config changes
Stage 01 · Lock Frontend	Checkout repository	2026-04-14T16:53:42.4481626Z Adding repository directory to the temporary git global config as a safe directory
Stage 01 · Lock Frontend	Checkout repository	2026-04-14T16:53:42.4484639Z [command]/usr/bin/git config --global --add safe.directory /home/runner/work/aurora/aurora
Stage 01 · Lock Frontend	Checkout repository	2026-04-14T16:53:42.4521814Z Deleting the contents of '/home/runner/work/aurora/aurora'
Stage 01 · Lock Frontend	Checkout repository	2026-04-14T16:53:42.4525679Z ##[group]Initializing the repository
Stage 01 · Lock Frontend	Checkout repository	2026-04-14T16:53:42.4530740Z [command]/usr/bin/git init /home/runner/work/aurora/aurora
Stage 01 · Lock Frontend	Checkout repository	2026-04-14T16:53:42.4632478Z hint: Using 'master' as the name for the initial branch. This default branch name
Stage 01 · Lock Frontend	Checkout repository	2026-04-14T16:53:42.4634607Z hint: will change to "main" in Git 3.0. To configure the initial branch name
Stage 01 · Lock Frontend	Checkout repository	2026-04-14T16:53:42.4636443Z hint: to use in all of your new repositories, which will suppress this warning,
Stage 01 · Lock Frontend	Checkout repository	2026-04-14T16:53:42.4638143Z hint: call:
Stage 01 · Lock Frontend	Checkout repository	2026-04-14T16:53:42.4639157Z hint:
Stage 01 · Lock Frontend	Checkout repository	2026-04-14T16:53:42.4641045Z hint: 	git config --global init.defaultBranch <name>
Stage 01 · Lock Frontend	Checkout repository	2026-04-14T16:53:42.4642338Z hint:
Stage 01 · Lock Frontend	Checkout repository	2026-04-14T16:53:42.4643660Z hint: Names commonly chosen instead of 'master' are 'main', 'trunk' and
Stage 01 · Lock Frontend	Checkout repository	2026-04-14T16:53:42.4645337Z hint: 'development'. The just-created branch can be renamed via this command:
Stage 01 · Lock Frontend	Checkout repository	2026-04-14T16:53:42.4646599Z hint:
Stage 01 · Lock Frontend	Checkout repository	2026-04-14T16:53:42.4647284Z hint: 	git branch -m <name>
Stage 01 · Lock Frontend	Checkout repository	2026-04-14T16:53:42.4647787Z hint:
Stage 01 · Lock Frontend	Checkout repository	2026-04-14T16:53:42.4648426Z hint: Disable this message with "git config set advice.defaultBranchName false"
Stage 01 · Lock Frontend	Checkout repository	2026-04-14T16:53:42.4649549Z Initialized empty Git repository in /home/runner/work/aurora/aurora/.git/
Stage 01 · Lock Frontend	Checkout repository	2026-04-14T16:53:42.4651936Z [command]/usr/bin/git remote add origin https://github.com/space-gen/aurora
Stage 01 · Lock Frontend	Checkout repository	2026-04-14T16:53:42.4678044Z ##[endgroup]
Stage 01 · Lock Frontend	Checkout repository	2026-04-14T16:53:42.4678899Z ##[group]Disabling automatic garbage collection
Stage 01 · Lock Frontend	Checkout repository	2026-04-14T16:53:42.4682221Z [command]/usr/bin/git config --local gc.auto 0
Stage 01 · Lock Frontend	Checkout repository	2026-04-14T16:53:42.4710713Z ##[endgroup]
Stage 01 · Lock Frontend	Checkout repository	2026-04-14T16:53:42.4711480Z ##[group]Setting up auth
Stage 01 · Lock Frontend	Checkout repository	2026-04-14T16:53:42.4719195Z [command]/usr/bin/git config --local --name-only --get-regexp core\.sshCommand
Stage 01 · Lock Frontend	Checkout repository	2026-04-14T16:53:42.4751265Z [command]/usr/bin/git submodule foreach --recursive sh -c "git config --local --name-only --get-regexp 'core\.sshCommand' && git config --local --unset-all 'core.sshCommand' || :"
Stage 01 · Lock Frontend	Checkout repository	2026-04-14T16:53:42.5041599Z [command]/usr/bin/git config --local --name-only --get-regexp http\.https\:\/\/github\.com\/\.extraheader
Stage 01 · Lock Frontend	Checkout repository	2026-04-14T16:53:42.5073837Z [command]/usr/bin/git submodule foreach --recursive sh -c "git config --local --name-only --get-regexp 'http\.https\:\/\/github\.com\/\.extraheader' && git config --local --unset-all 'http.https://github.com/.extraheader' || :"
Stage 01 · Lock Frontend	Checkout repository	2026-04-14T16:53:42.5294785Z [command]/usr/bin/git config --local --name-only --get-regexp ^includeIf\.gitdir:
Stage 01 · Lock Frontend	Checkout repository	2026-04-14T16:53:42.5327450Z [command]/usr/bin/git submodule foreach --recursive git config --local --show-origin --name-only --get-regexp remote.origin.url
Stage 01 · Lock Frontend	Checkout repository	2026-04-14T16:53:42.5549947Z [command]/usr/bin/git config --local http.https://github.com/.extraheader AUTHORIZATION: basic ***
Stage 01 · Lock Frontend	Checkout repository	2026-04-14T16:53:42.5585475Z ##[endgroup]
Stage 01 · Lock Frontend	Checkout repository	2026-04-14T16:53:42.5595089Z ##[group]Fetching the repository
Stage 01 · Lock Frontend	Checkout repository	2026-04-14T16:53:42.5596471Z [command]/usr/bin/git -c protocol.version=2 fetch --prune --no-recurse-submodules origin +refs/heads/*:refs/remotes/origin/* +refs/tags/*:refs/tags/*
Stage 01 · Lock Frontend	Checkout repository	2026-04-14T16:53:49.5945581Z From https://github.com/space-gen/aurora
Stage 01 · Lock Frontend	Checkout repository	2026-04-14T16:53:49.5947475Z  * [new branch]      data       -> origin/data
Stage 01 · Lock Frontend	Checkout repository	2026-04-14T16:53:49.5948196Z  * [new branch]      main       -> origin/main
Stage 01 · Lock Frontend	Checkout repository	2026-04-14T16:53:49.5986171Z [command]/usr/bin/git branch --list --remote origin/main
Stage 01 · Lock Frontend	Checkout repository	2026-04-14T16:53:49.6014133Z   origin/main
Stage 01 · Lock Frontend	Checkout repository	2026-04-14T16:53:49.6025618Z [command]/usr/bin/git rev-parse refs/remotes/origin/main
Stage 01 · Lock Frontend	Checkout repository	2026-04-14T16:53:49.6048595Z 81aad740ded9da00a04f60862206c5e28268f167
Stage 01 · Lock Frontend	Checkout repository	2026-04-14T16:53:49.6054404Z ##[endgroup]
Stage 01 · Lock Frontend	Checkout repository	2026-04-14T16:53:49.6055324Z ##[group]Determining the checkout info
Stage 01 · Lock Frontend	Checkout repository	2026-04-14T16:53:49.6056427Z ##[endgroup]
Stage 01 · Lock Frontend	Checkout repository	2026-04-14T16:53:49.6061773Z [command]/usr/bin/git sparse-checkout disable
Stage 01 · Lock Frontend	Checkout repository	2026-04-14T16:53:49.6100939Z [command]/usr/bin/git config --local --unset-all extensions.worktreeConfig
Stage 01 · Lock Frontend	Checkout repository	2026-04-14T16:53:49.6131749Z ##[group]Checking out the ref
Stage 01 · Lock Frontend	Checkout repository	2026-04-14T16:53:49.6135641Z [command]/usr/bin/git checkout --progress --force -B main refs/remotes/origin/main
Stage 01 · Lock Frontend	Checkout repository	2026-04-14T16:53:49.6243359Z Switched to a new branch 'main'
Stage 01 · Lock Frontend	Checkout repository	2026-04-14T16:53:49.6244766Z branch 'main' set up to track 'origin/main'.
Stage 01 · Lock Frontend	Checkout repository	2026-04-14T16:53:49.6251633Z ##[endgroup]
Stage 01 · Lock Frontend	Checkout repository	2026-04-14T16:53:49.6290750Z [command]/usr/bin/git log -1 --format=%H
Stage 01 · Lock Frontend	Checkout repository	2026-04-14T16:53:49.6314160Z 81aad740ded9da00a04f60862206c5e28268f167
Stage 01 · Lock Frontend	Rename data/ to data_processing/	﻿2026-04-14T16:53:49.6515651Z ##[group]Run git config user.name "github-actions[bot]"
Stage 01 · Lock Frontend	Rename data/ to data_processing/	2026-04-14T16:53:49.6516351Z [36;1mgit config user.name "github-actions[bot]"[0m
Stage 01 · Lock Frontend	Rename data/ to data_processing/	2026-04-14T16:53:49.6516915Z [36;1mgit config user.email "github-actions[bot]@users.noreply.github.com"[0m
Stage 01 · Lock Frontend	Rename data/ to data_processing/	2026-04-14T16:53:49.6517404Z [36;1m[0m
Stage 01 · Lock Frontend	Rename data/ to data_processing/	2026-04-14T16:53:49.6518239Z [36;1m# Safety: if both data/ and data_processing/ exist, attempt a safe merge to avoid manual intervention.[0m
Stage 01 · Lock Frontend	Rename data/ to data_processing/	2026-04-14T16:53:49.6518911Z [36;1mif [ -d "data" ] && [ -d "data_processing" ]; then[0m
Stage 01 · Lock Frontend	Rename data/ to data_processing/	2026-04-14T16:53:49.6519801Z [36;1m  echo "::warning::Both data/ and data_processing/ exist — attempting safe merge of data -> data_processing."[0m
Stage 01 · Lock Frontend	Rename data/ to data_processing/	2026-04-14T16:53:49.6520733Z [36;1m  # Merge new files from data into data_processing without overwriting existing files in data_processing.[0m
Stage 01 · Lock Frontend	Rename data/ to data_processing/	2026-04-14T16:53:49.6521401Z [36;1m  # Use rsync for a safe, idempotent merge.[0m
Stage 01 · Lock Frontend	Rename data/ to data_processing/	2026-04-14T16:53:49.6521834Z [36;1m  if command -v rsync >/dev/null 2>&1; then[0m
Stage 01 · Lock Frontend	Rename data/ to data_processing/	2026-04-14T16:53:49.6522335Z [36;1m    rsync -a --ignore-existing data/ data_processing/ || true[0m
Stage 01 · Lock Frontend	Rename data/ to data_processing/	2026-04-14T16:53:49.6522869Z [36;1m  else[0m
Stage 01 · Lock Frontend	Rename data/ to data_processing/	2026-04-14T16:53:49.6523241Z [36;1m    # Portable fallback: copy files that don't already exist[0m
Stage 01 · Lock Frontend	Rename data/ to data_processing/	2026-04-14T16:53:49.6523683Z [36;1m    mkdir -p data_processing[0m
Stage 01 · Lock Frontend	Rename data/ to data_processing/	2026-04-14T16:53:49.6524043Z [36;1m    for f in data/*; do[0m
Stage 01 · Lock Frontend	Rename data/ to data_processing/	2026-04-14T16:53:49.6524363Z [36;1m      bn=$(basename "$f")[0m
Stage 01 · Lock Frontend	Rename data/ to data_processing/	2026-04-14T16:53:49.6524719Z [36;1m      if [ ! -e "data_processing/$bn" ]; then[0m
Stage 01 · Lock Frontend	Rename data/ to data_processing/	2026-04-14T16:53:49.6525146Z [36;1m        cp -r "data/$bn" "data_processing/" || true[0m
Stage 01 · Lock Frontend	Rename data/ to data_processing/	2026-04-14T16:53:49.6525515Z [36;1m      fi[0m
Stage 01 · Lock Frontend	Rename data/ to data_processing/	2026-04-14T16:53:49.6525766Z [36;1m    done[0m
Stage 01 · Lock Frontend	Rename data/ to data_processing/	2026-04-14T16:53:49.6526008Z [36;1m  fi[0m
Stage 01 · Lock Frontend	Rename data/ to data_processing/	2026-04-14T16:53:49.6526404Z [36;1m  # After merging, remove the old data/ directory to restore expected state.[0m
Stage 01 · Lock Frontend	Rename data/ to data_processing/	2026-04-14T16:53:49.6526898Z [36;1m  rm -rf data || true[0m
Stage 01 · Lock Frontend	Rename data/ to data_processing/	2026-04-14T16:53:49.6527407Z [36;1m  echo "Merged data/ into data_processing/ and removed data/ to recover pipeline state."[0m
Stage 01 · Lock Frontend	Rename data/ to data_processing/	2026-04-14T16:53:49.6527982Z [36;1mfi[0m
Stage 01 · Lock Frontend	Rename data/ to data_processing/	2026-04-14T16:53:49.6528232Z [36;1m[0m
Stage 01 · Lock Frontend	Rename data/ to data_processing/	2026-04-14T16:53:49.6528485Z [36;1mif [ -d "data" ]; then[0m
Stage 01 · Lock Frontend	Rename data/ to data_processing/	2026-04-14T16:53:49.6528914Z [36;1m  # Cleanly move to data_processing to lock the public frontend[0m
Stage 01 · Lock Frontend	Rename data/ to data_processing/	2026-04-14T16:53:49.6529394Z [36;1m  mv data data_processing[0m
Stage 01 · Lock Frontend	Rename data/ to data_processing/	2026-04-14T16:53:49.6529960Z [36;1m  [0m
Stage 01 · Lock Frontend	Rename data/ to data_processing/	2026-04-14T16:53:49.6530327Z [36;1m  # Prepare orphan 'data' branch and commit only data files[0m
Stage 01 · Lock Frontend	Rename data/ to data_processing/	2026-04-14T16:53:49.6530850Z [36;1m  # copy data_processing to temp to avoid polluting main[0m
Stage 01 · Lock Frontend	Rename data/ to data_processing/	2026-04-14T16:53:49.6531320Z [36;1m  mkdir -p /tmp/data_pipeline || true[0m
Stage 01 · Lock Frontend	Rename data/ to data_processing/	2026-04-14T16:53:49.6531771Z [36;1m  cp -r data_processing /tmp/data_pipeline/ || true[0m
Stage 01 · Lock Frontend	Rename data/ to data_processing/	2026-04-14T16:53:49.6532164Z [36;1m[0m
Stage 01 · Lock Frontend	Rename data/ to data_processing/	2026-04-14T16:53:49.6532504Z [36;1m  # Create orphan branch 'data' (delete local if exists)[0m
Stage 01 · Lock Frontend	Rename data/ to data_processing/	2026-04-14T16:53:49.6532997Z [36;1m  if git rev-parse --verify data >/dev/null 2>&1; then[0m
Stage 01 · Lock Frontend	Rename data/ to data_processing/	2026-04-14T16:53:49.6533419Z [36;1m    git branch -D data || true[0m
Stage 01 · Lock Frontend	Rename data/ to data_processing/	2026-04-14T16:53:49.6533745Z [36;1m  fi[0m
Stage 01 · Lock Frontend	Rename data/ to data_processing/	2026-04-14T16:53:49.6534015Z [36;1m  git checkout --orphan data[0m
Stage 01 · Lock Frontend	Rename data/ to data_processing/	2026-04-14T16:53:49.6534324Z [36;1m[0m
Stage 01 · Lock Frontend	Rename data/ to data_processing/	2026-04-14T16:53:49.6534644Z [36;1m  # Clear index and working tree for a clean branch[0m
Stage 01 · Lock Frontend	Rename data/ to data_processing/	2026-04-14T16:53:49.6535051Z [36;1m  git rm -rf --quiet . || true[0m
Stage 01 · Lock Frontend	Rename data/ to data_processing/	2026-04-14T16:53:49.6535376Z [36;1m[0m
Stage 01 · Lock Frontend	Rename data/ to data_processing/	2026-04-14T16:53:49.6535634Z [36;1m  # Populate only the data files[0m
Stage 01 · Lock Frontend	Rename data/ to data_processing/	2026-04-14T16:53:49.6535975Z [36;1m  mkdir -p data[0m
Stage 01 · Lock Frontend	Rename data/ to data_processing/	2026-04-14T16:53:49.6536348Z [36;1m  if [ -d "/tmp/data_pipeline/data_processing" ]; then[0m
Stage 01 · Lock Frontend	Rename data/ to data_processing/	2026-04-14T16:53:49.6536848Z [36;1m    cp -r /tmp/data_pipeline/data_processing/* data/ || true[0m
Stage 01 · Lock Frontend	Rename data/ to data_processing/	2026-04-14T16:53:49.6537263Z [36;1m  fi[0m
Stage 01 · Lock Frontend	Rename data/ to data_processing/	2026-04-14T16:53:49.6537503Z [36;1m[0m
Stage 01 · Lock Frontend	Rename data/ to data_processing/	2026-04-14T16:53:49.6537765Z [36;1m  git add -f data || true[0m
Stage 01 · Lock Frontend	Rename data/ to data_processing/	2026-04-14T16:53:49.6538157Z [36;1m  if git diff --cached --quiet; then[0m
Stage 01 · Lock Frontend	Rename data/ to data_processing/	2026-04-14T16:53:49.6538537Z [36;1m    echo "No data changes to commit."[0m
Stage 01 · Lock Frontend	Rename data/ to data_processing/	2026-04-14T16:53:49.6539090Z [36;1m  else[0m
Stage 01 · Lock Frontend	Rename data/ to data_processing/	2026-04-14T16:53:49.6539441Z [36;1m    git commit -m "chore(data): update dataset [skip ci][0m
Stage 01 · Lock Frontend	Rename data/ to data_processing/	2026-04-14T16:53:49.6540151Z [36;1m[0m
Stage 01 · Lock Frontend	Rename data/ to data_processing/	2026-04-14T16:53:49.6540553Z [36;1m    Co-authored-by: soumyadipkarforma <soumyadipkarforma@gmail.com>"[0m
Stage 01 · Lock Frontend	Rename data/ to data_processing/	2026-04-14T16:53:49.6541215Z [36;1m    git push --force origin data[0m
Stage 01 · Lock Frontend	Rename data/ to data_processing/	2026-04-14T16:53:49.6541545Z [36;1m  fi[0m
Stage 01 · Lock Frontend	Rename data/ to data_processing/	2026-04-14T16:53:49.6541778Z [36;1m[0m
Stage 01 · Lock Frontend	Rename data/ to data_processing/	2026-04-14T16:53:49.6542063Z [36;1m  # Return to main branch (clean workspace)[0m
Stage 01 · Lock Frontend	Rename data/ to data_processing/	2026-04-14T16:53:49.6542455Z [36;1m  git checkout main || true[0m
Stage 01 · Lock Frontend	Rename data/ to data_processing/	2026-04-14T16:53:49.6542809Z [36;1m  git reset --hard origin/main || true[0m
Stage 01 · Lock Frontend	Rename data/ to data_processing/	2026-04-14T16:53:49.6543179Z [36;1m  echo "Frontend locked."[0m
Stage 01 · Lock Frontend	Rename data/ to data_processing/	2026-04-14T16:53:49.6543484Z [36;1melse[0m
Stage 01 · Lock Frontend	Rename data/ to data_processing/	2026-04-14T16:53:49.6543763Z [36;1m  echo "System already locked."[0m
Stage 01 · Lock Frontend	Rename data/ to data_processing/	2026-04-14T16:53:49.6544086Z [36;1mfi[0m
Stage 01 · Lock Frontend	Rename data/ to data_processing/	2026-04-14T16:53:49.6570190Z shell: /usr/bin/bash -e {0}
Stage 01 · Lock Frontend	Rename data/ to data_processing/	2026-04-14T16:53:49.6570553Z env:
Stage 01 · Lock Frontend	Rename data/ to data_processing/	2026-04-14T16:53:49.6570833Z   FORCE_JAVASCRIPT_ACTIONS_TO_NODE24: true
Stage 01 · Lock Frontend	Rename data/ to data_processing/	2026-04-14T16:53:49.6571223Z ##[endgroup]
Stage 01 · Lock Frontend	Rename data/ to data_processing/	2026-04-14T16:53:49.6780819Z Switched to a new branch 'data'
Stage 01 · Lock Frontend	Rename data/ to data_processing/	2026-04-14T16:53:49.6784287Z D	data/README.md
Stage 01 · Lock Frontend	Rename data/ to data_processing/	2026-04-14T16:53:49.6784664Z D	data/data/README.md
Stage 01 · Lock Frontend	Rename data/ to data_processing/	2026-04-14T16:53:49.6785003Z D	data/magnetogram.jsonl
Stage 01 · Lock Frontend	Rename data/ to data_processing/	2026-04-14T16:53:49.6785397Z D	data/sunspot.jsonl
Stage 01 · Lock Frontend	Rename data/ to data_processing/	2026-04-14T16:53:49.6961980Z [data (root-commit) 6e2f419] chore(data): update dataset [skip ci]
Stage 01 · Lock Frontend	Rename data/ to data_processing/	2026-04-14T16:53:49.6962698Z  4 files changed, 239 insertions(+)
Stage 01 · Lock Frontend	Rename data/ to data_processing/	2026-04-14T16:53:49.6963065Z  create mode 100644 data/README.md
Stage 01 · Lock Frontend	Rename data/ to data_processing/	2026-04-14T16:53:49.6963430Z  create mode 100644 data/data/README.md
Stage 01 · Lock Frontend	Rename data/ to data_processing/	2026-04-14T16:53:49.6963814Z  create mode 100644 data/magnetogram.jsonl
Stage 01 · Lock Frontend	Rename data/ to data_processing/	2026-04-14T16:53:49.6964193Z  create mode 100644 data/sunspot.jsonl
Stage 01 · Lock Frontend	Rename data/ to data_processing/	2026-04-14T16:53:50.2275181Z To https://github.com/space-gen/aurora
Stage 01 · Lock Frontend	Rename data/ to data_processing/	2026-04-14T16:53:50.2275655Z  + 7eef3ee...6e2f419 data -> data (forced update)
Stage 01 · Lock Frontend	Rename data/ to data_processing/	2026-04-14T16:53:50.2411221Z Switched to branch 'main'
Stage 01 · Lock Frontend	Rename data/ to data_processing/	2026-04-14T16:53:50.2414583Z Your branch is up to date with 'origin/main'.
Stage 01 · Lock Frontend	Rename data/ to data_processing/	2026-04-14T16:53:50.2518994Z HEAD is now at 81aad74 fix(pipeline): auto-merge data into data_processing when both exist to avoid CI failure\n\nAttempt a safe, non-destructive merge (rsync --ignore-existing) then remove data/. This prevents the pipeline from erroring when stale dirs remain.\n\nCo-authored-by: Copilot <223556219+Copilot@users.noreply.github.com>
Stage 01 · Lock Frontend	Rename data/ to data_processing/	2026-04-14T16:53:50.2520918Z Frontend locked.
Stage 01 · Lock Frontend	Post Checkout repository	﻿2026-04-14T16:53:50.2613841Z Post job cleanup.
Stage 01 · Lock Frontend	Post Checkout repository	2026-04-14T16:53:50.3427557Z [command]/usr/bin/git version
Stage 01 · Lock Frontend	Post Checkout repository	2026-04-14T16:53:50.3498706Z git version 2.53.0
Stage 01 · Lock Frontend	Post Checkout repository	2026-04-14T16:53:50.3539140Z Temporarily overriding HOME='/home/runner/work/_temp/fa852913-db1a-4c49-a050-fd22db8c93ce' before making global git config changes
Stage 01 · Lock Frontend	Post Checkout repository	2026-04-14T16:53:50.3541349Z Adding repository directory to the temporary git global config as a safe directory
Stage 01 · Lock Frontend	Post Checkout repository	2026-04-14T16:53:50.3545482Z [command]/usr/bin/git config --global --add safe.directory /home/runner/work/aurora/aurora
Stage 01 · Lock Frontend	Post Checkout repository	2026-04-14T16:53:50.3584630Z [command]/usr/bin/git config --local --name-only --get-regexp core\.sshCommand
Stage 01 · Lock Frontend	Post Checkout repository	2026-04-14T16:53:50.3618482Z [command]/usr/bin/git submodule foreach --recursive sh -c "git config --local --name-only --get-regexp 'core\.sshCommand' && git config --local --unset-all 'core.sshCommand' || :"
Stage 01 · Lock Frontend	Post Checkout repository	2026-04-14T16:53:50.3845668Z [command]/usr/bin/git config --local --name-only --get-regexp http\.https\:\/\/github\.com\/\.extraheader
Stage 01 · Lock Frontend	Post Checkout repository	2026-04-14T16:53:50.3869326Z http.https://github.com/.extraheader
Stage 01 · Lock Frontend	Post Checkout repository	2026-04-14T16:53:50.3881473Z [command]/usr/bin/git config --local --unset-all http.https://github.com/.extraheader
Stage 01 · Lock Frontend	Post Checkout repository	2026-04-14T16:53:50.3915232Z [command]/usr/bin/git submodule foreach --recursive sh -c "git config --local --name-only --get-regexp 'http\.https\:\/\/github\.com\/\.extraheader' && git config --local --unset-all 'http.https://github.com/.extraheader' || :"
Stage 01 · Lock Frontend	Post Checkout repository	2026-04-14T16:53:50.4136298Z [command]/usr/bin/git config --local --name-only --get-regexp ^includeIf\.gitdir:
Stage 01 · Lock Frontend	Post Checkout repository	2026-04-14T16:53:50.4167799Z [command]/usr/bin/git submodule foreach --recursive git config --local --show-origin --name-only --get-regexp remote.origin.url
Stage 01 · Lock Frontend	Complete job	﻿2026-04-14T16:53:50.4523936Z Cleaning up orphan processes
Stage 01 · Lock Frontend	Complete job	2026-04-14T16:53:50.5006463Z ##[warning]Node.js 20 is deprecated. The following actions target Node.js 20 but are being forced to run on Node.js 24: actions/checkout@v4. For more information see: https://github.blog/changelog/2025-09-19-deprecation-of-node-20-on-github-actions-runners/
Stage 3 · Push Annotations to HF	Set up job	﻿2026-04-14T16:53:55.4934662Z Current runner version: '2.333.1'
Stage 3 · Push Annotations to HF	Set up job	2026-04-14T16:53:55.4960059Z ##[group]Runner Image Provisioner
Stage 3 · Push Annotations to HF	Set up job	2026-04-14T16:53:55.4960826Z Hosted Compute Agent
Stage 3 · Push Annotations to HF	Set up job	2026-04-14T16:53:55.4961386Z Version: 20260213.493
Stage 3 · Push Annotations to HF	Set up job	2026-04-14T16:53:55.4962516Z Commit: 5c115507f6dd24b8de37d8bbe0bb4509d0cc0fa3
Stage 3 · Push Annotations to HF	Set up job	2026-04-14T16:53:55.4963202Z Build Date: 2026-02-13T00:28:41Z
Stage 3 · Push Annotations to HF	Set up job	2026-04-14T16:53:55.4963890Z Worker ID: {11d9fc03-7817-4ef6-87c4-a9c8be378dfe}
Stage 3 · Push Annotations to HF	Set up job	2026-04-14T16:53:55.4964626Z Azure Region: northcentralus
Stage 3 · Push Annotations to HF	Set up job	2026-04-14T16:53:55.4965172Z ##[endgroup]
Stage 3 · Push Annotations to HF	Set up job	2026-04-14T16:53:55.4966831Z ##[group]Operating System
Stage 3 · Push Annotations to HF	Set up job	2026-04-14T16:53:55.4967469Z Ubuntu
Stage 3 · Push Annotations to HF	Set up job	2026-04-14T16:53:55.4967950Z 24.04.4
Stage 3 · Push Annotations to HF	Set up job	2026-04-14T16:53:55.4968441Z LTS
Stage 3 · Push Annotations to HF	Set up job	2026-04-14T16:53:55.4968898Z ##[endgroup]
Stage 3 · Push Annotations to HF	Set up job	2026-04-14T16:53:55.4969440Z ##[group]Runner Image
Stage 3 · Push Annotations to HF	Set up job	2026-04-14T16:53:55.4969954Z Image: ubuntu-24.04
Stage 3 · Push Annotations to HF	Set up job	2026-04-14T16:53:55.4970488Z Version: 20260406.80.1
Stage 3 · Push Annotations to HF	Set up job	2026-04-14T16:53:55.4971536Z Included Software: https://github.com/actions/runner-images/blob/ubuntu24/20260406.80/images/ubuntu/Ubuntu2404-Readme.md
Stage 3 · Push Annotations to HF	Set up job	2026-04-14T16:53:55.4973178Z Image Release: https://github.com/actions/runner-images/releases/tag/ubuntu24%2F20260406.80
Stage 3 · Push Annotations to HF	Set up job	2026-04-14T16:53:55.4974106Z ##[endgroup]
Stage 3 · Push Annotations to HF	Set up job	2026-04-14T16:53:55.4975131Z ##[group]GITHUB_TOKEN Permissions
Stage 3 · Push Annotations to HF	Set up job	2026-04-14T16:53:55.4977595Z Contents: read
Stage 3 · Push Annotations to HF	Set up job	2026-04-14T16:53:55.4978205Z Metadata: read
Stage 3 · Push Annotations to HF	Set up job	2026-04-14T16:53:55.4978838Z Packages: read
Stage 3 · Push Annotations to HF	Set up job	2026-04-14T16:53:55.4979326Z ##[endgroup]
Stage 3 · Push Annotations to HF	Set up job	2026-04-14T16:53:55.4981458Z Secret source: Actions
Stage 3 · Push Annotations to HF	Set up job	2026-04-14T16:53:55.4982488Z Prepare workflow directory
Stage 3 · Push Annotations to HF	Set up job	2026-04-14T16:53:55.5384011Z Prepare all required actions
Stage 3 · Push Annotations to HF	Set up job	2026-04-14T16:53:55.5423264Z Getting action download info
Stage 3 · Push Annotations to HF	Set up job	2026-04-14T16:53:55.9338616Z Download action repository 'actions/checkout@v4' (SHA:34e114876b0b11c390a56381ad16ebd13914f8d5)
Stage 3 · Push Annotations to HF	Set up job	2026-04-14T16:53:56.0382611Z Download action repository 'actions/setup-python@v5' (SHA:a26af69be951a213d495a4c3e4e4022e16d87065)
Stage 3 · Push Annotations to HF	Set up job	2026-04-14T16:53:56.2141853Z Complete job name: Stage 3 · Push Annotations to HF
Stage 3 · Push Annotations to HF	Checkout repository	﻿2026-04-14T16:53:56.2875119Z ##[group]Run actions/checkout@v4
Stage 3 · Push Annotations to HF	Checkout repository	2026-04-14T16:53:56.2876053Z with:
Stage 3 · Push Annotations to HF	Checkout repository	2026-04-14T16:53:56.2876486Z   repository: space-gen/aurora
Stage 3 · Push Annotations to HF	Checkout repository	2026-04-14T16:53:56.2877393Z   token: ***
Stage 3 · Push Annotations to HF	Checkout repository	2026-04-14T16:53:56.2877803Z   ssh-strict: true
Stage 3 · Push Annotations to HF	Checkout repository	2026-04-14T16:53:56.2878217Z   ssh-user: git
Stage 3 · Push Annotations to HF	Checkout repository	2026-04-14T16:53:56.2878641Z   persist-credentials: true
Stage 3 · Push Annotations to HF	Checkout repository	2026-04-14T16:53:56.2879107Z   clean: true
Stage 3 · Push Annotations to HF	Checkout repository	2026-04-14T16:53:56.2879546Z   sparse-checkout-cone-mode: true
Stage 3 · Push Annotations to HF	Checkout repository	2026-04-14T16:53:56.2880056Z   fetch-depth: 1
Stage 3 · Push Annotations to HF	Checkout repository	2026-04-14T16:53:56.2880467Z   fetch-tags: false
Stage 3 · Push Annotations to HF	Checkout repository	2026-04-14T16:53:56.2880896Z   show-progress: true
Stage 3 · Push Annotations to HF	Checkout repository	2026-04-14T16:53:56.2881341Z   lfs: false
Stage 3 · Push Annotations to HF	Checkout repository	2026-04-14T16:53:56.2881727Z   submodules: false
Stage 3 · Push Annotations to HF	Checkout repository	2026-04-14T16:53:56.2882166Z   set-safe-directory: true
Stage 3 · Push Annotations to HF	Checkout repository	2026-04-14T16:53:56.2882878Z env:
Stage 3 · Push Annotations to HF	Checkout repository	2026-04-14T16:53:56.2883337Z   FORCE_JAVASCRIPT_ACTIONS_TO_NODE24: true
Stage 3 · Push Annotations to HF	Checkout repository	2026-04-14T16:53:56.2883905Z ##[endgroup]
Stage 3 · Push Annotations to HF	Checkout repository	2026-04-14T16:53:56.3806212Z Syncing repository: space-gen/aurora
Stage 3 · Push Annotations to HF	Checkout repository	2026-04-14T16:53:56.3808312Z ##[group]Getting Git version info
Stage 3 · Push Annotations to HF	Checkout repository	2026-04-14T16:53:56.3809127Z Working directory is '/home/runner/work/aurora/aurora'
Stage 3 · Push Annotations to HF	Checkout repository	2026-04-14T16:53:56.3810145Z [command]/usr/bin/git version
Stage 3 · Push Annotations to HF	Checkout repository	2026-04-14T16:53:56.3833537Z git version 2.53.0
Stage 3 · Push Annotations to HF	Checkout repository	2026-04-14T16:53:56.3855720Z ##[endgroup]
Stage 3 · Push Annotations to HF	Checkout repository	2026-04-14T16:53:56.3869553Z Temporarily overriding HOME='/home/runner/work/_temp/a78a25b1-b423-4c0f-b669-25a1c18d7fbb' before making global git config changes
Stage 3 · Push Annotations to HF	Checkout repository	2026-04-14T16:53:56.3873890Z Adding repository directory to the temporary git global config as a safe directory
Stage 3 · Push Annotations to HF	Checkout repository	2026-04-14T16:53:56.3875074Z [command]/usr/bin/git config --global --add safe.directory /home/runner/work/aurora/aurora
Stage 3 · Push Annotations to HF	Checkout repository	2026-04-14T16:53:56.3905678Z Deleting the contents of '/home/runner/work/aurora/aurora'
Stage 3 · Push Annotations to HF	Checkout repository	2026-04-14T16:53:56.3909579Z ##[group]Initializing the repository
Stage 3 · Push Annotations to HF	Checkout repository	2026-04-14T16:53:56.3913806Z [command]/usr/bin/git init /home/runner/work/aurora/aurora
Stage 3 · Push Annotations to HF	Checkout repository	2026-04-14T16:53:56.3994207Z hint: Using 'master' as the name for the initial branch. This default branch name
Stage 3 · Push Annotations to HF	Checkout repository	2026-04-14T16:53:56.3996351Z hint: will change to "main" in Git 3.0. To configure the initial branch name
Stage 3 · Push Annotations to HF	Checkout repository	2026-04-14T16:53:56.3999147Z hint: to use in all of your new repositories, which will suppress this warning,
Stage 3 · Push Annotations to HF	Checkout repository	2026-04-14T16:53:56.4000748Z hint: call:
Stage 3 · Push Annotations to HF	Checkout repository	2026-04-14T16:53:56.4001818Z hint:
Stage 3 · Push Annotations to HF	Checkout repository	2026-04-14T16:53:56.4003064Z hint: 	git config --global init.defaultBranch <name>
Stage 3 · Push Annotations to HF	Checkout repository	2026-04-14T16:53:56.4004065Z hint:
Stage 3 · Push Annotations to HF	Checkout repository	2026-04-14T16:53:56.4004940Z hint: Names commonly chosen instead of 'master' are 'main', 'trunk' and
Stage 3 · Push Annotations to HF	Checkout repository	2026-04-14T16:53:56.4006897Z hint: 'development'. The just-created branch can be renamed via this command:
Stage 3 · Push Annotations to HF	Checkout repository	2026-04-14T16:53:56.4007829Z hint:
Stage 3 · Push Annotations to HF	Checkout repository	2026-04-14T16:53:56.4008230Z hint: 	git branch -m <name>
Stage 3 · Push Annotations to HF	Checkout repository	2026-04-14T16:53:56.4008695Z hint:
Stage 3 · Push Annotations to HF	Checkout repository	2026-04-14T16:53:56.4009311Z hint: Disable this message with "git config set advice.defaultBranchName false"
Stage 3 · Push Annotations to HF	Checkout repository	2026-04-14T16:53:56.4010276Z Initialized empty Git repository in /home/runner/work/aurora/aurora/.git/
Stage 3 · Push Annotations to HF	Checkout repository	2026-04-14T16:53:56.4012139Z [command]/usr/bin/git remote add origin https://github.com/space-gen/aurora
Stage 3 · Push Annotations to HF	Checkout repository	2026-04-14T16:53:56.4037706Z ##[endgroup]
Stage 3 · Push Annotations to HF	Checkout repository	2026-04-14T16:53:56.4038498Z ##[group]Disabling automatic garbage collection
Stage 3 · Push Annotations to HF	Checkout repository	2026-04-14T16:53:56.4041401Z [command]/usr/bin/git config --local gc.auto 0
Stage 3 · Push Annotations to HF	Checkout repository	2026-04-14T16:53:56.4068962Z ##[endgroup]
Stage 3 · Push Annotations to HF	Checkout repository	2026-04-14T16:53:56.4069690Z ##[group]Setting up auth
Stage 3 · Push Annotations to HF	Checkout repository	2026-04-14T16:53:56.4075488Z [command]/usr/bin/git config --local --name-only --get-regexp core\.sshCommand
Stage 3 · Push Annotations to HF	Checkout repository	2026-04-14T16:53:56.4104678Z [command]/usr/bin/git submodule foreach --recursive sh -c "git config --local --name-only --get-regexp 'core\.sshCommand' && git config --local --unset-all 'core.sshCommand' || :"
Stage 3 · Push Annotations to HF	Checkout repository	2026-04-14T16:53:56.4378748Z [command]/usr/bin/git config --local --name-only --get-regexp http\.https\:\/\/github\.com\/\.extraheader
Stage 3 · Push Annotations to HF	Checkout repository	2026-04-14T16:53:56.4408783Z [command]/usr/bin/git submodule foreach --recursive sh -c "git config --local --name-only --get-regexp 'http\.https\:\/\/github\.com\/\.extraheader' && git config --local --unset-all 'http.https://github.com/.extraheader' || :"
Stage 3 · Push Annotations to HF	Checkout repository	2026-04-14T16:53:56.4621288Z [command]/usr/bin/git config --local --name-only --get-regexp ^includeIf\.gitdir:
Stage 3 · Push Annotations to HF	Checkout repository	2026-04-14T16:53:56.4651875Z [command]/usr/bin/git submodule foreach --recursive git config --local --show-origin --name-only --get-regexp remote.origin.url
Stage 3 · Push Annotations to HF	Checkout repository	2026-04-14T16:53:56.4888199Z [command]/usr/bin/git config --local http.https://github.com/.extraheader AUTHORIZATION: basic ***
Stage 3 · Push Annotations to HF	Checkout repository	2026-04-14T16:53:56.4922081Z ##[endgroup]
Stage 3 · Push Annotations to HF	Checkout repository	2026-04-14T16:53:56.4923538Z ##[group]Fetching the repository
Stage 3 · Push Annotations to HF	Checkout repository	2026-04-14T16:53:56.4932745Z [command]/usr/bin/git -c protocol.version=2 fetch --no-tags --prune --no-recurse-submodules --depth=1 origin +81aad740ded9da00a04f60862206c5e28268f167:refs/remotes/origin/main
Stage 3 · Push Annotations to HF	Checkout repository	2026-04-14T16:53:56.8258521Z From https://github.com/space-gen/aurora
Stage 3 · Push Annotations to HF	Checkout repository	2026-04-14T16:53:56.8259609Z  * [new ref]         81aad740ded9da00a04f60862206c5e28268f167 -> origin/main
Stage 3 · Push Annotations to HF	Checkout repository	2026-04-14T16:53:56.8285099Z ##[endgroup]
Stage 3 · Push Annotations to HF	Checkout repository	2026-04-14T16:53:56.8285998Z ##[group]Determining the checkout info
Stage 3 · Push Annotations to HF	Checkout repository	2026-04-14T16:53:56.8288112Z ##[endgroup]
Stage 3 · Push Annotations to HF	Checkout repository	2026-04-14T16:53:56.8293661Z [command]/usr/bin/git sparse-checkout disable
Stage 3 · Push Annotations to HF	Checkout repository	2026-04-14T16:53:56.8331174Z [command]/usr/bin/git config --local --unset-all extensions.worktreeConfig
Stage 3 · Push Annotations to HF	Checkout repository	2026-04-14T16:53:56.8357936Z ##[group]Checking out the ref
Stage 3 · Push Annotations to HF	Checkout repository	2026-04-14T16:53:56.8362351Z [command]/usr/bin/git checkout --progress --force -B main refs/remotes/origin/main
Stage 3 · Push Annotations to HF	Checkout repository	2026-04-14T16:53:56.8474925Z Switched to a new branch 'main'
Stage 3 · Push Annotations to HF	Checkout repository	2026-04-14T16:53:56.8477784Z branch 'main' set up to track 'origin/main'.
Stage 3 · Push Annotations to HF	Checkout repository	2026-04-14T16:53:56.8483539Z ##[endgroup]
Stage 3 · Push Annotations to HF	Checkout repository	2026-04-14T16:53:56.8517880Z [command]/usr/bin/git log -1 --format=%H
Stage 3 · Push Annotations to HF	Checkout repository	2026-04-14T16:53:56.8547526Z 81aad740ded9da00a04f60862206c5e28268f167
Stage 3 · Push Annotations to HF	Set up Python	﻿2026-04-14T16:53:56.8827551Z ##[group]Run actions/setup-python@v5
Stage 3 · Push Annotations to HF	Set up Python	2026-04-14T16:53:56.8828174Z with:
Stage 3 · Push Annotations to HF	Set up Python	2026-04-14T16:53:56.8828569Z   python-version: 3.11
Stage 3 · Push Annotations to HF	Set up Python	2026-04-14T16:53:56.8829020Z   check-latest: false
Stage 3 · Push Annotations to HF	Set up Python	2026-04-14T16:53:56.8829626Z   token: ***
Stage 3 · Push Annotations to HF	Set up Python	2026-04-14T16:53:56.8830032Z   update-environment: true
Stage 3 · Push Annotations to HF	Set up Python	2026-04-14T16:53:56.8830514Z   allow-prereleases: false
Stage 3 · Push Annotations to HF	Set up Python	2026-04-14T16:53:56.8830974Z   freethreaded: false
Stage 3 · Push Annotations to HF	Set up Python	2026-04-14T16:53:56.8831392Z env:
Stage 3 · Push Annotations to HF	Set up Python	2026-04-14T16:53:56.8832000Z   FORCE_JAVASCRIPT_ACTIONS_TO_NODE24: true
Stage 3 · Push Annotations to HF	Set up Python	2026-04-14T16:53:56.8832539Z ##[endgroup]
Stage 3 · Push Annotations to HF	Set up Python	2026-04-14T16:53:57.0098647Z ##[group]Installed versions
Stage 3 · Push Annotations to HF	Set up Python	2026-04-14T16:53:57.0239598Z (node:2302) [DEP0040] DeprecationWarning: The `punycode` module is deprecated. Please use a userland alternative instead.
Stage 3 · Push Annotations to HF	Set up Python	2026-04-14T16:53:57.0241555Z Successfully set up CPython (3.11.15)
Stage 3 · Push Annotations to HF	Set up Python	2026-04-14T16:53:57.0243651Z (Use `node --trace-deprecation ...` to show where the warning was created)
Stage 3 · Push Annotations to HF	Set up Python	2026-04-14T16:53:57.0245540Z ##[endgroup]
Stage 3 · Push Annotations to HF	Install dependencies	﻿2026-04-14T16:53:57.0345609Z ##[group]Run pip install requests huggingface_hub datasets
Stage 3 · Push Annotations to HF	Install dependencies	2026-04-14T16:53:57.0346425Z [36;1mpip install requests huggingface_hub datasets[0m
Stage 3 · Push Annotations to HF	Install dependencies	2026-04-14T16:53:57.0382180Z shell: /usr/bin/bash -e {0}
Stage 3 · Push Annotations to HF	Install dependencies	2026-04-14T16:53:57.0382674Z env:
Stage 3 · Push Annotations to HF	Install dependencies	2026-04-14T16:53:57.0383088Z   FORCE_JAVASCRIPT_ACTIONS_TO_NODE24: true
Stage 3 · Push Annotations to HF	Install dependencies	2026-04-14T16:53:57.0383719Z   pythonLocation: /opt/hostedtoolcache/Python/3.11.15/x64
Stage 3 · Push Annotations to HF	Install dependencies	2026-04-14T16:53:57.0384503Z   PKG_CONFIG_PATH: /opt/hostedtoolcache/Python/3.11.15/x64/lib/pkgconfig
Stage 3 · Push Annotations to HF	Install dependencies	2026-04-14T16:53:57.0385299Z   Python_ROOT_DIR: /opt/hostedtoolcache/Python/3.11.15/x64
Stage 3 · Push Annotations to HF	Install dependencies	2026-04-14T16:53:57.0385979Z   Python2_ROOT_DIR: /opt/hostedtoolcache/Python/3.11.15/x64
Stage 3 · Push Annotations to HF	Install dependencies	2026-04-14T16:53:57.0386930Z   Python3_ROOT_DIR: /opt/hostedtoolcache/Python/3.11.15/x64
Stage 3 · Push Annotations to HF	Install dependencies	2026-04-14T16:53:57.0387665Z   LD_LIBRARY_PATH: /opt/hostedtoolcache/Python/3.11.15/x64/lib
Stage 3 · Push Annotations to HF	Install dependencies	2026-04-14T16:53:57.0388301Z ##[endgroup]
Stage 3 · Push Annotations to HF	Install dependencies	2026-04-14T16:53:57.7435519Z Collecting requests
Stage 3 · Push Annotations to HF	Install dependencies	2026-04-14T16:53:57.8027256Z   Downloading requests-2.33.1-py3-none-any.whl.metadata (4.8 kB)
Stage 3 · Push Annotations to HF	Install dependencies	2026-04-14T16:53:57.8525661Z Collecting huggingface_hub
Stage 3 · Push Annotations to HF	Install dependencies	2026-04-14T16:53:57.8566946Z   Downloading huggingface_hub-1.10.2-py3-none-any.whl.metadata (14 kB)
Stage 3 · Push Annotations to HF	Install dependencies	2026-04-14T16:53:57.9070443Z Collecting datasets
Stage 3 · Push Annotations to HF	Install dependencies	2026-04-14T16:53:57.9253797Z   Downloading datasets-4.8.4-py3-none-any.whl.metadata (19 kB)
Stage 3 · Push Annotations to HF	Install dependencies	2026-04-14T16:53:58.0441284Z Collecting charset_normalizer<4,>=2 (from requests)
Stage 3 · Push Annotations to HF	Install dependencies	2026-04-14T16:53:58.0488833Z   Downloading charset_normalizer-3.4.7-cp311-cp311-manylinux2014_x86_64.manylinux_2_17_x86_64.manylinux_2_28_x86_64.whl.metadata (40 kB)
Stage 3 · Push Annotations to HF	Install dependencies	2026-04-14T16:53:58.0682216Z Collecting idna<4,>=2.5 (from requests)
Stage 3 · Push Annotations to HF	Install dependencies	2026-04-14T16:53:58.0718288Z   Downloading idna-3.11-py3-none-any.whl.metadata (8.4 kB)
Stage 3 · Push Annotations to HF	Install dependencies	2026-04-14T16:53:58.0929028Z Collecting urllib3<3,>=1.26 (from requests)
Stage 3 · Push Annotations to HF	Install dependencies	2026-04-14T16:53:58.0967835Z   Downloading urllib3-2.6.3-py3-none-any.whl.metadata (6.9 kB)
Stage 3 · Push Annotations to HF	Install dependencies	2026-04-14T16:53:58.1150464Z Collecting certifi>=2023.5.7 (from requests)
Stage 3 · Push Annotations to HF	Install dependencies	2026-04-14T16:53:58.1186019Z   Downloading certifi-2026.2.25-py3-none-any.whl.metadata (2.5 kB)
Stage 3 · Push Annotations to HF	Install dependencies	2026-04-14T16:53:58.1378623Z Collecting filelock>=3.10.0 (from huggingface_hub)
Stage 3 · Push Annotations to HF	Install dependencies	2026-04-14T16:53:58.1419562Z   Downloading filelock-3.25.2-py3-none-any.whl.metadata (2.0 kB)
Stage 3 · Push Annotations to HF	Install dependencies	2026-04-14T16:53:58.1650259Z Collecting fsspec>=2023.5.0 (from huggingface_hub)
Stage 3 · Push Annotations to HF	Install dependencies	2026-04-14T16:53:58.1692733Z   Downloading fsspec-2026.3.0-py3-none-any.whl.metadata (10 kB)
Stage 3 · Push Annotations to HF	Install dependencies	2026-04-14T16:53:58.2355612Z Collecting hf-xet<2.0.0,>=1.4.3 (from huggingface_hub)
Stage 3 · Push Annotations to HF	Install dependencies	2026-04-14T16:53:58.2395148Z   Downloading hf_xet-1.4.3-cp37-abi3-manylinux2014_x86_64.manylinux_2_17_x86_64.whl.metadata (4.9 kB)
Stage 3 · Push Annotations to HF	Install dependencies	2026-04-14T16:53:58.2554481Z Collecting httpx<1,>=0.23.0 (from huggingface_hub)
Stage 3 · Push Annotations to HF	Install dependencies	2026-04-14T16:53:58.2615136Z   Downloading httpx-0.28.1-py3-none-any.whl.metadata (7.1 kB)
Stage 3 · Push Annotations to HF	Install dependencies	2026-04-14T16:53:58.2766322Z Collecting packaging>=20.9 (from huggingface_hub)
Stage 3 · Push Annotations to HF	Install dependencies	2026-04-14T16:53:58.2804200Z   Downloading packaging-26.0-py3-none-any.whl.metadata (3.3 kB)
Stage 3 · Push Annotations to HF	Install dependencies	2026-04-14T16:53:58.3174102Z Collecting pyyaml>=5.1 (from huggingface_hub)
Stage 3 · Push Annotations to HF	Install dependencies	2026-04-14T16:53:58.3212169Z   Downloading pyyaml-6.0.3-cp311-cp311-manylinux2014_x86_64.manylinux_2_17_x86_64.manylinux_2_28_x86_64.whl.metadata (2.4 kB)
Stage 3 · Push Annotations to HF	Install dependencies	2026-04-14T16:53:58.3469485Z Collecting tqdm>=4.42.1 (from huggingface_hub)
Stage 3 · Push Annotations to HF	Install dependencies	2026-04-14T16:53:58.3507368Z   Downloading tqdm-4.67.3-py3-none-any.whl.metadata (57 kB)
Stage 3 · Push Annotations to HF	Install dependencies	2026-04-14T16:53:58.3747744Z Collecting typer (from huggingface_hub)
Stage 3 · Push Annotations to HF	Install dependencies	2026-04-14T16:53:58.3784084Z   Downloading typer-0.24.1-py3-none-any.whl.metadata (16 kB)
Stage 3 · Push Annotations to HF	Install dependencies	2026-04-14T16:53:58.3948454Z Collecting typing-extensions>=4.1.0 (from huggingface_hub)
Stage 3 · Push Annotations to HF	Install dependencies	2026-04-14T16:53:58.3983131Z   Downloading typing_extensions-4.15.0-py3-none-any.whl.metadata (3.3 kB)
Stage 3 · Push Annotations to HF	Install dependencies	2026-04-14T16:53:58.4163727Z Collecting anyio (from httpx<1,>=0.23.0->huggingface_hub)
Stage 3 · Push Annotations to HF	Install dependencies	2026-04-14T16:53:58.4197247Z   Downloading anyio-4.13.0-py3-none-any.whl.metadata (4.5 kB)
Stage 3 · Push Annotations to HF	Install dependencies	2026-04-14T16:53:58.4362556Z Collecting httpcore==1.* (from httpx<1,>=0.23.0->huggingface_hub)
Stage 3 · Push Annotations to HF	Install dependencies	2026-04-14T16:53:58.4398496Z   Downloading httpcore-1.0.9-py3-none-any.whl.metadata (21 kB)
Stage 3 · Push Annotations to HF	Install dependencies	2026-04-14T16:53:58.4526106Z Collecting h11>=0.16 (from httpcore==1.*->httpx<1,>=0.23.0->huggingface_hub)
Stage 3 · Push Annotations to HF	Install dependencies	2026-04-14T16:53:58.4568428Z   Downloading h11-0.16.0-py3-none-any.whl.metadata (8.3 kB)
Stage 3 · Push Annotations to HF	Install dependencies	2026-04-14T16:53:58.6641214Z Collecting numpy>=1.17 (from datasets)
Stage 3 · Push Annotations to HF	Install dependencies	2026-04-14T16:53:58.6681056Z   Downloading numpy-2.4.4-cp311-cp311-manylinux_2_27_x86_64.manylinux_2_28_x86_64.whl.metadata (6.6 kB)
Stage 3 · Push Annotations to HF	Install dependencies	2026-04-14T16:53:58.7421830Z Collecting pyarrow>=21.0.0 (from datasets)
Stage 3 · Push Annotations to HF	Install dependencies	2026-04-14T16:53:58.7461504Z   Downloading pyarrow-23.0.1-cp311-cp311-manylinux_2_28_x86_64.whl.metadata (3.1 kB)
Stage 3 · Push Annotations to HF	Install dependencies	2026-04-14T16:53:58.7583379Z Collecting dill<0.4.2,>=0.3.0 (from datasets)
Stage 3 · Push Annotations to HF	Install dependencies	2026-04-14T16:53:58.7618171Z   Downloading dill-0.4.1-py3-none-any.whl.metadata (10 kB)
Stage 3 · Push Annotations to HF	Install dependencies	2026-04-14T16:53:58.8661975Z Collecting pandas (from datasets)
Stage 3 · Push Annotations to HF	Install dependencies	2026-04-14T16:53:58.8702834Z   Downloading pandas-3.0.2-cp311-cp311-manylinux_2_24_x86_64.manylinux_2_28_x86_64.whl.metadata (79 kB)
Stage 3 · Push Annotations to HF	Install dependencies	2026-04-14T16:53:58.9652550Z Collecting xxhash (from datasets)
Stage 3 · Push Annotations to HF	Install dependencies	2026-04-14T16:53:58.9690502Z   Downloading xxhash-3.6.0-cp311-cp311-manylinux2014_x86_64.manylinux_2_17_x86_64.manylinux_2_28_x86_64.whl.metadata (13 kB)
Stage 3 · Push Annotations to HF	Install dependencies	2026-04-14T16:53:58.9907847Z Collecting multiprocess<0.70.20 (from datasets)
Stage 3 · Push Annotations to HF	Install dependencies	2026-04-14T16:53:58.9946771Z   Downloading multiprocess-0.70.19-py311-none-any.whl.metadata (7.5 kB)
Stage 3 · Push Annotations to HF	Install dependencies	2026-04-14T16:53:59.0012983Z Collecting fsspec>=2023.5.0 (from huggingface_hub)
Stage 3 · Push Annotations to HF	Install dependencies	2026-04-14T16:53:59.0048141Z   Downloading fsspec-2026.2.0-py3-none-any.whl.metadata (10 kB)
Stage 3 · Push Annotations to HF	Install dependencies	2026-04-14T16:53:59.5630339Z Collecting aiohttp!=4.0.0a0,!=4.0.0a1 (from fsspec[http]<=2026.2.0,>=2023.1.0->datasets)
Stage 3 · Push Annotations to HF	Install dependencies	2026-04-14T16:53:59.5675630Z   Downloading aiohttp-3.13.5-cp311-cp311-manylinux2014_x86_64.manylinux_2_17_x86_64.manylinux_2_28_x86_64.whl.metadata (8.1 kB)
Stage 3 · Push Annotations to HF	Install dependencies	2026-04-14T16:53:59.5849439Z Collecting aiohappyeyeballs>=2.5.0 (from aiohttp!=4.0.0a0,!=4.0.0a1->fsspec[http]<=2026.2.0,>=2023.1.0->datasets)
Stage 3 · Push Annotations to HF	Install dependencies	2026-04-14T16:53:59.5886220Z   Downloading aiohappyeyeballs-2.6.1-py3-none-any.whl.metadata (5.9 kB)
Stage 3 · Push Annotations to HF	Install dependencies	2026-04-14T16:53:59.5998923Z Collecting aiosignal>=1.4.0 (from aiohttp!=4.0.0a0,!=4.0.0a1->fsspec[http]<=2026.2.0,>=2023.1.0->datasets)
Stage 3 · Push Annotations to HF	Install dependencies	2026-04-14T16:53:59.6033693Z   Downloading aiosignal-1.4.0-py3-none-any.whl.metadata (3.7 kB)
Stage 3 · Push Annotations to HF	Install dependencies	2026-04-14T16:53:59.6179142Z Collecting attrs>=17.3.0 (from aiohttp!=4.0.0a0,!=4.0.0a1->fsspec[http]<=2026.2.0,>=2023.1.0->datasets)
Stage 3 · Push Annotations to HF	Install dependencies	2026-04-14T16:53:59.6215232Z   Downloading attrs-26.1.0-py3-none-any.whl.metadata (8.8 kB)
Stage 3 · Push Annotations to HF	Install dependencies	2026-04-14T16:53:59.6823790Z Collecting frozenlist>=1.1.1 (from aiohttp!=4.0.0a0,!=4.0.0a1->fsspec[http]<=2026.2.0,>=2023.1.0->datasets)
Stage 3 · Push Annotations to HF	Install dependencies	2026-04-14T16:53:59.6865575Z   Downloading frozenlist-1.8.0-cp311-cp311-manylinux1_x86_64.manylinux_2_28_x86_64.manylinux_2_5_x86_64.whl.metadata (20 kB)
Stage 3 · Push Annotations to HF	Install dependencies	2026-04-14T16:53:59.9013308Z Collecting multidict<7.0,>=4.5 (from aiohttp!=4.0.0a0,!=4.0.0a1->fsspec[http]<=2026.2.0,>=2023.1.0->datasets)
Stage 3 · Push Annotations to HF	Install dependencies	2026-04-14T16:53:59.9074254Z   Downloading multidict-6.7.1-cp311-cp311-manylinux2014_x86_64.manylinux_2_17_x86_64.manylinux_2_28_x86_64.whl.metadata (5.3 kB)
Stage 3 · Push Annotations to HF	Install dependencies	2026-04-14T16:53:59.9589063Z Collecting propcache>=0.2.0 (from aiohttp!=4.0.0a0,!=4.0.0a1->fsspec[http]<=2026.2.0,>=2023.1.0->datasets)
Stage 3 · Push Annotations to HF	Install dependencies	2026-04-14T16:53:59.9629190Z   Downloading propcache-0.4.1-cp311-cp311-manylinux2014_x86_64.manylinux_2_17_x86_64.manylinux_2_28_x86_64.whl.metadata (13 kB)
Stage 3 · Push Annotations to HF	Install dependencies	2026-04-14T16:54:00.2500473Z Collecting yarl<2.0,>=1.17.0 (from aiohttp!=4.0.0a0,!=4.0.0a1->fsspec[http]<=2026.2.0,>=2023.1.0->datasets)
Stage 3 · Push Annotations to HF	Install dependencies	2026-04-14T16:54:00.2541829Z   Downloading yarl-1.23.0-cp311-cp311-manylinux2014_x86_64.manylinux_2_17_x86_64.manylinux_2_28_x86_64.whl.metadata (79 kB)
Stage 3 · Push Annotations to HF	Install dependencies	2026-04-14T16:54:00.2925036Z Collecting python-dateutil>=2.8.2 (from pandas->datasets)
Stage 3 · Push Annotations to HF	Install dependencies	2026-04-14T16:54:00.2961195Z   Downloading python_dateutil-2.9.0.post0-py2.py3-none-any.whl.metadata (8.4 kB)
Stage 3 · Push Annotations to HF	Install dependencies	2026-04-14T16:54:00.3163683Z Collecting six>=1.5 (from python-dateutil>=2.8.2->pandas->datasets)
Stage 3 · Push Annotations to HF	Install dependencies	2026-04-14T16:54:00.3200922Z   Downloading six-1.17.0-py2.py3-none-any.whl.metadata (1.7 kB)
Stage 3 · Push Annotations to HF	Install dependencies	2026-04-14T16:54:00.3360994Z Collecting click>=8.2.1 (from typer->huggingface_hub)
Stage 3 · Push Annotations to HF	Install dependencies	2026-04-14T16:54:00.3407758Z   Downloading click-8.3.2-py3-none-any.whl.metadata (2.6 kB)
Stage 3 · Push Annotations to HF	Install dependencies	2026-04-14T16:54:00.3528151Z Collecting shellingham>=1.3.0 (from typer->huggingface_hub)
Stage 3 · Push Annotations to HF	Install dependencies	2026-04-14T16:54:00.3562923Z   Downloading shellingham-1.5.4-py2.py3-none-any.whl.metadata (3.5 kB)
Stage 3 · Push Annotations to HF	Install dependencies	2026-04-14T16:54:00.3849573Z Collecting rich>=12.3.0 (from typer->huggingface_hub)
Stage 3 · Push Annotations to HF	Install dependencies	2026-04-14T16:54:00.3889825Z   Downloading rich-15.0.0-py3-none-any.whl.metadata (18 kB)
Stage 3 · Push Annotations to HF	Install dependencies	2026-04-14T16:54:00.4045284Z Collecting annotated-doc>=0.0.2 (from typer->huggingface_hub)
Stage 3 · Push Annotations to HF	Install dependencies	2026-04-14T16:54:00.4081973Z   Downloading annotated_doc-0.0.4-py3-none-any.whl.metadata (6.6 kB)
Stage 3 · Push Annotations to HF	Install dependencies	2026-04-14T16:54:00.4226406Z Collecting markdown-it-py>=2.2.0 (from rich>=12.3.0->typer->huggingface_hub)
Stage 3 · Push Annotations to HF	Install dependencies	2026-04-14T16:54:00.4263464Z   Downloading markdown_it_py-4.0.0-py3-none-any.whl.metadata (7.3 kB)
Stage 3 · Push Annotations to HF	Install dependencies	2026-04-14T16:54:00.4456614Z Collecting pygments<3.0.0,>=2.13.0 (from rich>=12.3.0->typer->huggingface_hub)
Stage 3 · Push Annotations to HF	Install dependencies	2026-04-14T16:54:00.4491165Z   Downloading pygments-2.20.0-py3-none-any.whl.metadata (2.5 kB)
Stage 3 · Push Annotations to HF	Install dependencies	2026-04-14T16:54:00.4605294Z Collecting mdurl~=0.1 (from markdown-it-py>=2.2.0->rich>=12.3.0->typer->huggingface_hub)
Stage 3 · Push Annotations to HF	Install dependencies	2026-04-14T16:54:00.4639224Z   Downloading mdurl-0.1.2-py3-none-any.whl.metadata (1.6 kB)
Stage 3 · Push Annotations to HF	Install dependencies	2026-04-14T16:54:00.4725116Z Downloading requests-2.33.1-py3-none-any.whl (64 kB)
Stage 3 · Push Annotations to HF	Install dependencies	2026-04-14T16:54:00.4801822Z Downloading charset_normalizer-3.4.7-cp311-cp311-manylinux2014_x86_64.manylinux_2_17_x86_64.manylinux_2_28_x86_64.whl (214 kB)
Stage 3 · Push Annotations to HF	Install dependencies	2026-04-14T16:54:00.4886191Z Downloading idna-3.11-py3-none-any.whl (71 kB)
Stage 3 · Push Annotations to HF	Install dependencies	2026-04-14T16:54:00.4963618Z Downloading urllib3-2.6.3-py3-none-any.whl (131 kB)
Stage 3 · Push Annotations to HF	Install dependencies	2026-04-14T16:54:00.5026028Z Downloading huggingface_hub-1.10.2-py3-none-any.whl (642 kB)
Stage 3 · Push Annotations to HF	Install dependencies	2026-04-14T16:54:00.5105243Z    ━━━━━━━━━━━━━━━━━━━━━━━━━━━━━━━━━━━━━━━━ 642.6/642.6 kB 71.8 MB/s  0:00:00
Stage 3 · Push Annotations to HF	Install dependencies	2026-04-14T16:54:00.5141903Z Downloading hf_xet-1.4.3-cp37-abi3-manylinux2014_x86_64.manylinux_2_17_x86_64.whl (4.2 MB)
Stage 3 · Push Annotations to HF	Install dependencies	2026-04-14T16:54:00.5326259Z    ━━━━━━━━━━━━━━━━━━━━━━━━━━━━━━━━━━━━━━━━ 4.2/4.2 MB 244.4 MB/s  0:00:00
Stage 3 · Push Annotations to HF	Install dependencies	2026-04-14T16:54:00.5364460Z Downloading httpx-0.28.1-py3-none-any.whl (73 kB)
Stage 3 · Push Annotations to HF	Install dependencies	2026-04-14T16:54:00.5424186Z Downloading httpcore-1.0.9-py3-none-any.whl (78 kB)
Stage 3 · Push Annotations to HF	Install dependencies	2026-04-14T16:54:00.5482183Z Downloading datasets-4.8.4-py3-none-any.whl (526 kB)
Stage 3 · Push Annotations to HF	Install dependencies	2026-04-14T16:54:00.5532396Z    ━━━━━━━━━━━━━━━━━━━━━━━━━━━━━━━━━━━━━━━━ 527.0/527.0 kB 95.2 MB/s  0:00:00
Stage 3 · Push Annotations to HF	Install dependencies	2026-04-14T16:54:00.5567353Z Downloading dill-0.4.1-py3-none-any.whl (120 kB)
Stage 3 · Push Annotations to HF	Install dependencies	2026-04-14T16:54:00.5631759Z Downloading fsspec-2026.2.0-py3-none-any.whl (202 kB)
Stage 3 · Push Annotations to HF	Install dependencies	2026-04-14T16:54:00.5692315Z Downloading multiprocess-0.70.19-py311-none-any.whl (144 kB)
Stage 3 · Push Annotations to HF	Install dependencies	2026-04-14T16:54:00.5751258Z Downloading aiohttp-3.13.5-cp311-cp311-manylinux2014_x86_64.manylinux_2_17_x86_64.manylinux_2_28_x86_64.whl (1.8 MB)
Stage 3 · Push Annotations to HF	Install dependencies	2026-04-14T16:54:00.5830563Z    ━━━━━━━━━━━━━━━━━━━━━━━━━━━━━━━━━━━━━━━━ 1.8/1.8 MB 277.1 MB/s  0:00:00
Stage 3 · Push Annotations to HF	Install dependencies	2026-04-14T16:54:00.5870356Z Downloading multidict-6.7.1-cp311-cp311-manylinux2014_x86_64.manylinux_2_17_x86_64.manylinux_2_28_x86_64.whl (246 kB)
Stage 3 · Push Annotations to HF	Install dependencies	2026-04-14T16:54:00.5930904Z Downloading yarl-1.23.0-cp311-cp311-manylinux2014_x86_64.manylinux_2_17_x86_64.manylinux_2_28_x86_64.whl (102 kB)
Stage 3 · Push Annotations to HF	Install dependencies	2026-04-14T16:54:00.5997603Z Downloading aiohappyeyeballs-2.6.1-py3-none-any.whl (15 kB)
Stage 3 · Push Annotations to HF	Install dependencies	2026-04-14T16:54:00.6055743Z Downloading aiosignal-1.4.0-py3-none-any.whl (7.5 kB)
Stage 3 · Push Annotations to HF	Install dependencies	2026-04-14T16:54:00.6111167Z Downloading attrs-26.1.0-py3-none-any.whl (67 kB)
Stage 3 · Push Annotations to HF	Install dependencies	2026-04-14T16:54:00.6171575Z Downloading certifi-2026.2.25-py3-none-any.whl (153 kB)
Stage 3 · Push Annotations to HF	Install dependencies	2026-04-14T16:54:00.6233306Z Downloading filelock-3.25.2-py3-none-any.whl (26 kB)
Stage 3 · Push Annotations to HF	Install dependencies	2026-04-14T16:54:00.6299814Z Downloading frozenlist-1.8.0-cp311-cp311-manylinux1_x86_64.manylinux_2_28_x86_64.manylinux_2_5_x86_64.whl (231 kB)
Stage 3 · Push Annotations to HF	Install dependencies	2026-04-14T16:54:00.6360669Z Downloading h11-0.16.0-py3-none-any.whl (37 kB)
Stage 3 · Push Annotations to HF	Install dependencies	2026-04-14T16:54:00.6413680Z Downloading numpy-2.4.4-cp311-cp311-manylinux_2_27_x86_64.manylinux_2_28_x86_64.whl (16.9 MB)
Stage 3 · Push Annotations to HF	Install dependencies	2026-04-14T16:54:00.6889476Z    ━━━━━━━━━━━━━━━━━━━━━━━━━━━━━━━━━━━━━━━━ 16.9/16.9 MB 369.1 MB/s  0:00:00
Stage 3 · Push Annotations to HF	Install dependencies	2026-04-14T16:54:00.6933057Z Downloading packaging-26.0-py3-none-any.whl (74 kB)
Stage 3 · Push Annotations to HF	Install dependencies	2026-04-14T16:54:00.7020898Z Downloading propcache-0.4.1-cp311-cp311-manylinux2014_x86_64.manylinux_2_17_x86_64.manylinux_2_28_x86_64.whl (210 kB)
Stage 3 · Push Annotations to HF	Install dependencies	2026-04-14T16:54:00.7091108Z Downloading pyarrow-23.0.1-cp311-cp311-manylinux_2_28_x86_64.whl (47.6 MB)
Stage 3 · Push Annotations to HF	Install dependencies	2026-04-14T16:54:00.8448084Z    ━━━━━━━━━━━━━━━━━━━━━━━━━━━━━━━━━━━━━━━━ 47.6/47.6 MB 355.4 MB/s  0:00:00
Stage 3 · Push Annotations to HF	Install dependencies	2026-04-14T16:54:00.8488249Z Downloading pyyaml-6.0.3-cp311-cp311-manylinux2014_x86_64.manylinux_2_17_x86_64.manylinux_2_28_x86_64.whl (806 kB)
Stage 3 · Push Annotations to HF	Install dependencies	2026-04-14T16:54:00.8544734Z    ━━━━━━━━━━━━━━━━━━━━━━━━━━━━━━━━━━━━━━━━ 806.6/806.6 kB 157.6 MB/s  0:00:00
Stage 3 · Push Annotations to HF	Install dependencies	2026-04-14T16:54:00.8583385Z Downloading tqdm-4.67.3-py3-none-any.whl (78 kB)
Stage 3 · Push Annotations to HF	Install dependencies	2026-04-14T16:54:00.8642666Z Downloading typing_extensions-4.15.0-py3-none-any.whl (44 kB)
Stage 3 · Push Annotations to HF	Install dependencies	2026-04-14T16:54:00.8701799Z Downloading anyio-4.13.0-py3-none-any.whl (114 kB)
Stage 3 · Push Annotations to HF	Install dependencies	2026-04-14T16:54:00.8769806Z Downloading pandas-3.0.2-cp311-cp311-manylinux_2_24_x86_64.manylinux_2_28_x86_64.whl (11.3 MB)
Stage 3 · Push Annotations to HF	Install dependencies	2026-04-14T16:54:00.9113550Z    ━━━━━━━━━━━━━━━━━━━━━━━━━━━━━━━━━━━━━━━━ 11.3/11.3 MB 344.7 MB/s  0:00:00
Stage 3 · Push Annotations to HF	Install dependencies	2026-04-14T16:54:00.9152978Z Downloading python_dateutil-2.9.0.post0-py2.py3-none-any.whl (229 kB)
Stage 3 · Push Annotations to HF	Install dependencies	2026-04-14T16:54:00.9214157Z Downloading six-1.17.0-py2.py3-none-any.whl (11 kB)
Stage 3 · Push Annotations to HF	Install dependencies	2026-04-14T16:54:00.9269473Z Downloading typer-0.24.1-py3-none-any.whl (56 kB)
Stage 3 · Push Annotations to HF	Install dependencies	2026-04-14T16:54:00.9324876Z Downloading annotated_doc-0.0.4-py3-none-any.whl (5.3 kB)
Stage 3 · Push Annotations to HF	Install dependencies	2026-04-14T16:54:00.9378537Z Downloading click-8.3.2-py3-none-any.whl (108 kB)
Stage 3 · Push Annotations to HF	Install dependencies	2026-04-14T16:54:00.9436914Z Downloading rich-15.0.0-py3-none-any.whl (310 kB)
Stage 3 · Push Annotations to HF	Install dependencies	2026-04-14T16:54:00.9502895Z Downloading pygments-2.20.0-py3-none-any.whl (1.2 MB)
Stage 3 · Push Annotations to HF	Install dependencies	2026-04-14T16:54:00.9571132Z    ━━━━━━━━━━━━━━━━━━━━━━━━━━━━━━━━━━━━━━━━ 1.2/1.2 MB 206.5 MB/s  0:00:00
Stage 3 · Push Annotations to HF	Install dependencies	2026-04-14T16:54:00.9606687Z Downloading markdown_it_py-4.0.0-py3-none-any.whl (87 kB)
Stage 3 · Push Annotations to HF	Install dependencies	2026-04-14T16:54:00.9663891Z Downloading mdurl-0.1.2-py3-none-any.whl (10.0 kB)
Stage 3 · Push Annotations to HF	Install dependencies	2026-04-14T16:54:00.9720529Z Downloading shellingham-1.5.4-py2.py3-none-any.whl (9.8 kB)
Stage 3 · Push Annotations to HF	Install dependencies	2026-04-14T16:54:00.9780993Z Downloading xxhash-3.6.0-cp311-cp311-manylinux2014_x86_64.manylinux_2_17_x86_64.manylinux_2_28_x86_64.whl (193 kB)
Stage 3 · Push Annotations to HF	Install dependencies	2026-04-14T16:54:01.3141340Z Installing collected packages: xxhash, urllib3, typing-extensions, tqdm, six, shellingham, pyyaml, pygments, pyarrow, propcache, packaging, numpy, multidict, mdurl, idna, hf-xet, h11, fsspec, frozenlist, filelock, dill, click, charset_normalizer, certifi, attrs, annotated-doc, aiohappyeyeballs, yarl, requests, python-dateutil, multiprocess, markdown-it-py, httpcore, anyio, aiosignal, rich, pandas, httpx, aiohttp, typer, huggingface_hub, datasets
Stage 3 · Push Annotations to HF	Install dependencies	2026-04-14T16:54:11.3362959Z 
Stage 3 · Push Annotations to HF	Install dependencies	2026-04-14T16:54:11.3388158Z Successfully installed aiohappyeyeballs-2.6.1 aiohttp-3.13.5 aiosignal-1.4.0 annotated-doc-0.0.4 anyio-4.13.0 attrs-26.1.0 certifi-2026.2.25 charset_normalizer-3.4.7 click-8.3.2 datasets-4.8.4 dill-0.4.1 filelock-3.25.2 frozenlist-1.8.0 fsspec-2026.2.0 h11-0.16.0 hf-xet-1.4.3 httpcore-1.0.9 httpx-0.28.1 huggingface_hub-1.10.2 idna-3.11 markdown-it-py-4.0.0 mdurl-0.1.2 multidict-6.7.1 multiprocess-0.70.19 numpy-2.4.4 packaging-26.0 pandas-3.0.2 propcache-0.4.1 pyarrow-23.0.1 pygments-2.20.0 python-dateutil-2.9.0.post0 pyyaml-6.0.3 requests-2.33.1 rich-15.0.0 shellingham-1.5.4 six-1.17.0 tqdm-4.67.3 typer-0.24.1 typing-extensions-4.15.0 urllib3-2.6.3 xxhash-3.6.0 yarl-1.23.0
Stage 3 · Push Annotations to HF	Merge to HuggingFace	﻿2026-04-14T16:54:11.8079298Z ##[group]Run echo "Running HF merge script (daily). Script will upload daily files and perform full merge on UTC 1st."
Stage 3 · Push Annotations to HF	Merge to HuggingFace	2026-04-14T16:54:11.8080311Z [36;1mecho "Running HF merge script (daily). Script will upload daily files and perform full merge on UTC 1st."[0m
Stage 3 · Push Annotations to HF	Merge to HuggingFace	2026-04-14T16:54:11.8080870Z [36;1mpython scripts/merge_annotations_to_hf.py[0m
Stage 3 · Push Annotations to HF	Merge to HuggingFace	2026-04-14T16:54:11.8103645Z shell: /usr/bin/bash -e {0}
Stage 3 · Push Annotations to HF	Merge to HuggingFace	2026-04-14T16:54:11.8103883Z env:
Stage 3 · Push Annotations to HF	Merge to HuggingFace	2026-04-14T16:54:11.8104090Z   FORCE_JAVASCRIPT_ACTIONS_TO_NODE24: true
Stage 3 · Push Annotations to HF	Merge to HuggingFace	2026-04-14T16:54:11.8104439Z   pythonLocation: /opt/hostedtoolcache/Python/3.11.15/x64
Stage 3 · Push Annotations to HF	Merge to HuggingFace	2026-04-14T16:54:11.8104867Z   PKG_CONFIG_PATH: /opt/hostedtoolcache/Python/3.11.15/x64/lib/pkgconfig
Stage 3 · Push Annotations to HF	Merge to HuggingFace	2026-04-14T16:54:11.8105290Z   Python_ROOT_DIR: /opt/hostedtoolcache/Python/3.11.15/x64
Stage 3 · Push Annotations to HF	Merge to HuggingFace	2026-04-14T16:54:11.8105683Z   Python2_ROOT_DIR: /opt/hostedtoolcache/Python/3.11.15/x64
Stage 3 · Push Annotations to HF	Merge to HuggingFace	2026-04-14T16:54:11.8106051Z   Python3_ROOT_DIR: /opt/hostedtoolcache/Python/3.11.15/x64
Stage 3 · Push Annotations to HF	Merge to HuggingFace	2026-04-14T16:54:11.8106421Z   LD_LIBRARY_PATH: /opt/hostedtoolcache/Python/3.11.15/x64/lib
Stage 3 · Push Annotations to HF	Merge to HuggingFace	2026-04-14T16:54:11.8107328Z   HF_TOKEN: ***
Stage 3 · Push Annotations to HF	Merge to HuggingFace	2026-04-14T16:54:11.8107524Z ##[endgroup]
Stage 3 · Push Annotations to HF	Merge to HuggingFace	2026-04-14T16:54:11.8153125Z Running HF merge script (daily). Script will upload daily files and perform full merge on UTC 1st.
Stage 3 · Push Annotations to HF	Merge to HuggingFace	2026-04-14T16:54:12.1887370Z 2026-04-14 16:54:12,188 [INFO] HTTP Request: POST https://huggingface.co/api/datasets/SpaceGen/solarhub-magnetogram/preupload/main "HTTP/1.1 200 OK"
Stage 3 · Push Annotations to HF	Merge to HuggingFace	2026-04-14T16:54:12.1890725Z No files have been modified since last commit. Skipping to prevent empty commit.
Stage 3 · Push Annotations to HF	Merge to HuggingFace	2026-04-14T16:54:12.1892054Z 2026-04-14 16:54:12,188 [WARNING] No files have been modified since last commit. Skipping to prevent empty commit.
Stage 3 · Push Annotations to HF	Merge to HuggingFace	2026-04-14T16:54:12.2303604Z 2026-04-14 16:54:12,230 [INFO] HTTP Request: GET https://huggingface.co/api/datasets/SpaceGen/solarhub-magnetogram/revision/main "HTTP/1.1 200 OK"
Stage 3 · Push Annotations to HF	Merge to HuggingFace	2026-04-14T16:54:12.2497855Z 2026-04-14 16:54:12,249 [INFO] Uploaded /home/runner/work/aurora/aurora/tmp_hf_uploads/2026-04-14.jsonl to SpaceGen/solarhub-magnetogram:data/2026-04-14.jsonl
Stage 3 · Push Annotations to HF	Merge to HuggingFace	2026-04-14T16:54:12.3092797Z 2026-04-14 16:54:12,308 [INFO] HTTP Request: POST https://huggingface.co/api/datasets/SpaceGen/solarhub-sunspot/preupload/main "HTTP/1.1 200 OK"
Stage 3 · Push Annotations to HF	Merge to HuggingFace	2026-04-14T16:54:12.3097138Z No files have been modified since last commit. Skipping to prevent empty commit.
Stage 3 · Push Annotations to HF	Merge to HuggingFace	2026-04-14T16:54:12.3098694Z 2026-04-14 16:54:12,309 [WARNING] No files have been modified since last commit. Skipping to prevent empty commit.
Stage 3 · Push Annotations to HF	Merge to HuggingFace	2026-04-14T16:54:12.3530446Z 2026-04-14 16:54:12,352 [INFO] HTTP Request: GET https://huggingface.co/api/datasets/SpaceGen/solarhub-sunspot/revision/main "HTTP/1.1 200 OK"
Stage 3 · Push Annotations to HF	Merge to HuggingFace	2026-04-14T16:54:12.3536054Z 2026-04-14 16:54:12,353 [INFO] Uploaded /home/runner/work/aurora/aurora/tmp_hf_uploads/2026-04-14.jsonl to SpaceGen/solarhub-sunspot:data/2026-04-14.jsonl
Stage 3 · Push Annotations to HF	Monthly HF history squash (1st of month)	﻿2026-04-14T16:54:12.4049760Z ##[group]Run # Use UTC date; run only on the 1st day of the month
Stage 3 · Push Annotations to HF	Monthly HF history squash (1st of month)	2026-04-14T16:54:12.4050264Z [36;1m# Use UTC date; run only on the 1st day of the month[0m
Stage 3 · Push Annotations to HF	Monthly HF history squash (1st of month)	2026-04-14T16:54:12.4050606Z [36;1mif [ "$(date -u +%d)" = "01" ]; then[0m
Stage 3 · Push Annotations to HF	Monthly HF history squash (1st of month)	2026-04-14T16:54:12.4050998Z [36;1m  echo "1st of month detected (UTC): running HF history squash"[0m
Stage 3 · Push Annotations to HF	Monthly HF history squash (1st of month)	2026-04-14T16:54:12.4051376Z [36;1m  python scripts/squash_history.py[0m
Stage 3 · Push Annotations to HF	Monthly HF history squash (1st of month)	2026-04-14T16:54:12.4051636Z [36;1melse[0m
Stage 3 · Push Annotations to HF	Monthly HF history squash (1st of month)	2026-04-14T16:54:12.4051924Z [36;1m  echo "Not the 1st of the month (UTC); skipping HF history squash."[0m
Stage 3 · Push Annotations to HF	Monthly HF history squash (1st of month)	2026-04-14T16:54:12.4052267Z [36;1mfi[0m
Stage 3 · Push Annotations to HF	Monthly HF history squash (1st of month)	2026-04-14T16:54:12.4073490Z shell: /usr/bin/bash -e {0}
Stage 3 · Push Annotations to HF	Monthly HF history squash (1st of month)	2026-04-14T16:54:12.4073727Z env:
Stage 3 · Push Annotations to HF	Monthly HF history squash (1st of month)	2026-04-14T16:54:12.4073933Z   FORCE_JAVASCRIPT_ACTIONS_TO_NODE24: true
Stage 3 · Push Annotations to HF	Monthly HF history squash (1st of month)	2026-04-14T16:54:12.4074284Z   pythonLocation: /opt/hostedtoolcache/Python/3.11.15/x64
Stage 3 · Push Annotations to HF	Monthly HF history squash (1st of month)	2026-04-14T16:54:12.4074704Z   PKG_CONFIG_PATH: /opt/hostedtoolcache/Python/3.11.15/x64/lib/pkgconfig
Stage 3 · Push Annotations to HF	Monthly HF history squash (1st of month)	2026-04-14T16:54:12.4075123Z   Python_ROOT_DIR: /opt/hostedtoolcache/Python/3.11.15/x64
Stage 3 · Push Annotations to HF	Monthly HF history squash (1st of month)	2026-04-14T16:54:12.4075525Z   Python2_ROOT_DIR: /opt/hostedtoolcache/Python/3.11.15/x64
Stage 3 · Push Annotations to HF	Monthly HF history squash (1st of month)	2026-04-14T16:54:12.4075898Z   Python3_ROOT_DIR: /opt/hostedtoolcache/Python/3.11.15/x64
Stage 3 · Push Annotations to HF	Monthly HF history squash (1st of month)	2026-04-14T16:54:12.4076427Z   LD_LIBRARY_PATH: /opt/hostedtoolcache/Python/3.11.15/x64/lib
Stage 3 · Push Annotations to HF	Monthly HF history squash (1st of month)	2026-04-14T16:54:12.4077150Z   HF_TOKEN: ***
Stage 3 · Push Annotations to HF	Monthly HF history squash (1st of month)	2026-04-14T16:54:12.4077348Z ##[endgroup]
Stage 3 · Push Annotations to HF	Monthly HF history squash (1st of month)	2026-04-14T16:54:12.4131073Z Not the 1st of the month (UTC); skipping HF history squash.
Stage 3 · Push Annotations to HF	Post Set up Python	﻿2026-04-14T16:54:12.4190216Z Post job cleanup.
Stage 3 · Push Annotations to HF	Post Set up Python	2026-04-14T16:54:12.5303198Z (node:2354) [DEP0040] DeprecationWarning: The `punycode` module is deprecated. Please use a userland alternative instead.
Stage 3 · Push Annotations to HF	Post Set up Python	2026-04-14T16:54:12.5304074Z (Use `node --trace-deprecation ...` to show where the warning was created)
Stage 3 · Push Annotations to HF	Post Checkout repository	﻿2026-04-14T16:54:12.5454040Z Post job cleanup.
Stage 3 · Push Annotations to HF	Post Checkout repository	2026-04-14T16:54:12.6225708Z [command]/usr/bin/git version
Stage 3 · Push Annotations to HF	Post Checkout repository	2026-04-14T16:54:12.6262079Z git version 2.53.0
Stage 3 · Push Annotations to HF	Post Checkout repository	2026-04-14T16:54:12.6298832Z Temporarily overriding HOME='/home/runner/work/_temp/a38cfb8a-0b81-4ad9-9e7a-58fa05de8d7c' before making global git config changes
Stage 3 · Push Annotations to HF	Post Checkout repository	2026-04-14T16:54:12.6299875Z Adding repository directory to the temporary git global config as a safe directory
Stage 3 · Push Annotations to HF	Post Checkout repository	2026-04-14T16:54:12.6304363Z [command]/usr/bin/git config --global --add safe.directory /home/runner/work/aurora/aurora
Stage 3 · Push Annotations to HF	Post Checkout repository	2026-04-14T16:54:12.6339680Z [command]/usr/bin/git config --local --name-only --get-regexp core\.sshCommand
Stage 3 · Push Annotations to HF	Post Checkout repository	2026-04-14T16:54:12.6371533Z [command]/usr/bin/git submodule foreach --recursive sh -c "git config --local --name-only --get-regexp 'core\.sshCommand' && git config --local --unset-all 'core.sshCommand' || :"
Stage 3 · Push Annotations to HF	Post Checkout repository	2026-04-14T16:54:12.6591400Z [command]/usr/bin/git config --local --name-only --get-regexp http\.https\:\/\/github\.com\/\.extraheader
Stage 3 · Push Annotations to HF	Post Checkout repository	2026-04-14T16:54:12.6638974Z http.https://github.com/.extraheader
Stage 3 · Push Annotations to HF	Post Checkout repository	2026-04-14T16:54:12.6649452Z [command]/usr/bin/git config --local --unset-all http.https://github.com/.extraheader
Stage 3 · Push Annotations to HF	Post Checkout repository	2026-04-14T16:54:12.6679436Z [command]/usr/bin/git submodule foreach --recursive sh -c "git config --local --name-only --get-regexp 'http\.https\:\/\/github\.com\/\.extraheader' && git config --local --unset-all 'http.https://github.com/.extraheader' || :"
Stage 3 · Push Annotations to HF	Post Checkout repository	2026-04-14T16:54:12.6897785Z [command]/usr/bin/git config --local --name-only --get-regexp ^includeIf\.gitdir:
Stage 3 · Push Annotations to HF	Post Checkout repository	2026-04-14T16:54:12.6927319Z [command]/usr/bin/git submodule foreach --recursive git config --local --show-origin --name-only --get-regexp remote.origin.url
Stage 3 · Push Annotations to HF	Complete job	﻿2026-04-14T16:54:12.7298988Z Cleaning up orphan processes
Stage 3 · Push Annotations to HF	Complete job	2026-04-14T16:54:12.7589118Z ##[warning]Node.js 20 is deprecated. The following actions target Node.js 20 but are being forced to run on Node.js 24: actions/checkout@v4, actions/setup-python@v5. For more information see: https://github.blog/changelog/2025-09-19-deprecation-of-node-20-on-github-actions-runners/
Stage 2 · Pull New URLs	Set up job	﻿2026-04-14T16:53:56.1482862Z Current runner version: '2.333.1'
Stage 2 · Pull New URLs	Set up job	2026-04-14T16:53:56.1506325Z ##[group]Runner Image Provisioner
Stage 2 · Pull New URLs	Set up job	2026-04-14T16:53:56.1507227Z Hosted Compute Agent
Stage 2 · Pull New URLs	Set up job	2026-04-14T16:53:56.1507760Z Version: 20260213.493
Stage 2 · Pull New URLs	Set up job	2026-04-14T16:53:56.1508449Z Commit: 5c115507f6dd24b8de37d8bbe0bb4509d0cc0fa3
Stage 2 · Pull New URLs	Set up job	2026-04-14T16:53:56.1509145Z Build Date: 2026-02-13T00:28:41Z
Stage 2 · Pull New URLs	Set up job	2026-04-14T16:53:56.1509763Z Worker ID: {7138413b-f72b-4e8f-9cfd-b0e18e66695b}
Stage 2 · Pull New URLs	Set up job	2026-04-14T16:53:56.1510519Z Azure Region: westus
Stage 2 · Pull New URLs	Set up job	2026-04-14T16:53:56.1511060Z ##[endgroup]
Stage 2 · Pull New URLs	Set up job	2026-04-14T16:53:56.1512397Z ##[group]Operating System
Stage 2 · Pull New URLs	Set up job	2026-04-14T16:53:56.1513095Z Ubuntu
Stage 2 · Pull New URLs	Set up job	2026-04-14T16:53:56.1513540Z 24.04.4
Stage 2 · Pull New URLs	Set up job	2026-04-14T16:53:56.1514000Z LTS
Stage 2 · Pull New URLs	Set up job	2026-04-14T16:53:56.1514540Z ##[endgroup]
Stage 2 · Pull New URLs	Set up job	2026-04-14T16:53:56.1515244Z ##[group]Runner Image
Stage 2 · Pull New URLs	Set up job	2026-04-14T16:53:56.1515813Z Image: ubuntu-24.04
Stage 2 · Pull New URLs	Set up job	2026-04-14T16:53:56.1516332Z Version: 20260406.80.1
Stage 2 · Pull New URLs	Set up job	2026-04-14T16:53:56.1517333Z Included Software: https://github.com/actions/runner-images/blob/ubuntu24/20260406.80/images/ubuntu/Ubuntu2404-Readme.md
Stage 2 · Pull New URLs	Set up job	2026-04-14T16:53:56.1519005Z Image Release: https://github.com/actions/runner-images/releases/tag/ubuntu24%2F20260406.80
Stage 2 · Pull New URLs	Set up job	2026-04-14T16:53:56.1519897Z ##[endgroup]
Stage 2 · Pull New URLs	Set up job	2026-04-14T16:53:56.1520979Z ##[group]GITHUB_TOKEN Permissions
Stage 2 · Pull New URLs	Set up job	2026-04-14T16:53:56.1522762Z Contents: read
Stage 2 · Pull New URLs	Set up job	2026-04-14T16:53:56.1523306Z Metadata: read
Stage 2 · Pull New URLs	Set up job	2026-04-14T16:53:56.1523934Z Packages: read
Stage 2 · Pull New URLs	Set up job	2026-04-14T16:53:56.1524470Z ##[endgroup]
Stage 2 · Pull New URLs	Set up job	2026-04-14T16:53:56.1526758Z Secret source: Actions
Stage 2 · Pull New URLs	Set up job	2026-04-14T16:53:56.1527567Z Prepare workflow directory
Stage 2 · Pull New URLs	Set up job	2026-04-14T16:53:56.1962503Z Prepare all required actions
Stage 2 · Pull New URLs	Set up job	2026-04-14T16:53:56.2014245Z Getting action download info
Stage 2 · Pull New URLs	Set up job	2026-04-14T16:53:56.7244956Z Download action repository 'actions/checkout@v4' (SHA:34e114876b0b11c390a56381ad16ebd13914f8d5)
Stage 2 · Pull New URLs	Set up job	2026-04-14T16:53:56.8232342Z Download action repository 'actions/setup-python@v5' (SHA:a26af69be951a213d495a4c3e4e4022e16d87065)
Stage 2 · Pull New URLs	Set up job	2026-04-14T16:53:56.9907031Z Download action repository 'actions/upload-artifact@v4' (SHA:ea165f8d65b6e75b540449e92b4886f43607fa02)
Stage 2 · Pull New URLs	Set up job	2026-04-14T16:53:57.1928528Z Complete job name: Stage 2 · Pull New URLs
Stage 2 · Pull New URLs	Checkout repository	﻿2026-04-14T16:53:57.2609685Z ##[group]Run actions/checkout@v4
Stage 2 · Pull New URLs	Checkout repository	2026-04-14T16:53:57.2610534Z with:
Stage 2 · Pull New URLs	Checkout repository	2026-04-14T16:53:57.2610952Z   repository: space-gen/aurora
Stage 2 · Pull New URLs	Checkout repository	2026-04-14T16:53:57.2611594Z   token: ***
Stage 2 · Pull New URLs	Checkout repository	2026-04-14T16:53:57.2611984Z   ssh-strict: true
Stage 2 · Pull New URLs	Checkout repository	2026-04-14T16:53:57.2612374Z   ssh-user: git
Stage 2 · Pull New URLs	Checkout repository	2026-04-14T16:53:57.2612782Z   persist-credentials: true
Stage 2 · Pull New URLs	Checkout repository	2026-04-14T16:53:57.2613238Z   clean: true
Stage 2 · Pull New URLs	Checkout repository	2026-04-14T16:53:57.2613651Z   sparse-checkout-cone-mode: true
Stage 2 · Pull New URLs	Checkout repository	2026-04-14T16:53:57.2614135Z   fetch-depth: 1
Stage 2 · Pull New URLs	Checkout repository	2026-04-14T16:53:57.2614523Z   fetch-tags: false
Stage 2 · Pull New URLs	Checkout repository	2026-04-14T16:53:57.2615221Z   show-progress: true
Stage 2 · Pull New URLs	Checkout repository	2026-04-14T16:53:57.2615627Z   lfs: false
Stage 2 · Pull New URLs	Checkout repository	2026-04-14T16:53:57.2616016Z   submodules: false
Stage 2 · Pull New URLs	Checkout repository	2026-04-14T16:53:57.2616423Z   set-safe-directory: true
Stage 2 · Pull New URLs	Checkout repository	2026-04-14T16:53:57.2617133Z env:
Stage 2 · Pull New URLs	Checkout repository	2026-04-14T16:53:57.2617555Z   FORCE_JAVASCRIPT_ACTIONS_TO_NODE24: true
Stage 2 · Pull New URLs	Checkout repository	2026-04-14T16:53:57.2618070Z ##[endgroup]
Stage 2 · Pull New URLs	Checkout repository	2026-04-14T16:53:57.3542828Z Syncing repository: space-gen/aurora
Stage 2 · Pull New URLs	Checkout repository	2026-04-14T16:53:57.3544818Z ##[group]Getting Git version info
Stage 2 · Pull New URLs	Checkout repository	2026-04-14T16:53:57.3545591Z Working directory is '/home/runner/work/aurora/aurora'
Stage 2 · Pull New URLs	Checkout repository	2026-04-14T16:53:57.3546548Z [command]/usr/bin/git version
Stage 2 · Pull New URLs	Checkout repository	2026-04-14T16:53:57.3585132Z git version 2.53.0
Stage 2 · Pull New URLs	Checkout repository	2026-04-14T16:53:57.3638351Z ##[endgroup]
Stage 2 · Pull New URLs	Checkout repository	2026-04-14T16:53:57.3652530Z Temporarily overriding HOME='/home/runner/work/_temp/8b08f4b0-5b34-4583-9e38-15e895e093ef' before making global git config changes
Stage 2 · Pull New URLs	Checkout repository	2026-04-14T16:53:57.3654026Z Adding repository directory to the temporary git global config as a safe directory
Stage 2 · Pull New URLs	Checkout repository	2026-04-14T16:53:57.3657916Z [command]/usr/bin/git config --global --add safe.directory /home/runner/work/aurora/aurora
Stage 2 · Pull New URLs	Checkout repository	2026-04-14T16:53:57.3689147Z Deleting the contents of '/home/runner/work/aurora/aurora'
Stage 2 · Pull New URLs	Checkout repository	2026-04-14T16:53:57.3696526Z ##[group]Initializing the repository
Stage 2 · Pull New URLs	Checkout repository	2026-04-14T16:53:57.3698748Z [command]/usr/bin/git init /home/runner/work/aurora/aurora
Stage 2 · Pull New URLs	Checkout repository	2026-04-14T16:53:57.3778788Z hint: Using 'master' as the name for the initial branch. This default branch name
Stage 2 · Pull New URLs	Checkout repository	2026-04-14T16:53:57.3780770Z hint: will change to "main" in Git 3.0. To configure the initial branch name
Stage 2 · Pull New URLs	Checkout repository	2026-04-14T16:53:57.3782462Z hint: to use in all of your new repositories, which will suppress this warning,
Stage 2 · Pull New URLs	Checkout repository	2026-04-14T16:53:57.3783970Z hint: call:
Stage 2 · Pull New URLs	Checkout repository	2026-04-14T16:53:57.3784907Z hint:
Stage 2 · Pull New URLs	Checkout repository	2026-04-14T16:53:57.3785811Z hint: 	git config --global init.defaultBranch <name>
Stage 2 · Pull New URLs	Checkout repository	2026-04-14T16:53:57.3786889Z hint:
Stage 2 · Pull New URLs	Checkout repository	2026-04-14T16:53:57.3787848Z hint: Names commonly chosen instead of 'master' are 'main', 'trunk' and
Stage 2 · Pull New URLs	Checkout repository	2026-04-14T16:53:57.3789384Z hint: 'development'. The just-created branch can be renamed via this command:
Stage 2 · Pull New URLs	Checkout repository	2026-04-14T16:53:57.3790689Z hint:
Stage 2 · Pull New URLs	Checkout repository	2026-04-14T16:53:57.3791432Z hint: 	git branch -m <name>
Stage 2 · Pull New URLs	Checkout repository	2026-04-14T16:53:57.3792126Z hint:
Stage 2 · Pull New URLs	Checkout repository	2026-04-14T16:53:57.3792752Z hint: Disable this message with "git config set advice.defaultBranchName false"
Stage 2 · Pull New URLs	Checkout repository	2026-04-14T16:53:57.3793682Z Initialized empty Git repository in /home/runner/work/aurora/aurora/.git/
Stage 2 · Pull New URLs	Checkout repository	2026-04-14T16:53:57.3795563Z [command]/usr/bin/git remote add origin https://github.com/space-gen/aurora
Stage 2 · Pull New URLs	Checkout repository	2026-04-14T16:53:57.3822547Z ##[endgroup]
Stage 2 · Pull New URLs	Checkout repository	2026-04-14T16:53:57.3823314Z ##[group]Disabling automatic garbage collection
Stage 2 · Pull New URLs	Checkout repository	2026-04-14T16:53:57.3827897Z [command]/usr/bin/git config --local gc.auto 0
Stage 2 · Pull New URLs	Checkout repository	2026-04-14T16:53:57.3856414Z ##[endgroup]
Stage 2 · Pull New URLs	Checkout repository	2026-04-14T16:53:57.3857703Z ##[group]Setting up auth
Stage 2 · Pull New URLs	Checkout repository	2026-04-14T16:53:57.3863490Z [command]/usr/bin/git config --local --name-only --get-regexp core\.sshCommand
Stage 2 · Pull New URLs	Checkout repository	2026-04-14T16:53:57.3894127Z [command]/usr/bin/git submodule foreach --recursive sh -c "git config --local --name-only --get-regexp 'core\.sshCommand' && git config --local --unset-all 'core.sshCommand' || :"
Stage 2 · Pull New URLs	Checkout repository	2026-04-14T16:53:57.4169114Z [command]/usr/bin/git config --local --name-only --get-regexp http\.https\:\/\/github\.com\/\.extraheader
Stage 2 · Pull New URLs	Checkout repository	2026-04-14T16:53:57.4198791Z [command]/usr/bin/git submodule foreach --recursive sh -c "git config --local --name-only --get-regexp 'http\.https\:\/\/github\.com\/\.extraheader' && git config --local --unset-all 'http.https://github.com/.extraheader' || :"
Stage 2 · Pull New URLs	Checkout repository	2026-04-14T16:53:57.4412132Z [command]/usr/bin/git config --local --name-only --get-regexp ^includeIf\.gitdir:
Stage 2 · Pull New URLs	Checkout repository	2026-04-14T16:53:57.4441714Z [command]/usr/bin/git submodule foreach --recursive git config --local --show-origin --name-only --get-regexp remote.origin.url
Stage 2 · Pull New URLs	Checkout repository	2026-04-14T16:53:57.4653296Z [command]/usr/bin/git config --local http.https://github.com/.extraheader AUTHORIZATION: basic ***
Stage 2 · Pull New URLs	Checkout repository	2026-04-14T16:53:57.4687008Z ##[endgroup]
Stage 2 · Pull New URLs	Checkout repository	2026-04-14T16:53:57.4687818Z ##[group]Fetching the repository
Stage 2 · Pull New URLs	Checkout repository	2026-04-14T16:53:57.4695731Z [command]/usr/bin/git -c protocol.version=2 fetch --no-tags --prune --no-recurse-submodules --depth=1 origin +81aad740ded9da00a04f60862206c5e28268f167:refs/remotes/origin/main
Stage 2 · Pull New URLs	Checkout repository	2026-04-14T16:53:58.0139898Z From https://github.com/space-gen/aurora
Stage 2 · Pull New URLs	Checkout repository	2026-04-14T16:53:58.0141539Z  * [new ref]         81aad740ded9da00a04f60862206c5e28268f167 -> origin/main
Stage 2 · Pull New URLs	Checkout repository	2026-04-14T16:53:58.0168796Z ##[endgroup]
Stage 2 · Pull New URLs	Checkout repository	2026-04-14T16:53:58.0170040Z ##[group]Determining the checkout info
Stage 2 · Pull New URLs	Checkout repository	2026-04-14T16:53:58.0171673Z ##[endgroup]
Stage 2 · Pull New URLs	Checkout repository	2026-04-14T16:53:58.0177985Z [command]/usr/bin/git sparse-checkout disable
Stage 2 · Pull New URLs	Checkout repository	2026-04-14T16:53:58.0216003Z [command]/usr/bin/git config --local --unset-all extensions.worktreeConfig
Stage 2 · Pull New URLs	Checkout repository	2026-04-14T16:53:58.0243713Z ##[group]Checking out the ref
Stage 2 · Pull New URLs	Checkout repository	2026-04-14T16:53:58.0247412Z [command]/usr/bin/git checkout --progress --force -B main refs/remotes/origin/main
Stage 2 · Pull New URLs	Checkout repository	2026-04-14T16:53:58.0362744Z Switched to a new branch 'main'
Stage 2 · Pull New URLs	Checkout repository	2026-04-14T16:53:58.0365253Z branch 'main' set up to track 'origin/main'.
Stage 2 · Pull New URLs	Checkout repository	2026-04-14T16:53:58.0372071Z ##[endgroup]
Stage 2 · Pull New URLs	Checkout repository	2026-04-14T16:53:58.0406661Z [command]/usr/bin/git log -1 --format=%H
Stage 2 · Pull New URLs	Checkout repository	2026-04-14T16:53:58.0428838Z 81aad740ded9da00a04f60862206c5e28268f167
Stage 2 · Pull New URLs	Set up Python	﻿2026-04-14T16:53:58.0738146Z ##[group]Run actions/setup-python@v5
Stage 2 · Pull New URLs	Set up Python	2026-04-14T16:53:58.0739240Z with:
Stage 2 · Pull New URLs	Set up Python	2026-04-14T16:53:58.0739956Z   python-version: 3.11
Stage 2 · Pull New URLs	Set up Python	2026-04-14T16:53:58.0740808Z   check-latest: false
Stage 2 · Pull New URLs	Set up Python	2026-04-14T16:53:58.0741901Z   token: ***
Stage 2 · Pull New URLs	Set up Python	2026-04-14T16:53:58.0742662Z   update-environment: true
Stage 2 · Pull New URLs	Set up Python	2026-04-14T16:53:58.0743610Z   allow-prereleases: false
Stage 2 · Pull New URLs	Set up Python	2026-04-14T16:53:58.0744905Z   freethreaded: false
Stage 2 · Pull New URLs	Set up Python	2026-04-14T16:53:58.0745713Z env:
Stage 2 · Pull New URLs	Set up Python	2026-04-14T16:53:58.0746472Z   FORCE_JAVASCRIPT_ACTIONS_TO_NODE24: true
Stage 2 · Pull New URLs	Set up Python	2026-04-14T16:53:58.0747537Z ##[endgroup]
Stage 2 · Pull New URLs	Set up Python	2026-04-14T16:53:58.2008245Z ##[group]Installed versions
Stage 2 · Pull New URLs	Set up Python	2026-04-14T16:53:58.2103878Z (node:2278) [DEP0040] DeprecationWarning: The `punycode` module is deprecated. Please use a userland alternative instead.
Stage 2 · Pull New URLs	Set up Python	2026-04-14T16:53:58.2108517Z (Use `node --trace-deprecation ...` to show where the warning was created)
Stage 2 · Pull New URLs	Set up Python	2026-04-14T16:53:58.2111121Z Successfully set up CPython (3.11.15)
Stage 2 · Pull New URLs	Set up Python	2026-04-14T16:53:58.2113722Z ##[endgroup]
Stage 2 · Pull New URLs	Install dependencies	﻿2026-04-14T16:53:58.2292776Z ##[group]Run pip install requests huggingface_hub datasets
Stage 2 · Pull New URLs	Install dependencies	2026-04-14T16:53:58.2294354Z [36;1mpip install requests huggingface_hub datasets[0m
Stage 2 · Pull New URLs	Install dependencies	2026-04-14T16:53:58.2330289Z shell: /usr/bin/bash -e {0}
Stage 2 · Pull New URLs	Install dependencies	2026-04-14T16:53:58.2331195Z env:
Stage 2 · Pull New URLs	Install dependencies	2026-04-14T16:53:58.2331918Z   FORCE_JAVASCRIPT_ACTIONS_TO_NODE24: true
Stage 2 · Pull New URLs	Install dependencies	2026-04-14T16:53:58.2333213Z   pythonLocation: /opt/hostedtoolcache/Python/3.11.15/x64
Stage 2 · Pull New URLs	Install dependencies	2026-04-14T16:53:58.2335129Z   PKG_CONFIG_PATH: /opt/hostedtoolcache/Python/3.11.15/x64/lib/pkgconfig
Stage 2 · Pull New URLs	Install dependencies	2026-04-14T16:53:58.2336756Z   Python_ROOT_DIR: /opt/hostedtoolcache/Python/3.11.15/x64
Stage 2 · Pull New URLs	Install dependencies	2026-04-14T16:53:58.2338200Z   Python2_ROOT_DIR: /opt/hostedtoolcache/Python/3.11.15/x64
Stage 2 · Pull New URLs	Install dependencies	2026-04-14T16:53:58.2339648Z   Python3_ROOT_DIR: /opt/hostedtoolcache/Python/3.11.15/x64
Stage 2 · Pull New URLs	Install dependencies	2026-04-14T16:53:58.2341126Z   LD_LIBRARY_PATH: /opt/hostedtoolcache/Python/3.11.15/x64/lib
Stage 2 · Pull New URLs	Install dependencies	2026-04-14T16:53:58.2342378Z ##[endgroup]
Stage 2 · Pull New URLs	Install dependencies	2026-04-14T16:54:00.3339116Z Collecting requests
Stage 2 · Pull New URLs	Install dependencies	2026-04-14T16:54:00.3879047Z   Downloading requests-2.33.1-py3-none-any.whl.metadata (4.8 kB)
Stage 2 · Pull New URLs	Install dependencies	2026-04-14T16:54:00.4972924Z Collecting huggingface_hub
Stage 2 · Pull New URLs	Install dependencies	2026-04-14T16:54:00.5004756Z   Downloading huggingface_hub-1.10.2-py3-none-any.whl.metadata (14 kB)
Stage 2 · Pull New URLs	Install dependencies	2026-04-14T16:54:00.5448181Z Collecting datasets
Stage 2 · Pull New URLs	Install dependencies	2026-04-14T16:54:00.5487879Z   Downloading datasets-4.8.4-py3-none-any.whl.metadata (19 kB)
Stage 2 · Pull New URLs	Install dependencies	2026-04-14T16:54:00.6594003Z Collecting charset_normalizer<4,>=2 (from requests)
Stage 2 · Pull New URLs	Install dependencies	2026-04-14T16:54:00.6637287Z   Downloading charset_normalizer-3.4.7-cp311-cp311-manylinux2014_x86_64.manylinux_2_17_x86_64.manylinux_2_28_x86_64.whl.metadata (40 kB)
Stage 2 · Pull New URLs	Install dependencies	2026-04-14T16:54:00.6823448Z Collecting idna<4,>=2.5 (from requests)
Stage 2 · Pull New URLs	Install dependencies	2026-04-14T16:54:00.6851387Z   Downloading idna-3.11-py3-none-any.whl.metadata (8.4 kB)
Stage 2 · Pull New URLs	Install dependencies	2026-04-14T16:54:00.7043987Z Collecting urllib3<3,>=1.26 (from requests)
Stage 2 · Pull New URLs	Install dependencies	2026-04-14T16:54:00.7070377Z   Downloading urllib3-2.6.3-py3-none-any.whl.metadata (6.9 kB)
Stage 2 · Pull New URLs	Install dependencies	2026-04-14T16:54:00.7234762Z Collecting certifi>=2023.5.7 (from requests)
Stage 2 · Pull New URLs	Install dependencies	2026-04-14T16:54:00.7260596Z   Downloading certifi-2026.2.25-py3-none-any.whl.metadata (2.5 kB)
Stage 2 · Pull New URLs	Install dependencies	2026-04-14T16:54:00.7440409Z Collecting filelock>=3.10.0 (from huggingface_hub)
Stage 2 · Pull New URLs	Install dependencies	2026-04-14T16:54:00.7468643Z   Downloading filelock-3.25.2-py3-none-any.whl.metadata (2.0 kB)
Stage 2 · Pull New URLs	Install dependencies	2026-04-14T16:54:00.7639010Z Collecting fsspec>=2023.5.0 (from huggingface_hub)
Stage 2 · Pull New URLs	Install dependencies	2026-04-14T16:54:00.7669308Z   Downloading fsspec-2026.3.0-py3-none-any.whl.metadata (10 kB)
Stage 2 · Pull New URLs	Install dependencies	2026-04-14T16:54:00.8300849Z Collecting hf-xet<2.0.0,>=1.4.3 (from huggingface_hub)
Stage 2 · Pull New URLs	Install dependencies	2026-04-14T16:54:00.8328477Z   Downloading hf_xet-1.4.3-cp37-abi3-manylinux2014_x86_64.manylinux_2_17_x86_64.whl.metadata (4.9 kB)
Stage 2 · Pull New URLs	Install dependencies	2026-04-14T16:54:00.8474066Z Collecting httpx<1,>=0.23.0 (from huggingface_hub)
Stage 2 · Pull New URLs	Install dependencies	2026-04-14T16:54:00.8501653Z   Downloading httpx-0.28.1-py3-none-any.whl.metadata (7.1 kB)
Stage 2 · Pull New URLs	Install dependencies	2026-04-14T16:54:00.8646854Z Collecting packaging>=20.9 (from huggingface_hub)
Stage 2 · Pull New URLs	Install dependencies	2026-04-14T16:54:00.8732137Z   Downloading packaging-26.0-py3-none-any.whl.metadata (3.3 kB)
Stage 2 · Pull New URLs	Install dependencies	2026-04-14T16:54:00.9019858Z Collecting pyyaml>=5.1 (from huggingface_hub)
Stage 2 · Pull New URLs	Install dependencies	2026-04-14T16:54:00.9048317Z   Downloading pyyaml-6.0.3-cp311-cp311-manylinux2014_x86_64.manylinux_2_17_x86_64.manylinux_2_28_x86_64.whl.metadata (2.4 kB)
Stage 2 · Pull New URLs	Install dependencies	2026-04-14T16:54:00.9288450Z Collecting tqdm>=4.42.1 (from huggingface_hub)
Stage 2 · Pull New URLs	Install dependencies	2026-04-14T16:54:00.9317723Z   Downloading tqdm-4.67.3-py3-none-any.whl.metadata (57 kB)
Stage 2 · Pull New URLs	Install dependencies	2026-04-14T16:54:00.9528227Z Collecting typer (from huggingface_hub)
Stage 2 · Pull New URLs	Install dependencies	2026-04-14T16:54:00.9554789Z   Downloading typer-0.24.1-py3-none-any.whl.metadata (16 kB)
Stage 2 · Pull New URLs	Install dependencies	2026-04-14T16:54:00.9701382Z Collecting typing-extensions>=4.1.0 (from huggingface_hub)
Stage 2 · Pull New URLs	Install dependencies	2026-04-14T16:54:00.9738241Z   Downloading typing_extensions-4.15.0-py3-none-any.whl.metadata (3.3 kB)
Stage 2 · Pull New URLs	Install dependencies	2026-04-14T16:54:00.9905069Z Collecting anyio (from httpx<1,>=0.23.0->huggingface_hub)
Stage 2 · Pull New URLs	Install dependencies	2026-04-14T16:54:00.9931067Z   Downloading anyio-4.13.0-py3-none-any.whl.metadata (4.5 kB)
Stage 2 · Pull New URLs	Install dependencies	2026-04-14T16:54:01.0081661Z Collecting httpcore==1.* (from httpx<1,>=0.23.0->huggingface_hub)
Stage 2 · Pull New URLs	Install dependencies	2026-04-14T16:54:01.0109065Z   Downloading httpcore-1.0.9-py3-none-any.whl.metadata (21 kB)
Stage 2 · Pull New URLs	Install dependencies	2026-04-14T16:54:01.0231813Z Collecting h11>=0.16 (from httpcore==1.*->httpx<1,>=0.23.0->huggingface_hub)
Stage 2 · Pull New URLs	Install dependencies	2026-04-14T16:54:01.0258678Z   Downloading h11-0.16.0-py3-none-any.whl.metadata (8.3 kB)
Stage 2 · Pull New URLs	Install dependencies	2026-04-14T16:54:01.2185641Z Collecting numpy>=1.17 (from datasets)
Stage 2 · Pull New URLs	Install dependencies	2026-04-14T16:54:01.2215660Z   Downloading numpy-2.4.4-cp311-cp311-manylinux_2_27_x86_64.manylinux_2_28_x86_64.whl.metadata (6.6 kB)
Stage 2 · Pull New URLs	Install dependencies	2026-04-14T16:54:01.2910580Z Collecting pyarrow>=21.0.0 (from datasets)
Stage 2 · Pull New URLs	Install dependencies	2026-04-14T16:54:01.2939711Z   Downloading pyarrow-23.0.1-cp311-cp311-manylinux_2_28_x86_64.whl.metadata (3.1 kB)
Stage 2 · Pull New URLs	Install dependencies	2026-04-14T16:54:01.3049479Z Collecting dill<0.4.2,>=0.3.0 (from datasets)
Stage 2 · Pull New URLs	Install dependencies	2026-04-14T16:54:01.3074732Z   Downloading dill-0.4.1-py3-none-any.whl.metadata (10 kB)
Stage 2 · Pull New URLs	Install dependencies	2026-04-14T16:54:01.4109120Z Collecting pandas (from datasets)
Stage 2 · Pull New URLs	Install dependencies	2026-04-14T16:54:01.4139080Z   Downloading pandas-3.0.2-cp311-cp311-manylinux_2_24_x86_64.manylinux_2_28_x86_64.whl.metadata (79 kB)
Stage 2 · Pull New URLs	Install dependencies	2026-04-14T16:54:01.5094119Z Collecting xxhash (from datasets)
Stage 2 · Pull New URLs	Install dependencies	2026-04-14T16:54:01.5124844Z   Downloading xxhash-3.6.0-cp311-cp311-manylinux2014_x86_64.manylinux_2_17_x86_64.manylinux_2_28_x86_64.whl.metadata (13 kB)
Stage 2 · Pull New URLs	Install dependencies	2026-04-14T16:54:01.5317149Z Collecting multiprocess<0.70.20 (from datasets)
Stage 2 · Pull New URLs	Install dependencies	2026-04-14T16:54:01.5344111Z   Downloading multiprocess-0.70.19-py311-none-any.whl.metadata (7.5 kB)
Stage 2 · Pull New URLs	Install dependencies	2026-04-14T16:54:01.5408097Z Collecting fsspec>=2023.5.0 (from huggingface_hub)
Stage 2 · Pull New URLs	Install dependencies	2026-04-14T16:54:01.5435988Z   Downloading fsspec-2026.2.0-py3-none-any.whl.metadata (10 kB)
Stage 2 · Pull New URLs	Install dependencies	2026-04-14T16:54:02.0759736Z Collecting aiohttp!=4.0.0a0,!=4.0.0a1 (from fsspec[http]<=2026.2.0,>=2023.1.0->datasets)
Stage 2 · Pull New URLs	Install dependencies	2026-04-14T16:54:02.0792819Z   Downloading aiohttp-3.13.5-cp311-cp311-manylinux2014_x86_64.manylinux_2_17_x86_64.manylinux_2_28_x86_64.whl.metadata (8.1 kB)
Stage 2 · Pull New URLs	Install dependencies	2026-04-14T16:54:02.0957267Z Collecting aiohappyeyeballs>=2.5.0 (from aiohttp!=4.0.0a0,!=4.0.0a1->fsspec[http]<=2026.2.0,>=2023.1.0->datasets)
Stage 2 · Pull New URLs	Install dependencies	2026-04-14T16:54:02.0985263Z   Downloading aiohappyeyeballs-2.6.1-py3-none-any.whl.metadata (5.9 kB)
Stage 2 · Pull New URLs	Install dependencies	2026-04-14T16:54:02.1072915Z Collecting aiosignal>=1.4.0 (from aiohttp!=4.0.0a0,!=4.0.0a1->fsspec[http]<=2026.2.0,>=2023.1.0->datasets)
Stage 2 · Pull New URLs	Install dependencies	2026-04-14T16:54:02.1100698Z   Downloading aiosignal-1.4.0-py3-none-any.whl.metadata (3.7 kB)
Stage 2 · Pull New URLs	Install dependencies	2026-04-14T16:54:02.1239432Z Collecting attrs>=17.3.0 (from aiohttp!=4.0.0a0,!=4.0.0a1->fsspec[http]<=2026.2.0,>=2023.1.0->datasets)
Stage 2 · Pull New URLs	Install dependencies	2026-04-14T16:54:02.1268134Z   Downloading attrs-26.1.0-py3-none-any.whl.metadata (8.8 kB)
Stage 2 · Pull New URLs	Install dependencies	2026-04-14T16:54:02.1887489Z Collecting frozenlist>=1.1.1 (from aiohttp!=4.0.0a0,!=4.0.0a1->fsspec[http]<=2026.2.0,>=2023.1.0->datasets)
Stage 2 · Pull New URLs	Install dependencies	2026-04-14T16:54:02.1932027Z   Downloading frozenlist-1.8.0-cp311-cp311-manylinux1_x86_64.manylinux_2_28_x86_64.manylinux_2_5_x86_64.whl.metadata (20 kB)
Stage 2 · Pull New URLs	Install dependencies	2026-04-14T16:54:02.4034011Z Collecting multidict<7.0,>=4.5 (from aiohttp!=4.0.0a0,!=4.0.0a1->fsspec[http]<=2026.2.0,>=2023.1.0->datasets)
Stage 2 · Pull New URLs	Install dependencies	2026-04-14T16:54:02.4065898Z   Downloading multidict-6.7.1-cp311-cp311-manylinux2014_x86_64.manylinux_2_17_x86_64.manylinux_2_28_x86_64.whl.metadata (5.3 kB)
Stage 2 · Pull New URLs	Install dependencies	2026-04-14T16:54:02.4539269Z Collecting propcache>=0.2.0 (from aiohttp!=4.0.0a0,!=4.0.0a1->fsspec[http]<=2026.2.0,>=2023.1.0->datasets)
Stage 2 · Pull New URLs	Install dependencies	2026-04-14T16:54:02.4569253Z   Downloading propcache-0.4.1-cp311-cp311-manylinux2014_x86_64.manylinux_2_17_x86_64.manylinux_2_28_x86_64.whl.metadata (13 kB)
Stage 2 · Pull New URLs	Install dependencies	2026-04-14T16:54:02.7290596Z Collecting yarl<2.0,>=1.17.0 (from aiohttp!=4.0.0a0,!=4.0.0a1->fsspec[http]<=2026.2.0,>=2023.1.0->datasets)
Stage 2 · Pull New URLs	Install dependencies	2026-04-14T16:54:02.7338558Z   Downloading yarl-1.23.0-cp311-cp311-manylinux2014_x86_64.manylinux_2_17_x86_64.manylinux_2_28_x86_64.whl.metadata (79 kB)
Stage 2 · Pull New URLs	Install dependencies	2026-04-14T16:54:02.7707361Z Collecting python-dateutil>=2.8.2 (from pandas->datasets)
Stage 2 · Pull New URLs	Install dependencies	2026-04-14T16:54:02.7737221Z   Downloading python_dateutil-2.9.0.post0-py2.py3-none-any.whl.metadata (8.4 kB)
Stage 2 · Pull New URLs	Install dependencies	2026-04-14T16:54:02.7859457Z Collecting six>=1.5 (from python-dateutil>=2.8.2->pandas->datasets)
Stage 2 · Pull New URLs	Install dependencies	2026-04-14T16:54:02.7887256Z   Downloading six-1.17.0-py2.py3-none-any.whl.metadata (1.7 kB)
Stage 2 · Pull New URLs	Install dependencies	2026-04-14T16:54:02.8027728Z Collecting click>=8.2.1 (from typer->huggingface_hub)
Stage 2 · Pull New URLs	Install dependencies	2026-04-14T16:54:02.8054650Z   Downloading click-8.3.2-py3-none-any.whl.metadata (2.6 kB)
Stage 2 · Pull New URLs	Install dependencies	2026-04-14T16:54:02.8161188Z Collecting shellingham>=1.3.0 (from typer->huggingface_hub)
Stage 2 · Pull New URLs	Install dependencies	2026-04-14T16:54:02.8191426Z   Downloading shellingham-1.5.4-py2.py3-none-any.whl.metadata (3.5 kB)
Stage 2 · Pull New URLs	Install dependencies	2026-04-14T16:54:02.8466884Z Collecting rich>=12.3.0 (from typer->huggingface_hub)
Stage 2 · Pull New URLs	Install dependencies	2026-04-14T16:54:02.8498158Z   Downloading rich-15.0.0-py3-none-any.whl.metadata (18 kB)
Stage 2 · Pull New URLs	Install dependencies	2026-04-14T16:54:02.8627396Z Collecting annotated-doc>=0.0.2 (from typer->huggingface_hub)
Stage 2 · Pull New URLs	Install dependencies	2026-04-14T16:54:02.8658328Z   Downloading annotated_doc-0.0.4-py3-none-any.whl.metadata (6.6 kB)
Stage 2 · Pull New URLs	Install dependencies	2026-04-14T16:54:02.8791695Z Collecting markdown-it-py>=2.2.0 (from rich>=12.3.0->typer->huggingface_hub)
Stage 2 · Pull New URLs	Install dependencies	2026-04-14T16:54:02.8817808Z   Downloading markdown_it_py-4.0.0-py3-none-any.whl.metadata (7.3 kB)
Stage 2 · Pull New URLs	Install dependencies	2026-04-14T16:54:02.8996434Z Collecting pygments<3.0.0,>=2.13.0 (from rich>=12.3.0->typer->huggingface_hub)
Stage 2 · Pull New URLs	Install dependencies	2026-04-14T16:54:02.9024688Z   Downloading pygments-2.20.0-py3-none-any.whl.metadata (2.5 kB)
Stage 2 · Pull New URLs	Install dependencies	2026-04-14T16:54:02.9123513Z Collecting mdurl~=0.1 (from markdown-it-py>=2.2.0->rich>=12.3.0->typer->huggingface_hub)
Stage 2 · Pull New URLs	Install dependencies	2026-04-14T16:54:02.9150870Z   Downloading mdurl-0.1.2-py3-none-any.whl.metadata (1.6 kB)
Stage 2 · Pull New URLs	Install dependencies	2026-04-14T16:54:02.9227342Z Downloading requests-2.33.1-py3-none-any.whl (64 kB)
Stage 2 · Pull New URLs	Install dependencies	2026-04-14T16:54:02.9276665Z Downloading charset_normalizer-3.4.7-cp311-cp311-manylinux2014_x86_64.manylinux_2_17_x86_64.manylinux_2_28_x86_64.whl (214 kB)
Stage 2 · Pull New URLs	Install dependencies	2026-04-14T16:54:02.9330757Z Downloading idna-3.11-py3-none-any.whl (71 kB)
Stage 2 · Pull New URLs	Install dependencies	2026-04-14T16:54:02.9377640Z Downloading urllib3-2.6.3-py3-none-any.whl (131 kB)
Stage 2 · Pull New URLs	Install dependencies	2026-04-14T16:54:02.9455684Z Downloading huggingface_hub-1.10.2-py3-none-any.whl (642 kB)
Stage 2 · Pull New URLs	Install dependencies	2026-04-14T16:54:02.9546867Z    ━━━━━━━━━━━━━━━━━━━━━━━━━━━━━━━━━━━━━━━━ 642.6/642.6 kB 82.6 MB/s  0:00:00
Stage 2 · Pull New URLs	Install dependencies	2026-04-14T16:54:02.9576555Z Downloading hf_xet-1.4.3-cp37-abi3-manylinux2014_x86_64.manylinux_2_17_x86_64.whl (4.2 MB)
Stage 2 · Pull New URLs	Install dependencies	2026-04-14T16:54:02.9770126Z    ━━━━━━━━━━━━━━━━━━━━━━━━━━━━━━━━━━━━━━━━ 4.2/4.2 MB 237.3 MB/s  0:00:00
Stage 2 · Pull New URLs	Install dependencies	2026-04-14T16:54:02.9808086Z Downloading httpx-0.28.1-py3-none-any.whl (73 kB)
Stage 2 · Pull New URLs	Install dependencies	2026-04-14T16:54:02.9861670Z Downloading httpcore-1.0.9-py3-none-any.whl (78 kB)
Stage 2 · Pull New URLs	Install dependencies	2026-04-14T16:54:02.9914067Z Downloading datasets-4.8.4-py3-none-any.whl (526 kB)
Stage 2 · Pull New URLs	Install dependencies	2026-04-14T16:54:02.9963968Z    ━━━━━━━━━━━━━━━━━━━━━━━━━━━━━━━━━━━━━━━━ 527.0/527.0 kB 89.7 MB/s  0:00:00
Stage 2 · Pull New URLs	Install dependencies	2026-04-14T16:54:02.9990065Z Downloading dill-0.4.1-py3-none-any.whl (120 kB)
Stage 2 · Pull New URLs	Install dependencies	2026-04-14T16:54:03.0041628Z Downloading fsspec-2026.2.0-py3-none-any.whl (202 kB)
Stage 2 · Pull New URLs	Install dependencies	2026-04-14T16:54:03.0092624Z Downloading multiprocess-0.70.19-py311-none-any.whl (144 kB)
Stage 2 · Pull New URLs	Install dependencies	2026-04-14T16:54:03.0145182Z Downloading aiohttp-3.13.5-cp311-cp311-manylinux2014_x86_64.manylinux_2_17_x86_64.manylinux_2_28_x86_64.whl (1.8 MB)
Stage 2 · Pull New URLs	Install dependencies	2026-04-14T16:54:03.0236147Z    ━━━━━━━━━━━━━━━━━━━━━━━━━━━━━━━━━━━━━━━━ 1.8/1.8 MB 215.9 MB/s  0:00:00
Stage 2 · Pull New URLs	Install dependencies	2026-04-14T16:54:03.0269190Z Downloading multidict-6.7.1-cp311-cp311-manylinux2014_x86_64.manylinux_2_17_x86_64.manylinux_2_28_x86_64.whl (246 kB)
Stage 2 · Pull New URLs	Install dependencies	2026-04-14T16:54:03.0320850Z Downloading yarl-1.23.0-cp311-cp311-manylinux2014_x86_64.manylinux_2_17_x86_64.manylinux_2_28_x86_64.whl (102 kB)
Stage 2 · Pull New URLs	Install dependencies	2026-04-14T16:54:03.0368601Z Downloading aiohappyeyeballs-2.6.1-py3-none-any.whl (15 kB)
Stage 2 · Pull New URLs	Install dependencies	2026-04-14T16:54:03.0418835Z Downloading aiosignal-1.4.0-py3-none-any.whl (7.5 kB)
Stage 2 · Pull New URLs	Install dependencies	2026-04-14T16:54:03.0466794Z Downloading attrs-26.1.0-py3-none-any.whl (67 kB)
Stage 2 · Pull New URLs	Install dependencies	2026-04-14T16:54:03.0513797Z Downloading certifi-2026.2.25-py3-none-any.whl (153 kB)
Stage 2 · Pull New URLs	Install dependencies	2026-04-14T16:54:03.0564434Z Downloading filelock-3.25.2-py3-none-any.whl (26 kB)
Stage 2 · Pull New URLs	Install dependencies	2026-04-14T16:54:03.0614115Z Downloading frozenlist-1.8.0-cp311-cp311-manylinux1_x86_64.manylinux_2_28_x86_64.manylinux_2_5_x86_64.whl (231 kB)
Stage 2 · Pull New URLs	Install dependencies	2026-04-14T16:54:03.0665258Z Downloading h11-0.16.0-py3-none-any.whl (37 kB)
Stage 2 · Pull New URLs	Install dependencies	2026-04-14T16:54:03.0714824Z Downloading numpy-2.4.4-cp311-cp311-manylinux_2_27_x86_64.manylinux_2_28_x86_64.whl (16.9 MB)
Stage 2 · Pull New URLs	Install dependencies	2026-04-14T16:54:03.1294932Z    ━━━━━━━━━━━━━━━━━━━━━━━━━━━━━━━━━━━━━━━━ 16.9/16.9 MB 298.6 MB/s  0:00:00
Stage 2 · Pull New URLs	Install dependencies	2026-04-14T16:54:03.1324650Z Downloading packaging-26.0-py3-none-any.whl (74 kB)
Stage 2 · Pull New URLs	Install dependencies	2026-04-14T16:54:03.1379582Z Downloading propcache-0.4.1-cp311-cp311-manylinux2014_x86_64.manylinux_2_17_x86_64.manylinux_2_28_x86_64.whl (210 kB)
Stage 2 · Pull New URLs	Install dependencies	2026-04-14T16:54:03.1436074Z Downloading pyarrow-23.0.1-cp311-cp311-manylinux_2_28_x86_64.whl (47.6 MB)
Stage 2 · Pull New URLs	Install dependencies	2026-04-14T16:54:03.3155918Z    ━━━━━━━━━━━━━━━━━━━━━━━━━━━━━━━━━━━━━━━━ 47.6/47.6 MB 279.8 MB/s  0:00:00
Stage 2 · Pull New URLs	Install dependencies	2026-04-14T16:54:03.3192652Z Downloading pyyaml-6.0.3-cp311-cp311-manylinux2014_x86_64.manylinux_2_17_x86_64.manylinux_2_28_x86_64.whl (806 kB)
Stage 2 · Pull New URLs	Install dependencies	2026-04-14T16:54:03.3256288Z    ━━━━━━━━━━━━━━━━━━━━━━━━━━━━━━━━━━━━━━━━ 806.6/806.6 kB 142.2 MB/s  0:00:00
Stage 2 · Pull New URLs	Install dependencies	2026-04-14T16:54:03.3289466Z Downloading tqdm-4.67.3-py3-none-any.whl (78 kB)
Stage 2 · Pull New URLs	Install dependencies	2026-04-14T16:54:03.3349124Z Downloading typing_extensions-4.15.0-py3-none-any.whl (44 kB)
Stage 2 · Pull New URLs	Install dependencies	2026-04-14T16:54:03.3425296Z Downloading anyio-4.13.0-py3-none-any.whl (114 kB)
Stage 2 · Pull New URLs	Install dependencies	2026-04-14T16:54:03.3483102Z Downloading pandas-3.0.2-cp311-cp311-manylinux_2_24_x86_64.manylinux_2_28_x86_64.whl (11.3 MB)
Stage 2 · Pull New URLs	Install dependencies	2026-04-14T16:54:03.3875443Z    ━━━━━━━━━━━━━━━━━━━━━━━━━━━━━━━━━━━━━━━━ 11.3/11.3 MB 299.1 MB/s  0:00:00
Stage 2 · Pull New URLs	Install dependencies	2026-04-14T16:54:03.3905526Z Downloading python_dateutil-2.9.0.post0-py2.py3-none-any.whl (229 kB)
Stage 2 · Pull New URLs	Install dependencies	2026-04-14T16:54:03.3956154Z Downloading six-1.17.0-py2.py3-none-any.whl (11 kB)
Stage 2 · Pull New URLs	Install dependencies	2026-04-14T16:54:03.4000647Z Downloading typer-0.24.1-py3-none-any.whl (56 kB)
Stage 2 · Pull New URLs	Install dependencies	2026-04-14T16:54:03.4050609Z Downloading annotated_doc-0.0.4-py3-none-any.whl (5.3 kB)
Stage 2 · Pull New URLs	Install dependencies	2026-04-14T16:54:03.4147929Z Downloading click-8.3.2-py3-none-any.whl (108 kB)
Stage 2 · Pull New URLs	Install dependencies	2026-04-14T16:54:03.4196063Z Downloading rich-15.0.0-py3-none-any.whl (310 kB)
Stage 2 · Pull New URLs	Install dependencies	2026-04-14T16:54:03.4254121Z Downloading pygments-2.20.0-py3-none-any.whl (1.2 MB)
Stage 2 · Pull New URLs	Install dependencies	2026-04-14T16:54:03.4319771Z    ━━━━━━━━━━━━━━━━━━━━━━━━━━━━━━━━━━━━━━━━ 1.2/1.2 MB 213.3 MB/s  0:00:00
Stage 2 · Pull New URLs	Install dependencies	2026-04-14T16:54:03.4350651Z Downloading markdown_it_py-4.0.0-py3-none-any.whl (87 kB)
Stage 2 · Pull New URLs	Install dependencies	2026-04-14T16:54:03.4401697Z Downloading mdurl-0.1.2-py3-none-any.whl (10.0 kB)
Stage 2 · Pull New URLs	Install dependencies	2026-04-14T16:54:03.4450737Z Downloading shellingham-1.5.4-py2.py3-none-any.whl (9.8 kB)
Stage 2 · Pull New URLs	Install dependencies	2026-04-14T16:54:03.4498590Z Downloading xxhash-3.6.0-cp311-cp311-manylinux2014_x86_64.manylinux_2_17_x86_64.manylinux_2_28_x86_64.whl (193 kB)
Stage 2 · Pull New URLs	Install dependencies	2026-04-14T16:54:03.6726899Z Installing collected packages: xxhash, urllib3, typing-extensions, tqdm, six, shellingham, pyyaml, pygments, pyarrow, propcache, packaging, numpy, multidict, mdurl, idna, hf-xet, h11, fsspec, frozenlist, filelock, dill, click, charset_normalizer, certifi, attrs, annotated-doc, aiohappyeyeballs, yarl, requests, python-dateutil, multiprocess, markdown-it-py, httpcore, anyio, aiosignal, rich, pandas, httpx, aiohttp, typer, huggingface_hub, datasets
Stage 2 · Pull New URLs	Install dependencies	2026-04-14T16:54:13.7153259Z 
Stage 2 · Pull New URLs	Install dependencies	2026-04-14T16:54:13.7178020Z Successfully installed aiohappyeyeballs-2.6.1 aiohttp-3.13.5 aiosignal-1.4.0 annotated-doc-0.0.4 anyio-4.13.0 attrs-26.1.0 certifi-2026.2.25 charset_normalizer-3.4.7 click-8.3.2 datasets-4.8.4 dill-0.4.1 filelock-3.25.2 frozenlist-1.8.0 fsspec-2026.2.0 h11-0.16.0 hf-xet-1.4.3 httpcore-1.0.9 httpx-0.28.1 huggingface_hub-1.10.2 idna-3.11 markdown-it-py-4.0.0 mdurl-0.1.2 multidict-6.7.1 multiprocess-0.70.19 numpy-2.4.4 packaging-26.0 pandas-3.0.2 propcache-0.4.1 pyarrow-23.0.1 pygments-2.20.0 python-dateutil-2.9.0.post0 pyyaml-6.0.3 requests-2.33.1 rich-15.0.0 shellingham-1.5.4 six-1.17.0 tqdm-4.67.3 typer-0.24.1 typing-extensions-4.15.0 urllib3-2.6.3 xxhash-3.6.0 yarl-1.23.0
Stage 2 · Pull New URLs	Run Crawler	﻿2026-04-14T16:54:14.1159324Z ##[group]Run python scripts/pull_new_urls.py
Stage 2 · Pull New URLs	Run Crawler	2026-04-14T16:54:14.1159782Z [36;1mpython scripts/pull_new_urls.py[0m
Stage 2 · Pull New URLs	Run Crawler	2026-04-14T16:54:14.1182395Z shell: /usr/bin/bash -e {0}
Stage 2 · Pull New URLs	Run Crawler	2026-04-14T16:54:14.1182673Z env:
Stage 2 · Pull New URLs	Run Crawler	2026-04-14T16:54:14.1182932Z   FORCE_JAVASCRIPT_ACTIONS_TO_NODE24: true
Stage 2 · Pull New URLs	Run Crawler	2026-04-14T16:54:14.1183379Z   pythonLocation: /opt/hostedtoolcache/Python/3.11.15/x64
Stage 2 · Pull New URLs	Run Crawler	2026-04-14T16:54:14.1183920Z   PKG_CONFIG_PATH: /opt/hostedtoolcache/Python/3.11.15/x64/lib/pkgconfig
Stage 2 · Pull New URLs	Run Crawler	2026-04-14T16:54:14.1184456Z   Python_ROOT_DIR: /opt/hostedtoolcache/Python/3.11.15/x64
Stage 2 · Pull New URLs	Run Crawler	2026-04-14T16:54:14.1185268Z   Python2_ROOT_DIR: /opt/hostedtoolcache/Python/3.11.15/x64
Stage 2 · Pull New URLs	Run Crawler	2026-04-14T16:54:14.1185747Z   Python3_ROOT_DIR: /opt/hostedtoolcache/Python/3.11.15/x64
Stage 2 · Pull New URLs	Run Crawler	2026-04-14T16:54:14.1186226Z   LD_LIBRARY_PATH: /opt/hostedtoolcache/Python/3.11.15/x64/lib
Stage 2 · Pull New URLs	Run Crawler	2026-04-14T16:54:14.1186808Z   HF_TOKEN: ***
Stage 2 · Pull New URLs	Run Crawler	2026-04-14T16:54:14.1187019Z ##[endgroup]
Stage 2 · Pull New URLs	Run Crawler	2026-04-14T16:54:14.8318379Z 2026-04-14 16:54:14,831 [INFO] Target date: 2026-04-13
Stage 2 · Pull New URLs	Run Crawler	2026-04-14T16:54:14.8319266Z 2026-04-14 16:54:14,831 [INFO] Processing sunspot...
Stage 2 · Pull New URLs	Run Crawler	2026-04-14T16:54:15.1874458Z 2026-04-14 16:54:15,187 [INFO] 96 records saved for sunspot (IDs sp-2759 → sp-2854)
Stage 2 · Pull New URLs	Run Crawler	2026-04-14T16:54:15.1875590Z 2026-04-14 16:54:15,187 [INFO] Processing magnetogram...
Stage 2 · Pull New URLs	Run Crawler	2026-04-14T16:54:15.8023400Z 2026-04-14 16:54:15,802 [INFO] 96 records saved for magnetogram (IDs mg-2759 → mg-2854)
Stage 2 · Pull New URLs	Upload Pull Results	﻿2026-04-14T16:54:15.8261718Z ##[group]Run actions/upload-artifact@v4
Stage 2 · Pull New URLs	Upload Pull Results	2026-04-14T16:54:15.8262065Z with:
Stage 2 · Pull New URLs	Upload Pull Results	2026-04-14T16:54:15.8262282Z   name: fresh-task-data
Stage 2 · Pull New URLs	Upload Pull Results	2026-04-14T16:54:15.8262555Z   path: data_processing/*.jsonl
Stage 2 · Pull New URLs	Upload Pull Results	2026-04-14T16:54:15.8262853Z   if-no-files-found: warn
Stage 2 · Pull New URLs	Upload Pull Results	2026-04-14T16:54:15.8263118Z   compression-level: 6
Stage 2 · Pull New URLs	Upload Pull Results	2026-04-14T16:54:15.8263375Z   overwrite: false
Stage 2 · Pull New URLs	Upload Pull Results	2026-04-14T16:54:15.8263631Z   include-hidden-files: false
Stage 2 · Pull New URLs	Upload Pull Results	2026-04-14T16:54:15.8263885Z env:
Stage 2 · Pull New URLs	Upload Pull Results	2026-04-14T16:54:15.8264128Z   FORCE_JAVASCRIPT_ACTIONS_TO_NODE24: true
Stage 2 · Pull New URLs	Upload Pull Results	2026-04-14T16:54:15.8264563Z   pythonLocation: /opt/hostedtoolcache/Python/3.11.15/x64
Stage 2 · Pull New URLs	Upload Pull Results	2026-04-14T16:54:15.8265278Z   PKG_CONFIG_PATH: /opt/hostedtoolcache/Python/3.11.15/x64/lib/pkgconfig
Stage 2 · Pull New URLs	Upload Pull Results	2026-04-14T16:54:15.8265829Z   Python_ROOT_DIR: /opt/hostedtoolcache/Python/3.11.15/x64
Stage 2 · Pull New URLs	Upload Pull Results	2026-04-14T16:54:15.8266300Z   Python2_ROOT_DIR: /opt/hostedtoolcache/Python/3.11.15/x64
Stage 2 · Pull New URLs	Upload Pull Results	2026-04-14T16:54:15.8266770Z   Python3_ROOT_DIR: /opt/hostedtoolcache/Python/3.11.15/x64
Stage 2 · Pull New URLs	Upload Pull Results	2026-04-14T16:54:15.8267245Z   LD_LIBRARY_PATH: /opt/hostedtoolcache/Python/3.11.15/x64/lib
Stage 2 · Pull New URLs	Upload Pull Results	2026-04-14T16:54:15.8267649Z ##[endgroup]
Stage 2 · Pull New URLs	Upload Pull Results	2026-04-14T16:54:15.9826111Z (node:2358) [DEP0040] DeprecationWarning: The `punycode` module is deprecated. Please use a userland alternative instead.
Stage 2 · Pull New URLs	Upload Pull Results	2026-04-14T16:54:15.9827048Z (Use `node --trace-deprecation ...` to show where the warning was created)
Stage 2 · Pull New URLs	Upload Pull Results	2026-04-14T16:54:15.9879796Z With the provided path, there will be 2 files uploaded
Stage 2 · Pull New URLs	Upload Pull Results	2026-04-14T16:54:15.9885143Z Artifact name is valid!
Stage 2 · Pull New URLs	Upload Pull Results	2026-04-14T16:54:15.9886311Z Root directory input is valid!
Stage 2 · Pull New URLs	Upload Pull Results	2026-04-14T16:54:16.2248805Z Beginning upload of artifact content to blob storage
Stage 2 · Pull New URLs	Upload Pull Results	2026-04-14T16:54:16.2474014Z (node:2358) [DEP0169] DeprecationWarning: `url.parse()` behavior is not standardized and prone to errors that have security implications. Use the WHATWG URL API instead. CVEs are not issued for `url.parse()` vulnerabilities.
Stage 2 · Pull New URLs	Upload Pull Results	2026-04-14T16:54:16.5563996Z Uploaded bytes 2507
Stage 2 · Pull New URLs	Upload Pull Results	2026-04-14T16:54:16.6401021Z Finished uploading artifact content to blob storage!
Stage 2 · Pull New URLs	Upload Pull Results	2026-04-14T16:54:16.6402158Z SHA256 digest of uploaded artifact zip is a84be049fa4a7252afdcbff0ecbfe2d07282ea270538702ac88cfbadb0734056
Stage 2 · Pull New URLs	Upload Pull Results	2026-04-14T16:54:16.6403960Z Finalizing artifact upload
Stage 2 · Pull New URLs	Upload Pull Results	2026-04-14T16:54:16.8263700Z Artifact fresh-task-data.zip successfully finalized. Artifact ID 6433284376
Stage 2 · Pull New URLs	Upload Pull Results	2026-04-14T16:54:16.8265625Z Artifact fresh-task-data has been successfully uploaded! Final size is 2507 bytes. Artifact ID is 6433284376
Stage 2 · Pull New URLs	Upload Pull Results	2026-04-14T16:54:16.8272315Z Artifact download URL: https://github.com/space-gen/aurora/actions/runs/24411868683/artifacts/6433284376
Stage 2 · Pull New URLs	Post Set up Python	﻿2026-04-14T16:54:16.8409132Z Post job cleanup.
Stage 2 · Pull New URLs	Post Set up Python	2026-04-14T16:54:16.9521604Z (node:2370) [DEP0040] DeprecationWarning: The `punycode` module is deprecated. Please use a userland alternative instead.
Stage 2 · Pull New URLs	Post Set up Python	2026-04-14T16:54:16.9522595Z (Use `node --trace-deprecation ...` to show where the warning was created)
Stage 2 · Pull New URLs	Post Checkout repository	﻿2026-04-14T16:54:16.9659451Z Post job cleanup.
Stage 2 · Pull New URLs	Post Checkout repository	2026-04-14T16:54:17.0429887Z [command]/usr/bin/git version
Stage 2 · Pull New URLs	Post Checkout repository	2026-04-14T16:54:17.0498189Z git version 2.53.0
Stage 2 · Pull New URLs	Post Checkout repository	2026-04-14T16:54:17.0536036Z Temporarily overriding HOME='/home/runner/work/_temp/c91e6b76-b041-42f1-81df-c40fdb587f18' before making global git config changes
Stage 2 · Pull New URLs	Post Checkout repository	2026-04-14T16:54:17.0537563Z Adding repository directory to the temporary git global config as a safe directory
Stage 2 · Pull New URLs	Post Checkout repository	2026-04-14T16:54:17.0542103Z [command]/usr/bin/git config --global --add safe.directory /home/runner/work/aurora/aurora
Stage 2 · Pull New URLs	Post Checkout repository	2026-04-14T16:54:17.0576503Z [command]/usr/bin/git config --local --name-only --get-regexp core\.sshCommand
Stage 2 · Pull New URLs	Post Checkout repository	2026-04-14T16:54:17.0610978Z [command]/usr/bin/git submodule foreach --recursive sh -c "git config --local --name-only --get-regexp 'core\.sshCommand' && git config --local --unset-all 'core.sshCommand' || :"
Stage 2 · Pull New URLs	Post Checkout repository	2026-04-14T16:54:17.0829692Z [command]/usr/bin/git config --local --name-only --get-regexp http\.https\:\/\/github\.com\/\.extraheader
Stage 2 · Pull New URLs	Post Checkout repository	2026-04-14T16:54:17.0851398Z http.https://github.com/.extraheader
Stage 2 · Pull New URLs	Post Checkout repository	2026-04-14T16:54:17.0861155Z [command]/usr/bin/git config --local --unset-all http.https://github.com/.extraheader
Stage 2 · Pull New URLs	Post Checkout repository	2026-04-14T16:54:17.0891682Z [command]/usr/bin/git submodule foreach --recursive sh -c "git config --local --name-only --get-regexp 'http\.https\:\/\/github\.com\/\.extraheader' && git config --local --unset-all 'http.https://github.com/.extraheader' || :"
Stage 2 · Pull New URLs	Post Checkout repository	2026-04-14T16:54:17.1107574Z [command]/usr/bin/git config --local --name-only --get-regexp ^includeIf\.gitdir:
Stage 2 · Pull New URLs	Post Checkout repository	2026-04-14T16:54:17.1136494Z [command]/usr/bin/git submodule foreach --recursive git config --local --show-origin --name-only --get-regexp remote.origin.url
Stage 2 · Pull New URLs	Complete job	﻿2026-04-14T16:54:17.1477684Z Cleaning up orphan processes
Stage 2 · Pull New URLs	Complete job	2026-04-14T16:54:17.1891880Z ##[warning]Node.js 20 is deprecated. The following actions target Node.js 20 but are being forced to run on Node.js 24: actions/checkout@v4, actions/setup-python@v5, actions/upload-artifact@v4. For more information see: https://github.blog/changelog/2025-09-19-deprecation-of-node-20-on-github-actions-runners/
Stage 04-05 · Sync & Unlock	Set up job	﻿2026-04-14T16:54:22.8693616Z Current runner version: '2.333.1'
Stage 04-05 · Sync & Unlock	Set up job	2026-04-14T16:54:22.8720073Z ##[group]Runner Image Provisioner
Stage 04-05 · Sync & Unlock	Set up job	2026-04-14T16:54:22.8720918Z Hosted Compute Agent
Stage 04-05 · Sync & Unlock	Set up job	2026-04-14T16:54:22.8721450Z Version: 20260213.493
Stage 04-05 · Sync & Unlock	Set up job	2026-04-14T16:54:22.8722108Z Commit: 5c115507f6dd24b8de37d8bbe0bb4509d0cc0fa3
Stage 04-05 · Sync & Unlock	Set up job	2026-04-14T16:54:22.8722855Z Build Date: 2026-02-13T00:28:41Z
Stage 04-05 · Sync & Unlock	Set up job	2026-04-14T16:54:22.8723492Z Worker ID: {9e0b2092-22a1-4117-ba56-1dc787641399}
Stage 04-05 · Sync & Unlock	Set up job	2026-04-14T16:54:22.8724533Z Azure Region: eastus2
Stage 04-05 · Sync & Unlock	Set up job	2026-04-14T16:54:22.8725076Z ##[endgroup]
Stage 04-05 · Sync & Unlock	Set up job	2026-04-14T16:54:22.8726405Z ##[group]Operating System
Stage 04-05 · Sync & Unlock	Set up job	2026-04-14T16:54:22.8726946Z Ubuntu
Stage 04-05 · Sync & Unlock	Set up job	2026-04-14T16:54:22.8727521Z 24.04.4
Stage 04-05 · Sync & Unlock	Set up job	2026-04-14T16:54:22.8727955Z LTS
Stage 04-05 · Sync & Unlock	Set up job	2026-04-14T16:54:22.8728444Z ##[endgroup]
Stage 04-05 · Sync & Unlock	Set up job	2026-04-14T16:54:22.8729021Z ##[group]Runner Image
Stage 04-05 · Sync & Unlock	Set up job	2026-04-14T16:54:22.8729541Z Image: ubuntu-24.04
Stage 04-05 · Sync & Unlock	Set up job	2026-04-14T16:54:22.8730077Z Version: 20260406.80.1
Stage 04-05 · Sync & Unlock	Set up job	2026-04-14T16:54:22.8731144Z Included Software: https://github.com/actions/runner-images/blob/ubuntu24/20260406.80/images/ubuntu/Ubuntu2404-Readme.md
Stage 04-05 · Sync & Unlock	Set up job	2026-04-14T16:54:22.8732775Z Image Release: https://github.com/actions/runner-images/releases/tag/ubuntu24%2F20260406.80
Stage 04-05 · Sync & Unlock	Set up job	2026-04-14T16:54:22.8733761Z ##[endgroup]
Stage 04-05 · Sync & Unlock	Set up job	2026-04-14T16:54:22.8735034Z ##[group]GITHUB_TOKEN Permissions
Stage 04-05 · Sync & Unlock	Set up job	2026-04-14T16:54:22.8736958Z Contents: write
Stage 04-05 · Sync & Unlock	Set up job	2026-04-14T16:54:22.8737481Z Metadata: read
Stage 04-05 · Sync & Unlock	Set up job	2026-04-14T16:54:22.8738034Z ##[endgroup]
Stage 04-05 · Sync & Unlock	Set up job	2026-04-14T16:54:22.8740485Z Secret source: Actions
Stage 04-05 · Sync & Unlock	Set up job	2026-04-14T16:54:22.8741488Z Prepare workflow directory
Stage 04-05 · Sync & Unlock	Set up job	2026-04-14T16:54:22.9119271Z Prepare all required actions
Stage 04-05 · Sync & Unlock	Set up job	2026-04-14T16:54:22.9156923Z Getting action download info
Stage 04-05 · Sync & Unlock	Set up job	2026-04-14T16:54:23.3424206Z Download action repository 'actions/checkout@v4' (SHA:34e114876b0b11c390a56381ad16ebd13914f8d5)
Stage 04-05 · Sync & Unlock	Set up job	2026-04-14T16:54:23.4833467Z Download action repository 'actions/download-artifact@v4' (SHA:d3f86a106a0bac45b974a628896c90dbdf5c8093)
Stage 04-05 · Sync & Unlock	Set up job	2026-04-14T16:54:23.8829799Z Complete job name: Stage 04-05 · Sync & Unlock
Stage 04-05 · Sync & Unlock	Checkout repository	﻿2026-04-14T16:54:23.9518613Z ##[group]Run actions/checkout@v4
Stage 04-05 · Sync & Unlock	Checkout repository	2026-04-14T16:54:23.9519440Z with:
Stage 04-05 · Sync & Unlock	Checkout repository	2026-04-14T16:54:23.9519878Z   fetch-depth: 0
Stage 04-05 · Sync & Unlock	Checkout repository	2026-04-14T16:54:23.9520291Z   ref: main
Stage 04-05 · Sync & Unlock	Checkout repository	2026-04-14T16:54:23.9520700Z   repository: space-gen/aurora
Stage 04-05 · Sync & Unlock	Checkout repository	2026-04-14T16:54:23.9521370Z   token: ***
Stage 04-05 · Sync & Unlock	Checkout repository	2026-04-14T16:54:23.9521782Z   ssh-strict: true
Stage 04-05 · Sync & Unlock	Checkout repository	2026-04-14T16:54:23.9522203Z   ssh-user: git
Stage 04-05 · Sync & Unlock	Checkout repository	2026-04-14T16:54:23.9522631Z   persist-credentials: true
Stage 04-05 · Sync & Unlock	Checkout repository	2026-04-14T16:54:23.9523129Z   clean: true
Stage 04-05 · Sync & Unlock	Checkout repository	2026-04-14T16:54:23.9523557Z   sparse-checkout-cone-mode: true
Stage 04-05 · Sync & Unlock	Checkout repository	2026-04-14T16:54:23.9524260Z   fetch-tags: false
Stage 04-05 · Sync & Unlock	Checkout repository	2026-04-14T16:54:23.9524696Z   show-progress: true
Stage 04-05 · Sync & Unlock	Checkout repository	2026-04-14T16:54:23.9525137Z   lfs: false
Stage 04-05 · Sync & Unlock	Checkout repository	2026-04-14T16:54:23.9525522Z   submodules: false
Stage 04-05 · Sync & Unlock	Checkout repository	2026-04-14T16:54:23.9525952Z   set-safe-directory: true
Stage 04-05 · Sync & Unlock	Checkout repository	2026-04-14T16:54:23.9526599Z env:
Stage 04-05 · Sync & Unlock	Checkout repository	2026-04-14T16:54:23.9527020Z   FORCE_JAVASCRIPT_ACTIONS_TO_NODE24: true
Stage 04-05 · Sync & Unlock	Checkout repository	2026-04-14T16:54:23.9527553Z ##[endgroup]
Stage 04-05 · Sync & Unlock	Checkout repository	2026-04-14T16:54:24.0459974Z Syncing repository: space-gen/aurora
Stage 04-05 · Sync & Unlock	Checkout repository	2026-04-14T16:54:24.0461834Z ##[group]Getting Git version info
Stage 04-05 · Sync & Unlock	Checkout repository	2026-04-14T16:54:24.0462618Z Working directory is '/home/runner/work/aurora/aurora'
Stage 04-05 · Sync & Unlock	Checkout repository	2026-04-14T16:54:24.0463641Z [command]/usr/bin/git version
Stage 04-05 · Sync & Unlock	Checkout repository	2026-04-14T16:54:24.0484896Z git version 2.53.0
Stage 04-05 · Sync & Unlock	Checkout repository	2026-04-14T16:54:24.0504137Z ##[endgroup]
Stage 04-05 · Sync & Unlock	Checkout repository	2026-04-14T16:54:24.0520082Z Temporarily overriding HOME='/home/runner/work/_temp/ecfdcfa7-1a29-478a-8e86-b175670e8784' before making global git config changes
Stage 04-05 · Sync & Unlock	Checkout repository	2026-04-14T16:54:24.0522677Z Adding repository directory to the temporary git global config as a safe directory
Stage 04-05 · Sync & Unlock	Checkout repository	2026-04-14T16:54:24.0525819Z [command]/usr/bin/git config --global --add safe.directory /home/runner/work/aurora/aurora
Stage 04-05 · Sync & Unlock	Checkout repository	2026-04-14T16:54:24.0559722Z Deleting the contents of '/home/runner/work/aurora/aurora'
Stage 04-05 · Sync & Unlock	Checkout repository	2026-04-14T16:54:24.0563431Z ##[group]Initializing the repository
Stage 04-05 · Sync & Unlock	Checkout repository	2026-04-14T16:54:24.0567901Z [command]/usr/bin/git init /home/runner/work/aurora/aurora
Stage 04-05 · Sync & Unlock	Checkout repository	2026-04-14T16:54:24.0659316Z hint: Using 'master' as the name for the initial branch. This default branch name
Stage 04-05 · Sync & Unlock	Checkout repository	2026-04-14T16:54:24.0661192Z hint: will change to "main" in Git 3.0. To configure the initial branch name
Stage 04-05 · Sync & Unlock	Checkout repository	2026-04-14T16:54:24.0663043Z hint: to use in all of your new repositories, which will suppress this warning,
Stage 04-05 · Sync & Unlock	Checkout repository	2026-04-14T16:54:24.0664553Z hint: call:
Stage 04-05 · Sync & Unlock	Checkout repository	2026-04-14T16:54:24.0665186Z hint:
Stage 04-05 · Sync & Unlock	Checkout repository	2026-04-14T16:54:24.0665692Z hint: 	git config --global init.defaultBranch <name>
Stage 04-05 · Sync & Unlock	Checkout repository	2026-04-14T16:54:24.0666307Z hint:
Stage 04-05 · Sync & Unlock	Checkout repository	2026-04-14T16:54:24.0666882Z hint: Names commonly chosen instead of 'master' are 'main', 'trunk' and
Stage 04-05 · Sync & Unlock	Checkout repository	2026-04-14T16:54:24.0667807Z hint: 'development'. The just-created branch can be renamed via this command:
Stage 04-05 · Sync & Unlock	Checkout repository	2026-04-14T16:54:24.0668592Z hint:
Stage 04-05 · Sync & Unlock	Checkout repository	2026-04-14T16:54:24.0669158Z hint: 	git branch -m <name>
Stage 04-05 · Sync & Unlock	Checkout repository	2026-04-14T16:54:24.0669632Z hint:
Stage 04-05 · Sync & Unlock	Checkout repository	2026-04-14T16:54:24.0670569Z hint: Disable this message with "git config set advice.defaultBranchName false"
Stage 04-05 · Sync & Unlock	Checkout repository	2026-04-14T16:54:24.0671905Z Initialized empty Git repository in /home/runner/work/aurora/aurora/.git/
Stage 04-05 · Sync & Unlock	Checkout repository	2026-04-14T16:54:24.0676352Z [command]/usr/bin/git remote add origin https://github.com/space-gen/aurora
Stage 04-05 · Sync & Unlock	Checkout repository	2026-04-14T16:54:24.0735767Z ##[endgroup]
Stage 04-05 · Sync & Unlock	Checkout repository	2026-04-14T16:54:24.0736914Z ##[group]Disabling automatic garbage collection
Stage 04-05 · Sync & Unlock	Checkout repository	2026-04-14T16:54:24.0739315Z [command]/usr/bin/git config --local gc.auto 0
Stage 04-05 · Sync & Unlock	Checkout repository	2026-04-14T16:54:24.0769494Z ##[endgroup]
Stage 04-05 · Sync & Unlock	Checkout repository	2026-04-14T16:54:24.0770231Z ##[group]Setting up auth
Stage 04-05 · Sync & Unlock	Checkout repository	2026-04-14T16:54:24.0775687Z [command]/usr/bin/git config --local --name-only --get-regexp core\.sshCommand
Stage 04-05 · Sync & Unlock	Checkout repository	2026-04-14T16:54:24.0806628Z [command]/usr/bin/git submodule foreach --recursive sh -c "git config --local --name-only --get-regexp 'core\.sshCommand' && git config --local --unset-all 'core.sshCommand' || :"
Stage 04-05 · Sync & Unlock	Checkout repository	2026-04-14T16:54:24.1103289Z [command]/usr/bin/git config --local --name-only --get-regexp http\.https\:\/\/github\.com\/\.extraheader
Stage 04-05 · Sync & Unlock	Checkout repository	2026-04-14T16:54:24.1134300Z [command]/usr/bin/git submodule foreach --recursive sh -c "git config --local --name-only --get-regexp 'http\.https\:\/\/github\.com\/\.extraheader' && git config --local --unset-all 'http.https://github.com/.extraheader' || :"
Stage 04-05 · Sync & Unlock	Checkout repository	2026-04-14T16:54:24.1362124Z [command]/usr/bin/git config --local --name-only --get-regexp ^includeIf\.gitdir:
Stage 04-05 · Sync & Unlock	Checkout repository	2026-04-14T16:54:24.1394429Z [command]/usr/bin/git submodule foreach --recursive git config --local --show-origin --name-only --get-regexp remote.origin.url
Stage 04-05 · Sync & Unlock	Checkout repository	2026-04-14T16:54:24.1623673Z [command]/usr/bin/git config --local http.https://github.com/.extraheader AUTHORIZATION: basic ***
Stage 04-05 · Sync & Unlock	Checkout repository	2026-04-14T16:54:24.1658701Z ##[endgroup]
Stage 04-05 · Sync & Unlock	Checkout repository	2026-04-14T16:54:24.1659501Z ##[group]Fetching the repository
Stage 04-05 · Sync & Unlock	Checkout repository	2026-04-14T16:54:24.1669207Z [command]/usr/bin/git -c protocol.version=2 fetch --prune --no-recurse-submodules origin +refs/heads/*:refs/remotes/origin/* +refs/tags/*:refs/tags/*
Stage 04-05 · Sync & Unlock	Checkout repository	2026-04-14T16:54:31.3965468Z From https://github.com/space-gen/aurora
Stage 04-05 · Sync & Unlock	Checkout repository	2026-04-14T16:54:31.3993911Z  * [new branch]      data       -> origin/data
Stage 04-05 · Sync & Unlock	Checkout repository	2026-04-14T16:54:31.3994711Z  * [new branch]      main       -> origin/main
Stage 04-05 · Sync & Unlock	Checkout repository	2026-04-14T16:54:31.3997726Z ##[endgroup]
Stage 04-05 · Sync & Unlock	Checkout repository	2026-04-14T16:54:31.3998409Z ##[group]Determining the checkout info
Stage 04-05 · Sync & Unlock	Checkout repository	2026-04-14T16:54:31.4004766Z [command]/usr/bin/git branch --list --remote origin/main
Stage 04-05 · Sync & Unlock	Checkout repository	2026-04-14T16:54:31.4029463Z   origin/main
Stage 04-05 · Sync & Unlock	Checkout repository	2026-04-14T16:54:31.4034619Z ##[endgroup]
Stage 04-05 · Sync & Unlock	Checkout repository	2026-04-14T16:54:31.4039634Z [command]/usr/bin/git sparse-checkout disable
Stage 04-05 · Sync & Unlock	Checkout repository	2026-04-14T16:54:31.4075692Z [command]/usr/bin/git config --local --unset-all extensions.worktreeConfig
Stage 04-05 · Sync & Unlock	Checkout repository	2026-04-14T16:54:31.4103103Z ##[group]Checking out the ref
Stage 04-05 · Sync & Unlock	Checkout repository	2026-04-14T16:54:31.4107820Z [command]/usr/bin/git checkout --progress --force -B main refs/remotes/origin/main
Stage 04-05 · Sync & Unlock	Checkout repository	2026-04-14T16:54:31.4213490Z Switched to a new branch 'main'
Stage 04-05 · Sync & Unlock	Checkout repository	2026-04-14T16:54:31.4216601Z branch 'main' set up to track 'origin/main'.
Stage 04-05 · Sync & Unlock	Checkout repository	2026-04-14T16:54:31.4222385Z ##[endgroup]
Stage 04-05 · Sync & Unlock	Checkout repository	2026-04-14T16:54:31.4263639Z [command]/usr/bin/git log -1 --format=%H
Stage 04-05 · Sync & Unlock	Checkout repository	2026-04-14T16:54:31.4288887Z 81aad740ded9da00a04f60862206c5e28268f167
Stage 04-05 · Sync & Unlock	Download Pulled Data	﻿2026-04-14T16:54:31.4506355Z ##[group]Run actions/download-artifact@v4
Stage 04-05 · Sync & Unlock	Download Pulled Data	2026-04-14T16:54:31.4506701Z with:
Stage 04-05 · Sync & Unlock	Download Pulled Data	2026-04-14T16:54:31.4506929Z   name: fresh-task-data
Stage 04-05 · Sync & Unlock	Download Pulled Data	2026-04-14T16:54:31.4507179Z   path: data_processing/
Stage 04-05 · Sync & Unlock	Download Pulled Data	2026-04-14T16:54:31.4507461Z   merge-multiple: false
Stage 04-05 · Sync & Unlock	Download Pulled Data	2026-04-14T16:54:31.4507729Z   repository: space-gen/aurora
Stage 04-05 · Sync & Unlock	Download Pulled Data	2026-04-14T16:54:31.4508296Z   run-id: 24411868683
Stage 04-05 · Sync & Unlock	Download Pulled Data	2026-04-14T16:54:31.4508530Z env:
Stage 04-05 · Sync & Unlock	Download Pulled Data	2026-04-14T16:54:31.4508779Z   FORCE_JAVASCRIPT_ACTIONS_TO_NODE24: true
Stage 04-05 · Sync & Unlock	Download Pulled Data	2026-04-14T16:54:31.4509086Z ##[endgroup]
Stage 04-05 · Sync & Unlock	Download Pulled Data	2026-04-14T16:54:31.5958134Z Downloading single artifact
Stage 04-05 · Sync & Unlock	Download Pulled Data	2026-04-14T16:54:31.6097335Z (node:2300) [DEP0040] DeprecationWarning: The `punycode` module is deprecated. Please use a userland alternative instead.
Stage 04-05 · Sync & Unlock	Download Pulled Data	2026-04-14T16:54:31.6098395Z (Use `node --trace-deprecation ...` to show where the warning was created)
Stage 04-05 · Sync & Unlock	Download Pulled Data	2026-04-14T16:54:31.7246783Z Preparing to download the following artifacts:
Stage 04-05 · Sync & Unlock	Download Pulled Data	2026-04-14T16:54:31.7247871Z - fresh-task-data (ID: 6433284376, Size: 2507, Expected Digest: sha256:a84be049fa4a7252afdcbff0ecbfe2d07282ea270538702ac88cfbadb0734056)
Stage 04-05 · Sync & Unlock	Download Pulled Data	2026-04-14T16:54:31.8209973Z Redirecting to blob download url: https://productionresultssa19.blob.core.windows.net/actions-results/39c030c2-43c5-4de4-b3c4-3bf6f5e4e746/workflow-job-run-795497b5-3a7f-5836-abbb-0ffe73333c59/artifacts/763b83bb06111a2101445ea6baecc2804af4f797312b05be0bcad8192d400a8b.zip
Stage 04-05 · Sync & Unlock	Download Pulled Data	2026-04-14T16:54:31.8212591Z Starting download of artifact to: /home/runner/work/aurora/aurora/data_processing
Stage 04-05 · Sync & Unlock	Download Pulled Data	2026-04-14T16:54:31.8430576Z (node:2300) [DEP0005] DeprecationWarning: Buffer() is deprecated due to security and usability issues. Please use the Buffer.alloc(), Buffer.allocUnsafe(), or Buffer.from() methods instead.
Stage 04-05 · Sync & Unlock	Download Pulled Data	2026-04-14T16:54:31.8479305Z SHA256 digest of downloaded artifact is a84be049fa4a7252afdcbff0ecbfe2d07282ea270538702ac88cfbadb0734056
Stage 04-05 · Sync & Unlock	Download Pulled Data	2026-04-14T16:54:31.8480405Z Artifact download completed successfully.
Stage 04-05 · Sync & Unlock	Download Pulled Data	2026-04-14T16:54:31.8480985Z Total of 1 artifact(s) downloaded
Stage 04-05 · Sync & Unlock	Download Pulled Data	2026-04-14T16:54:31.8485054Z Download artifact has finished successfully
Stage 04-05 · Sync & Unlock	Sync templates and Unlock	﻿2026-04-14T16:54:31.8605299Z ##[group]Run git config user.name "github-actions[bot]"
Stage 04-05 · Sync & Unlock	Sync templates and Unlock	2026-04-14T16:54:31.8605856Z [36;1mgit config user.name "github-actions[bot]"[0m
Stage 04-05 · Sync & Unlock	Sync templates and Unlock	2026-04-14T16:54:31.8606306Z [36;1mgit config user.email "github-actions[bot]@users.noreply.github.com"[0m
Stage 04-05 · Sync & Unlock	Sync templates and Unlock	2026-04-14T16:54:31.8606701Z [36;1m[0m
Stage 04-05 · Sync & Unlock	Sync templates and Unlock	2026-04-14T16:54:31.8607039Z [36;1m# 0. Pull latest changes (--autostash handles the downloaded artifact files)[0m
Stage 04-05 · Sync & Unlock	Sync templates and Unlock	2026-04-14T16:54:31.8607482Z [36;1mgit pull origin main --rebase --autostash[0m
Stage 04-05 · Sync & Unlock	Sync templates and Unlock	2026-04-14T16:54:31.8607770Z [36;1m[0m
Stage 04-05 · Sync & Unlock	Sync templates and Unlock	2026-04-14T16:54:31.8608006Z [36;1m# 1. Reset annotations folder with latest images[0m
Stage 04-05 · Sync & Unlock	Sync templates and Unlock	2026-04-14T16:54:31.8608312Z [36;1mpython -c '[0m
Stage 04-05 · Sync & Unlock	Sync templates and Unlock	2026-04-14T16:54:31.8608543Z [36;1mimport json, os, glob, shutil[0m
Stage 04-05 · Sync & Unlock	Sync templates and Unlock	2026-04-14T16:54:31.8608823Z [36;1mfrom pathlib import Path[0m
Stage 04-05 · Sync & Unlock	Sync templates and Unlock	2026-04-14T16:54:31.8609073Z [36;1m[0m
Stage 04-05 · Sync & Unlock	Sync templates and Unlock	2026-04-14T16:54:31.8609295Z [36;1m# Clean annotations/ but keep README.md[0m
Stage 04-05 · Sync & Unlock	Sync templates and Unlock	2026-04-14T16:54:31.8609625Z [36;1mfor p in glob.glob("annotations/*"):[0m
Stage 04-05 · Sync & Unlock	Sync templates and Unlock	2026-04-14T16:54:31.8610013Z [36;1m    if os.path.basename(p) == "README.md": continue[0m
Stage 04-05 · Sync & Unlock	Sync templates and Unlock	2026-04-14T16:54:31.8610359Z [36;1m    if os.path.isfile(p): os.remove(p)[0m
Stage 04-05 · Sync & Unlock	Sync templates and Unlock	2026-04-14T16:54:31.8610682Z [36;1m    elif os.path.isdir(p): shutil.rmtree(p)[0m
Stage 04-05 · Sync & Unlock	Sync templates and Unlock	2026-04-14T16:54:31.8610964Z [36;1m[0m
Stage 04-05 · Sync & Unlock	Sync templates and Unlock	2026-04-14T16:54:31.8611257Z [36;1m# Direct clone from data_processing to annotations with enforced order[0m
Stage 04-05 · Sync & Unlock	Sync templates and Unlock	2026-04-14T16:54:31.8611709Z [36;1mfor src_path in glob.glob("data_processing/*.jsonl"):[0m
Stage 04-05 · Sync & Unlock	Sync templates and Unlock	2026-04-14T16:54:31.8612124Z [36;1m    dest_path = Path("annotations") / os.path.basename(src_path)[0m
Stage 04-05 · Sync & Unlock	Sync templates and Unlock	2026-04-14T16:54:31.8612641Z [36;1m    with open(src_path, "r", encoding="utf-8") as fin, open(dest_path, "w", encoding="utf-8") as fout:[0m
Stage 04-05 · Sync & Unlock	Sync templates and Unlock	2026-04-14T16:54:31.8613084Z [36;1m        for line in fin:[0m
Stage 04-05 · Sync & Unlock	Sync templates and Unlock	2026-04-14T16:54:31.8613361Z [36;1m            if not line.strip(): continue[0m
Stage 04-05 · Sync & Unlock	Sync templates and Unlock	2026-04-14T16:54:31.8613657Z [36;1m            record = json.loads(line)[0m
Stage 04-05 · Sync & Unlock	Sync templates and Unlock	2026-04-14T16:54:31.8614433Z [36;1m            [0m
Stage 04-05 · Sync & Unlock	Sync templates and Unlock	2026-04-14T16:54:31.8614683Z [36;1m            # Enforce field order[0m
Stage 04-05 · Sync & Unlock	Sync templates and Unlock	2026-04-14T16:54:31.8614974Z [36;1m            ordered_record = {[0m
Stage 04-05 · Sync & Unlock	Sync templates and Unlock	2026-04-14T16:54:31.8615252Z [36;1m                "id": record.get("id"),[0m
Stage 04-05 · Sync & Unlock	Sync templates and Unlock	2026-04-14T16:54:31.8615548Z [36;1m                "url": record.get("url"),[0m
Stage 04-05 · Sync & Unlock	Sync templates and Unlock	2026-04-14T16:54:31.8616051Z [36;1m                "task_type": record.get("task_type"),[0m
Stage 04-05 · Sync & Unlock	Sync templates and Unlock	2026-04-14T16:54:31.8616397Z [36;1m                "created_at": record.get("created_at"),[0m
Stage 04-05 · Sync & Unlock	Sync templates and Unlock	2026-04-14T16:54:31.8616724Z [36;1m                "metadata": record.get("metadata", {}),[0m
Stage 04-05 · Sync & Unlock	Sync templates and Unlock	2026-04-14T16:54:31.8617057Z [36;1m                "annotations": [] # Reset for new template[0m
Stage 04-05 · Sync & Unlock	Sync templates and Unlock	2026-04-14T16:54:31.8617369Z [36;1m            }[0m
Stage 04-05 · Sync & Unlock	Sync templates and Unlock	2026-04-14T16:54:31.8617570Z [36;1m            [0m
Stage 04-05 · Sync & Unlock	Sync templates and Unlock	2026-04-14T16:54:31.8617894Z [36;1m            fout.write(json.dumps(ordered_record, separators=(",", ":")) + "\n")[0m
Stage 04-05 · Sync & Unlock	Sync templates and Unlock	2026-04-14T16:54:31.8618265Z [36;1m'          [0m
Stage 04-05 · Sync & Unlock	Sync templates and Unlock	2026-04-14T16:54:31.8618525Z [36;1m# 2. Unlock system (Rename processing -> data)[0m
Stage 04-05 · Sync & Unlock	Sync templates and Unlock	2026-04-14T16:54:31.8618843Z [36;1mif [ -d "data_processing" ]; then[0m
Stage 04-05 · Sync & Unlock	Sync templates and Unlock	2026-04-14T16:54:31.8619111Z [36;1m  if [ -d "data" ]; then[0m
Stage 04-05 · Sync & Unlock	Sync templates and Unlock	2026-04-14T16:54:31.8619547Z [36;1m    echo "::error::Both data/ and data_processing/ exist simultaneously — inconsistent state."[0m
Stage 04-05 · Sync & Unlock	Sync templates and Unlock	2026-04-14T16:54:31.8619993Z [36;1m    exit 1[0m
Stage 04-05 · Sync & Unlock	Sync templates and Unlock	2026-04-14T16:54:31.8620200Z [36;1m  fi[0m
Stage 04-05 · Sync & Unlock	Sync templates and Unlock	2026-04-14T16:54:31.8620405Z [36;1m  mv data_processing data[0m
Stage 04-05 · Sync & Unlock	Sync templates and Unlock	2026-04-14T16:54:31.8620649Z [36;1mfi[0m
Stage 04-05 · Sync & Unlock	Sync templates and Unlock	2026-04-14T16:54:31.8620822Z [36;1m[0m
Stage 04-05 · Sync & Unlock	Sync templates and Unlock	2026-04-14T16:54:31.8621019Z [36;1m# 3. Final Consolidated Commit[0m
Stage 04-05 · Sync & Unlock	Sync templates and Unlock	2026-04-14T16:54:31.8621288Z [36;1m# 3. Final Consolidated Commit[0m
Stage 04-05 · Sync & Unlock	Sync templates and Unlock	2026-04-14T16:54:31.8621661Z [36;1m# Temporarily move data out of working tree so it won't be committed to main[0m
Stage 04-05 · Sync & Unlock	Sync templates and Unlock	2026-04-14T16:54:31.8622055Z [36;1mif [ -d "data" ]; then[0m
Stage 04-05 · Sync & Unlock	Sync templates and Unlock	2026-04-14T16:54:31.8622319Z [36;1m  mkdir -p /tmp/data_pipeline[0m
Stage 04-05 · Sync & Unlock	Sync templates and Unlock	2026-04-14T16:54:31.8622641Z [36;1m  mv data /tmp/data_pipeline/data[0m
Stage 04-05 · Sync & Unlock	Sync templates and Unlock	2026-04-14T16:54:31.8623077Z [36;1mfi[0m
Stage 04-05 · Sync & Unlock	Sync templates and Unlock	2026-04-14T16:54:31.8623267Z [36;1mgit add -A .[0m
Stage 04-05 · Sync & Unlock	Sync templates and Unlock	2026-04-14T16:54:31.8623507Z [36;1mif git diff --cached --quiet; then[0m
Stage 04-05 · Sync & Unlock	Sync templates and Unlock	2026-04-14T16:54:31.8623777Z [36;1m  echo "No changes."[0m
Stage 04-05 · Sync & Unlock	Sync templates and Unlock	2026-04-14T16:54:31.8624375Z [36;1melse[0m
Stage 04-05 · Sync & Unlock	Sync templates and Unlock	2026-04-14T16:54:31.8624766Z [36;1m  git commit -m "chore(pipeline): refresh task database and clean templates [skip ci][0m
Stage 04-05 · Sync & Unlock	Sync templates and Unlock	2026-04-14T16:54:31.8625166Z [36;1m[0m
Stage 04-05 · Sync & Unlock	Sync templates and Unlock	2026-04-14T16:54:31.8625473Z [36;1m  Co-authored-by: soumyadipkarforma <soumyadipkarforma@gmail.com>"[0m
Stage 04-05 · Sync & Unlock	Sync templates and Unlock	2026-04-14T16:54:31.8625854Z [36;1m  git push origin main[0m
Stage 04-05 · Sync & Unlock	Sync templates and Unlock	2026-04-14T16:54:31.8626086Z [36;1mfi[0m
Stage 04-05 · Sync & Unlock	Sync templates and Unlock	2026-04-14T16:54:31.8626269Z [36;1m[0m
Stage 04-05 · Sync & Unlock	Sync templates and Unlock	2026-04-14T16:54:31.8626527Z [36;1m# 4. Publish data to orphan 'data' branch with no history[0m
Stage 04-05 · Sync & Unlock	Sync templates and Unlock	2026-04-14T16:54:31.8626920Z [36;1mif [ -d "/tmp/data_pipeline/data" ]; then[0m
Stage 04-05 · Sync & Unlock	Sync templates and Unlock	2026-04-14T16:54:31.8627315Z [36;1m  if git rev-parse --verify data >/dev/null 2>&1; then[0m
Stage 04-05 · Sync & Unlock	Sync templates and Unlock	2026-04-14T16:54:31.8627635Z [36;1m    git branch -D data || true[0m
Stage 04-05 · Sync & Unlock	Sync templates and Unlock	2026-04-14T16:54:31.8627892Z [36;1m  fi[0m
Stage 04-05 · Sync & Unlock	Sync templates and Unlock	2026-04-14T16:54:31.8628097Z [36;1m  git checkout --orphan data[0m
Stage 04-05 · Sync & Unlock	Sync templates and Unlock	2026-04-14T16:54:31.8628356Z [36;1m  git rm -rf --quiet . || true[0m
Stage 04-05 · Sync & Unlock	Sync templates and Unlock	2026-04-14T16:54:31.8628611Z [36;1m  mkdir -p data[0m
Stage 04-05 · Sync & Unlock	Sync templates and Unlock	2026-04-14T16:54:31.8628878Z [36;1m  cp -r /tmp/data_pipeline/data/* data/ || true[0m
Stage 04-05 · Sync & Unlock	Sync templates and Unlock	2026-04-14T16:54:31.8629174Z [36;1m  git add -f data || true[0m
Stage 04-05 · Sync & Unlock	Sync templates and Unlock	2026-04-14T16:54:31.8629438Z [36;1m  if git diff --cached --quiet; then[0m
Stage 04-05 · Sync & Unlock	Sync templates and Unlock	2026-04-14T16:54:31.8629731Z [36;1m    echo "No data changes to commit."[0m
Stage 04-05 · Sync & Unlock	Sync templates and Unlock	2026-04-14T16:54:31.8629994Z [36;1m  else[0m
Stage 04-05 · Sync & Unlock	Sync templates and Unlock	2026-04-14T16:54:31.8630247Z [36;1m    git commit -m "chore(data): refresh dataset [skip ci][0m
Stage 04-05 · Sync & Unlock	Sync templates and Unlock	2026-04-14T16:54:31.8630554Z [36;1m[0m
Stage 04-05 · Sync & Unlock	Sync templates and Unlock	2026-04-14T16:54:31.8630845Z [36;1m    Co-authored-by: soumyadipkarforma <soumyadipkarforma@gmail.com>"[0m
Stage 04-05 · Sync & Unlock	Sync templates and Unlock	2026-04-14T16:54:31.8631227Z [36;1m    git push --force origin data[0m
Stage 04-05 · Sync & Unlock	Sync templates and Unlock	2026-04-14T16:54:31.8631478Z [36;1m  fi[0m
Stage 04-05 · Sync & Unlock	Sync templates and Unlock	2026-04-14T16:54:31.8631678Z [36;1m  git checkout main || true[0m
Stage 04-05 · Sync & Unlock	Sync templates and Unlock	2026-04-14T16:54:31.8631950Z [36;1m  git reset --hard origin/main || true[0m
Stage 04-05 · Sync & Unlock	Sync templates and Unlock	2026-04-14T16:54:31.8632219Z [36;1mfi[0m
Stage 04-05 · Sync & Unlock	Sync templates and Unlock	2026-04-14T16:54:31.8632395Z [36;1m[0m
Stage 04-05 · Sync & Unlock	Sync templates and Unlock	2026-04-14T16:54:31.8632579Z [36;1m# cleanup temp[0m
Stage 04-05 · Sync & Unlock	Sync templates and Unlock	2026-04-14T16:54:31.8632811Z [36;1mrm -rf /tmp/data_pipeline || true[0m
Stage 04-05 · Sync & Unlock	Sync templates and Unlock	2026-04-14T16:54:31.8659610Z shell: /usr/bin/bash -e {0}
Stage 04-05 · Sync & Unlock	Sync templates and Unlock	2026-04-14T16:54:31.8659893Z env:
Stage 04-05 · Sync & Unlock	Sync templates and Unlock	2026-04-14T16:54:31.8660118Z   FORCE_JAVASCRIPT_ACTIONS_TO_NODE24: true
Stage 04-05 · Sync & Unlock	Sync templates and Unlock	2026-04-14T16:54:31.8660398Z ##[endgroup]
Stage 04-05 · Sync & Unlock	Sync templates and Unlock	2026-04-14T16:54:32.0551597Z From https://github.com/space-gen/aurora
Stage 04-05 · Sync & Unlock	Sync templates and Unlock	2026-04-14T16:54:32.0552166Z  * branch            main       -> FETCH_HEAD
Stage 04-05 · Sync & Unlock	Sync templates and Unlock	2026-04-14T16:54:32.0620012Z Already up to date.
Stage 04-05 · Sync & Unlock	Sync templates and Unlock	2026-04-14T16:54:32.0976827Z ##[error]Both data/ and data_processing/ exist simultaneously — inconsistent state.
Stage 04-05 · Sync & Unlock	Sync templates and Unlock	2026-04-14T16:54:32.0987738Z ##[error]Process completed with exit code 1.
Stage 04-05 · Sync & Unlock	Post Checkout repository	﻿2026-04-14T16:54:32.1162462Z Post job cleanup.
Stage 04-05 · Sync & Unlock	Post Checkout repository	2026-04-14T16:54:32.1968459Z [command]/usr/bin/git version
Stage 04-05 · Sync & Unlock	Post Checkout repository	2026-04-14T16:54:32.2005337Z git version 2.53.0
Stage 04-05 · Sync & Unlock	Post Checkout repository	2026-04-14T16:54:32.2038985Z Temporarily overriding HOME='/home/runner/work/_temp/02949103-f6c8-44c9-a57e-8d20c48e1d34' before making global git config changes
Stage 04-05 · Sync & Unlock	Post Checkout repository	2026-04-14T16:54:32.2040243Z Adding repository directory to the temporary git global config as a safe directory
Stage 04-05 · Sync & Unlock	Post Checkout repository	2026-04-14T16:54:32.2044176Z [command]/usr/bin/git config --global --add safe.directory /home/runner/work/aurora/aurora
Stage 04-05 · Sync & Unlock	Post Checkout repository	2026-04-14T16:54:32.2079557Z [command]/usr/bin/git config --local --name-only --get-regexp core\.sshCommand
Stage 04-05 · Sync & Unlock	Post Checkout repository	2026-04-14T16:54:32.2114490Z [command]/usr/bin/git submodule foreach --recursive sh -c "git config --local --name-only --get-regexp 'core\.sshCommand' && git config --local --unset-all 'core.sshCommand' || :"
Stage 04-05 · Sync & Unlock	Post Checkout repository	2026-04-14T16:54:32.2345249Z [command]/usr/bin/git config --local --name-only --get-regexp http\.https\:\/\/github\.com\/\.extraheader
Stage 04-05 · Sync & Unlock	Post Checkout repository	2026-04-14T16:54:32.2366941Z http.https://github.com/.extraheader
Stage 04-05 · Sync & Unlock	Post Checkout repository	2026-04-14T16:54:32.2377111Z [command]/usr/bin/git config --local --unset-all http.https://github.com/.extraheader
Stage 04-05 · Sync & Unlock	Post Checkout repository	2026-04-14T16:54:32.2408431Z [command]/usr/bin/git submodule foreach --recursive sh -c "git config --local --name-only --get-regexp 'http\.https\:\/\/github\.com\/\.extraheader' && git config --local --unset-all 'http.https://github.com/.extraheader' || :"
Stage 04-05 · Sync & Unlock	Post Checkout repository	2026-04-14T16:54:32.2640199Z [command]/usr/bin/git config --local --name-only --get-regexp ^includeIf\.gitdir:
Stage 04-05 · Sync & Unlock	Post Checkout repository	2026-04-14T16:54:32.2675008Z [command]/usr/bin/git submodule foreach --recursive git config --local --show-origin --name-only --get-regexp remote.origin.url
Stage 04-05 · Sync & Unlock	Complete job	﻿2026-04-14T16:54:32.3058257Z Cleaning up orphan processes
Stage 04-05 · Sync & Unlock	Complete job	2026-04-14T16:54:32.3325498Z ##[warning]Node.js 20 is deprecated. The following actions target Node.js 20 but are being forced to run on Node.js 24: actions/checkout@v4, actions/download-artifact@v4. For more information see: https://github.blog/changelog/2025-09-19-deprecation-of-node-20-on-github-actions-runners/
