Stage 01 · Lock Frontend	Set up job	﻿2026-04-14T16:59:07.5743046Z Current runner version: '2.333.1'
Stage 01 · Lock Frontend	Set up job	2026-04-14T16:59:07.5780503Z ##[group]Runner Image Provisioner
Stage 01 · Lock Frontend	Set up job	2026-04-14T16:59:07.5781670Z Hosted Compute Agent
Stage 01 · Lock Frontend	Set up job	2026-04-14T16:59:07.5782413Z Version: 20260213.493
Stage 01 · Lock Frontend	Set up job	2026-04-14T16:59:07.5783384Z Commit: 5c115507f6dd24b8de37d8bbe0bb4509d0cc0fa3
Stage 01 · Lock Frontend	Set up job	2026-04-14T16:59:07.5784456Z Build Date: 2026-02-13T00:28:41Z
Stage 01 · Lock Frontend	Set up job	2026-04-14T16:59:07.5785443Z Worker ID: {08af7dbc-a7fc-4e1b-8a8b-55a97e6e851d}
Stage 01 · Lock Frontend	Set up job	2026-04-14T16:59:07.5786446Z Azure Region: eastus
Stage 01 · Lock Frontend	Set up job	2026-04-14T16:59:07.5787466Z ##[endgroup]
Stage 01 · Lock Frontend	Set up job	2026-04-14T16:59:07.5789583Z ##[group]Operating System
Stage 01 · Lock Frontend	Set up job	2026-04-14T16:59:07.5790714Z Ubuntu
Stage 01 · Lock Frontend	Set up job	2026-04-14T16:59:07.5791543Z 24.04.4
Stage 01 · Lock Frontend	Set up job	2026-04-14T16:59:07.5792170Z LTS
Stage 01 · Lock Frontend	Set up job	2026-04-14T16:59:07.5792839Z ##[endgroup]
Stage 01 · Lock Frontend	Set up job	2026-04-14T16:59:07.5793699Z ##[group]Runner Image
Stage 01 · Lock Frontend	Set up job	2026-04-14T16:59:07.5794570Z Image: ubuntu-24.04
Stage 01 · Lock Frontend	Set up job	2026-04-14T16:59:07.5795283Z Version: 20260406.80.1
Stage 01 · Lock Frontend	Set up job	2026-04-14T16:59:07.5796990Z Included Software: https://github.com/actions/runner-images/blob/ubuntu24/20260406.80/images/ubuntu/Ubuntu2404-Readme.md
Stage 01 · Lock Frontend	Set up job	2026-04-14T16:59:07.5799630Z Image Release: https://github.com/actions/runner-images/releases/tag/ubuntu24%2F20260406.80
Stage 01 · Lock Frontend	Set up job	2026-04-14T16:59:07.5801450Z ##[endgroup]
Stage 01 · Lock Frontend	Set up job	2026-04-14T16:59:07.5802920Z ##[group]GITHUB_TOKEN Permissions
Stage 01 · Lock Frontend	Set up job	2026-04-14T16:59:07.5805649Z Contents: write
Stage 01 · Lock Frontend	Set up job	2026-04-14T16:59:07.5806521Z Metadata: read
Stage 01 · Lock Frontend	Set up job	2026-04-14T16:59:07.5807237Z ##[endgroup]
Stage 01 · Lock Frontend	Set up job	2026-04-14T16:59:07.5810155Z Secret source: Actions
Stage 01 · Lock Frontend	Set up job	2026-04-14T16:59:07.5811604Z Prepare workflow directory
Stage 01 · Lock Frontend	Set up job	2026-04-14T16:59:07.6342243Z Prepare all required actions
Stage 01 · Lock Frontend	Set up job	2026-04-14T16:59:07.6395366Z Getting action download info
Stage 01 · Lock Frontend	Set up job	2026-04-14T16:59:07.9641397Z Download action repository 'actions/checkout@v4' (SHA:34e114876b0b11c390a56381ad16ebd13914f8d5)
Stage 01 · Lock Frontend	Set up job	2026-04-14T16:59:08.1553422Z Complete job name: Stage 01 · Lock Frontend
Stage 01 · Lock Frontend	Checkout repository	﻿2026-04-14T16:59:08.2366358Z ##[group]Run actions/checkout@v4
Stage 01 · Lock Frontend	Checkout repository	2026-04-14T16:59:08.2367151Z with:
Stage 01 · Lock Frontend	Checkout repository	2026-04-14T16:59:08.2367525Z   fetch-depth: 0
Stage 01 · Lock Frontend	Checkout repository	2026-04-14T16:59:08.2367924Z   repository: space-gen/aurora
Stage 01 · Lock Frontend	Checkout repository	2026-04-14T16:59:08.2368584Z   token: ***
Stage 01 · Lock Frontend	Checkout repository	2026-04-14T16:59:08.2368999Z   ssh-strict: true
Stage 01 · Lock Frontend	Checkout repository	2026-04-14T16:59:08.2369394Z   ssh-user: git
Stage 01 · Lock Frontend	Checkout repository	2026-04-14T16:59:08.2369785Z   persist-credentials: true
Stage 01 · Lock Frontend	Checkout repository	2026-04-14T16:59:08.2370423Z   clean: true
Stage 01 · Lock Frontend	Checkout repository	2026-04-14T16:59:08.2370816Z   sparse-checkout-cone-mode: true
Stage 01 · Lock Frontend	Checkout repository	2026-04-14T16:59:08.2371288Z   fetch-tags: false
Stage 01 · Lock Frontend	Checkout repository	2026-04-14T16:59:08.2371682Z   show-progress: true
Stage 01 · Lock Frontend	Checkout repository	2026-04-14T16:59:08.2372077Z   lfs: false
Stage 01 · Lock Frontend	Checkout repository	2026-04-14T16:59:08.2372440Z   submodules: false
Stage 01 · Lock Frontend	Checkout repository	2026-04-14T16:59:08.2372826Z   set-safe-directory: true
Stage 01 · Lock Frontend	Checkout repository	2026-04-14T16:59:08.2373462Z env:
Stage 01 · Lock Frontend	Checkout repository	2026-04-14T16:59:08.2373844Z   FORCE_JAVASCRIPT_ACTIONS_TO_NODE24: true
Stage 01 · Lock Frontend	Checkout repository	2026-04-14T16:59:08.2374345Z ##[endgroup]
Stage 01 · Lock Frontend	Checkout repository	2026-04-14T16:59:08.3314150Z Syncing repository: space-gen/aurora
Stage 01 · Lock Frontend	Checkout repository	2026-04-14T16:59:08.3315971Z ##[group]Getting Git version info
Stage 01 · Lock Frontend	Checkout repository	2026-04-14T16:59:08.3316693Z Working directory is '/home/runner/work/aurora/aurora'
Stage 01 · Lock Frontend	Checkout repository	2026-04-14T16:59:08.3317641Z [command]/usr/bin/git version
Stage 01 · Lock Frontend	Checkout repository	2026-04-14T16:59:08.3337705Z git version 2.53.0
Stage 01 · Lock Frontend	Checkout repository	2026-04-14T16:59:08.3389209Z ##[endgroup]
Stage 01 · Lock Frontend	Checkout repository	2026-04-14T16:59:08.3403914Z Temporarily overriding HOME='/home/runner/work/_temp/7e7cbac8-895a-4f82-9220-81bb7e288493' before making global git config changes
Stage 01 · Lock Frontend	Checkout repository	2026-04-14T16:59:08.3408855Z Adding repository directory to the temporary git global config as a safe directory
Stage 01 · Lock Frontend	Checkout repository	2026-04-14T16:59:08.3410242Z [command]/usr/bin/git config --global --add safe.directory /home/runner/work/aurora/aurora
Stage 01 · Lock Frontend	Checkout repository	2026-04-14T16:59:08.3445273Z Deleting the contents of '/home/runner/work/aurora/aurora'
Stage 01 · Lock Frontend	Checkout repository	2026-04-14T16:59:08.3449279Z ##[group]Initializing the repository
Stage 01 · Lock Frontend	Checkout repository	2026-04-14T16:59:08.3453944Z [command]/usr/bin/git init /home/runner/work/aurora/aurora
Stage 01 · Lock Frontend	Checkout repository	2026-04-14T16:59:08.3528732Z hint: Using 'master' as the name for the initial branch. This default branch name
Stage 01 · Lock Frontend	Checkout repository	2026-04-14T16:59:08.3530462Z hint: will change to "main" in Git 3.0. To configure the initial branch name
Stage 01 · Lock Frontend	Checkout repository	2026-04-14T16:59:08.3531762Z hint: to use in all of your new repositories, which will suppress this warning,
Stage 01 · Lock Frontend	Checkout repository	2026-04-14T16:59:08.3532537Z hint: call:
Stage 01 · Lock Frontend	Checkout repository	2026-04-14T16:59:08.3532896Z hint:
Stage 01 · Lock Frontend	Checkout repository	2026-04-14T16:59:08.3533647Z hint: 	git config --global init.defaultBranch <name>
Stage 01 · Lock Frontend	Checkout repository	2026-04-14T16:59:08.3534402Z hint:
Stage 01 · Lock Frontend	Checkout repository	2026-04-14T16:59:08.3534994Z hint: Names commonly chosen instead of 'master' are 'main', 'trunk' and
Stage 01 · Lock Frontend	Checkout repository	2026-04-14T16:59:08.3535848Z hint: 'development'. The just-created branch can be renamed via this command:
Stage 01 · Lock Frontend	Checkout repository	2026-04-14T16:59:08.3536523Z hint:
Stage 01 · Lock Frontend	Checkout repository	2026-04-14T16:59:08.3536898Z hint: 	git branch -m <name>
Stage 01 · Lock Frontend	Checkout repository	2026-04-14T16:59:08.3537316Z hint:
Stage 01 · Lock Frontend	Checkout repository	2026-04-14T16:59:08.3537883Z hint: Disable this message with "git config set advice.defaultBranchName false"
Stage 01 · Lock Frontend	Checkout repository	2026-04-14T16:59:08.3539217Z Initialized empty Git repository in /home/runner/work/aurora/aurora/.git/
Stage 01 · Lock Frontend	Checkout repository	2026-04-14T16:59:08.3541240Z [command]/usr/bin/git remote add origin https://github.com/space-gen/aurora
Stage 01 · Lock Frontend	Checkout repository	2026-04-14T16:59:08.3572021Z ##[endgroup]
Stage 01 · Lock Frontend	Checkout repository	2026-04-14T16:59:08.3572743Z ##[group]Disabling automatic garbage collection
Stage 01 · Lock Frontend	Checkout repository	2026-04-14T16:59:08.3575528Z [command]/usr/bin/git config --local gc.auto 0
Stage 01 · Lock Frontend	Checkout repository	2026-04-14T16:59:08.3605217Z ##[endgroup]
Stage 01 · Lock Frontend	Checkout repository	2026-04-14T16:59:08.3605913Z ##[group]Setting up auth
Stage 01 · Lock Frontend	Checkout repository	2026-04-14T16:59:08.3611634Z [command]/usr/bin/git config --local --name-only --get-regexp core\.sshCommand
Stage 01 · Lock Frontend	Checkout repository	2026-04-14T16:59:08.3644036Z [command]/usr/bin/git submodule foreach --recursive sh -c "git config --local --name-only --get-regexp 'core\.sshCommand' && git config --local --unset-all 'core.sshCommand' || :"
Stage 01 · Lock Frontend	Checkout repository	2026-04-14T16:59:08.3934277Z [command]/usr/bin/git config --local --name-only --get-regexp http\.https\:\/\/github\.com\/\.extraheader
Stage 01 · Lock Frontend	Checkout repository	2026-04-14T16:59:08.3967700Z [command]/usr/bin/git submodule foreach --recursive sh -c "git config --local --name-only --get-regexp 'http\.https\:\/\/github\.com\/\.extraheader' && git config --local --unset-all 'http.https://github.com/.extraheader' || :"
Stage 01 · Lock Frontend	Checkout repository	2026-04-14T16:59:08.4202092Z [command]/usr/bin/git config --local --name-only --get-regexp ^includeIf\.gitdir:
Stage 01 · Lock Frontend	Checkout repository	2026-04-14T16:59:08.4236156Z [command]/usr/bin/git submodule foreach --recursive git config --local --show-origin --name-only --get-regexp remote.origin.url
Stage 01 · Lock Frontend	Checkout repository	2026-04-14T16:59:08.4471306Z [command]/usr/bin/git config --local http.https://github.com/.extraheader AUTHORIZATION: basic ***
Stage 01 · Lock Frontend	Checkout repository	2026-04-14T16:59:08.4509880Z ##[endgroup]
Stage 01 · Lock Frontend	Checkout repository	2026-04-14T16:59:08.4511179Z ##[group]Fetching the repository
Stage 01 · Lock Frontend	Checkout repository	2026-04-14T16:59:08.4520840Z [command]/usr/bin/git -c protocol.version=2 fetch --prune --no-recurse-submodules origin +refs/heads/*:refs/remotes/origin/* +refs/tags/*:refs/tags/*
Stage 01 · Lock Frontend	Checkout repository	2026-04-14T16:59:13.0170679Z From https://github.com/space-gen/aurora
Stage 01 · Lock Frontend	Checkout repository	2026-04-14T16:59:13.0172027Z  * [new branch]      data       -> origin/data
Stage 01 · Lock Frontend	Checkout repository	2026-04-14T16:59:13.0172958Z  * [new branch]      main       -> origin/main
Stage 01 · Lock Frontend	Checkout repository	2026-04-14T16:59:13.0208142Z [command]/usr/bin/git branch --list --remote origin/main
Stage 01 · Lock Frontend	Checkout repository	2026-04-14T16:59:13.0234358Z   origin/main
Stage 01 · Lock Frontend	Checkout repository	2026-04-14T16:59:13.0244050Z [command]/usr/bin/git rev-parse refs/remotes/origin/main
Stage 01 · Lock Frontend	Checkout repository	2026-04-14T16:59:13.0265708Z 84169fc4bd37e044edd712f1571a7c9387798f0d
Stage 01 · Lock Frontend	Checkout repository	2026-04-14T16:59:13.0270924Z ##[endgroup]
Stage 01 · Lock Frontend	Checkout repository	2026-04-14T16:59:13.0272637Z ##[group]Determining the checkout info
Stage 01 · Lock Frontend	Checkout repository	2026-04-14T16:59:13.0273837Z ##[endgroup]
Stage 01 · Lock Frontend	Checkout repository	2026-04-14T16:59:13.0276155Z [command]/usr/bin/git sparse-checkout disable
Stage 01 · Lock Frontend	Checkout repository	2026-04-14T16:59:13.0313871Z [command]/usr/bin/git config --local --unset-all extensions.worktreeConfig
Stage 01 · Lock Frontend	Checkout repository	2026-04-14T16:59:13.0344220Z ##[group]Checking out the ref
Stage 01 · Lock Frontend	Checkout repository	2026-04-14T16:59:13.0347499Z [command]/usr/bin/git checkout --progress --force -B main refs/remotes/origin/main
Stage 01 · Lock Frontend	Checkout repository	2026-04-14T16:59:13.0455745Z Switched to a new branch 'main'
Stage 01 · Lock Frontend	Checkout repository	2026-04-14T16:59:13.0457698Z branch 'main' set up to track 'origin/main'.
Stage 01 · Lock Frontend	Checkout repository	2026-04-14T16:59:13.0465068Z ##[endgroup]
Stage 01 · Lock Frontend	Checkout repository	2026-04-14T16:59:13.0502695Z [command]/usr/bin/git log -1 --format=%H
Stage 01 · Lock Frontend	Checkout repository	2026-04-14T16:59:13.0526968Z 84169fc4bd37e044edd712f1571a7c9387798f0d
Stage 01 · Lock Frontend	Rename data/ to data_processing/	﻿2026-04-14T16:59:13.0756243Z ##[group]Run git config user.name "github-actions[bot]"
Stage 01 · Lock Frontend	Rename data/ to data_processing/	2026-04-14T16:59:13.0757928Z [36;1mgit config user.name "github-actions[bot]"[0m
Stage 01 · Lock Frontend	Rename data/ to data_processing/	2026-04-14T16:59:13.0759714Z [36;1mgit config user.email "github-actions[bot]@users.noreply.github.com"[0m
Stage 01 · Lock Frontend	Rename data/ to data_processing/	2026-04-14T16:59:13.0761545Z [36;1m[0m
Stage 01 · Lock Frontend	Rename data/ to data_processing/	2026-04-14T16:59:13.0763421Z [36;1m# Safety: if both data/ and data_processing/ exist, attempt a safe merge to avoid manual intervention.[0m
Stage 01 · Lock Frontend	Rename data/ to data_processing/	2026-04-14T16:59:13.0765688Z [36;1mif [ -d "data" ] && [ -d "data_processing" ]; then[0m
Stage 01 · Lock Frontend	Rename data/ to data_processing/	2026-04-14T16:59:13.0768005Z [36;1m  echo "::warning::Both data/ and data_processing/ exist — attempting safe merge of data -> data_processing."[0m
Stage 01 · Lock Frontend	Rename data/ to data_processing/	2026-04-14T16:59:13.0771501Z [36;1m  # Merge new files from data into data_processing without overwriting existing files in data_processing.[0m
Stage 01 · Lock Frontend	Rename data/ to data_processing/	2026-04-14T16:59:13.0773855Z [36;1m  # Use rsync for a safe, idempotent merge.[0m
Stage 01 · Lock Frontend	Rename data/ to data_processing/	2026-04-14T16:59:13.0775218Z [36;1m  if command -v rsync >/dev/null 2>&1; then[0m
Stage 01 · Lock Frontend	Rename data/ to data_processing/	2026-04-14T16:59:13.0776795Z [36;1m    rsync -a --ignore-existing data/ data_processing/ || true[0m
Stage 01 · Lock Frontend	Rename data/ to data_processing/	2026-04-14T16:59:13.0778298Z [36;1m  else[0m
Stage 01 · Lock Frontend	Rename data/ to data_processing/	2026-04-14T16:59:13.0779411Z [36;1m    # Portable fallback: copy files that don't already exist[0m
Stage 01 · Lock Frontend	Rename data/ to data_processing/	2026-04-14T16:59:13.0781123Z [36;1m    mkdir -p data_processing[0m
Stage 01 · Lock Frontend	Rename data/ to data_processing/	2026-04-14T16:59:13.0782230Z [36;1m    for f in data/*; do[0m
Stage 01 · Lock Frontend	Rename data/ to data_processing/	2026-04-14T16:59:13.0783227Z [36;1m      bn=$(basename "$f")[0m
Stage 01 · Lock Frontend	Rename data/ to data_processing/	2026-04-14T16:59:13.0784359Z [36;1m      if [ ! -e "data_processing/$bn" ]; then[0m
Stage 01 · Lock Frontend	Rename data/ to data_processing/	2026-04-14T16:59:13.0785715Z [36;1m        cp -r "data/$bn" "data_processing/" || true[0m
Stage 01 · Lock Frontend	Rename data/ to data_processing/	2026-04-14T16:59:13.0786937Z [36;1m      fi[0m
Stage 01 · Lock Frontend	Rename data/ to data_processing/	2026-04-14T16:59:13.0787719Z [36;1m    done[0m
Stage 01 · Lock Frontend	Rename data/ to data_processing/	2026-04-14T16:59:13.0788464Z [36;1m  fi[0m
Stage 01 · Lock Frontend	Rename data/ to data_processing/	2026-04-14T16:59:13.0789745Z [36;1m  # After merging, remove the old data/ directory to restore expected state.[0m
Stage 01 · Lock Frontend	Rename data/ to data_processing/	2026-04-14T16:59:13.0791662Z [36;1m  rm -rf data || true[0m
Stage 01 · Lock Frontend	Rename data/ to data_processing/	2026-04-14T16:59:13.0793371Z [36;1m  echo "Merged data/ into data_processing/ and removed data/ to recover pipeline state."[0m
Stage 01 · Lock Frontend	Rename data/ to data_processing/	2026-04-14T16:59:13.0795226Z [36;1mfi[0m
Stage 01 · Lock Frontend	Rename data/ to data_processing/	2026-04-14T16:59:13.0795945Z [36;1m[0m
Stage 01 · Lock Frontend	Rename data/ to data_processing/	2026-04-14T16:59:13.0796683Z [36;1mif [ -d "data" ]; then[0m
Stage 01 · Lock Frontend	Rename data/ to data_processing/	2026-04-14T16:59:13.0798046Z [36;1m  # Cleanly move to data_processing to lock the public frontend[0m
Stage 01 · Lock Frontend	Rename data/ to data_processing/	2026-04-14T16:59:13.0799565Z [36;1m  mv data data_processing[0m
Stage 01 · Lock Frontend	Rename data/ to data_processing/	2026-04-14T16:59:13.0800694Z [36;1m  [0m
Stage 01 · Lock Frontend	Rename data/ to data_processing/	2026-04-14T16:59:13.0801765Z [36;1m  # Prepare orphan 'data' branch and commit only data files[0m
Stage 01 · Lock Frontend	Rename data/ to data_processing/	2026-04-14T16:59:13.0803462Z [36;1m  # copy data_processing to temp to avoid polluting main[0m
Stage 01 · Lock Frontend	Rename data/ to data_processing/	2026-04-14T16:59:13.0804934Z [36;1m  mkdir -p /tmp/data_pipeline || true[0m
Stage 01 · Lock Frontend	Rename data/ to data_processing/	2026-04-14T16:59:13.0806322Z [36;1m  cp -r data_processing /tmp/data_pipeline/ || true[0m
Stage 01 · Lock Frontend	Rename data/ to data_processing/	2026-04-14T16:59:13.0807597Z [36;1m[0m
Stage 01 · Lock Frontend	Rename data/ to data_processing/	2026-04-14T16:59:13.0808602Z [36;1m  # Create orphan branch 'data' (delete local if exists)[0m
Stage 01 · Lock Frontend	Rename data/ to data_processing/	2026-04-14T16:59:13.0810369Z [36;1m  if git rev-parse --verify data >/dev/null 2>&1; then[0m
Stage 01 · Lock Frontend	Rename data/ to data_processing/	2026-04-14T16:59:13.0811731Z [36;1m    git branch -D data || true[0m
Stage 01 · Lock Frontend	Rename data/ to data_processing/	2026-04-14T16:59:13.0812769Z [36;1m  fi[0m
Stage 01 · Lock Frontend	Rename data/ to data_processing/	2026-04-14T16:59:13.0813571Z [36;1m  git checkout --orphan data[0m
Stage 01 · Lock Frontend	Rename data/ to data_processing/	2026-04-14T16:59:13.0814570Z [36;1m[0m
Stage 01 · Lock Frontend	Rename data/ to data_processing/	2026-04-14T16:59:13.0815502Z [36;1m  # Clear index and working tree for a clean branch[0m
Stage 01 · Lock Frontend	Rename data/ to data_processing/	2026-04-14T16:59:13.0816803Z [36;1m  git rm -rf --quiet . || true[0m
Stage 01 · Lock Frontend	Rename data/ to data_processing/	2026-04-14T16:59:13.0817813Z [36;1m[0m
Stage 01 · Lock Frontend	Rename data/ to data_processing/	2026-04-14T16:59:13.0818579Z [36;1m  # Populate only the data files[0m
Stage 01 · Lock Frontend	Rename data/ to data_processing/	2026-04-14T16:59:13.0819645Z [36;1m  mkdir -p data[0m
Stage 01 · Lock Frontend	Rename data/ to data_processing/	2026-04-14T16:59:13.0820937Z [36;1m  if [ -d "/tmp/data_pipeline/data_processing" ]; then[0m
Stage 01 · Lock Frontend	Rename data/ to data_processing/	2026-04-14T16:59:13.0822522Z [36;1m    cp -r /tmp/data_pipeline/data_processing/* data/ || true[0m
Stage 01 · Lock Frontend	Rename data/ to data_processing/	2026-04-14T16:59:13.0823856Z [36;1m  fi[0m
Stage 01 · Lock Frontend	Rename data/ to data_processing/	2026-04-14T16:59:13.0824559Z [36;1m[0m
Stage 01 · Lock Frontend	Rename data/ to data_processing/	2026-04-14T16:59:13.0825268Z [36;1m  git add -f data || true[0m
Stage 01 · Lock Frontend	Rename data/ to data_processing/	2026-04-14T16:59:13.0826352Z [36;1m  if git diff --cached --quiet; then[0m
Stage 01 · Lock Frontend	Rename data/ to data_processing/	2026-04-14T16:59:13.0827542Z [36;1m    echo "No data changes to commit."[0m
Stage 01 · Lock Frontend	Rename data/ to data_processing/	2026-04-14T16:59:13.0828865Z [36;1m  else[0m
Stage 01 · Lock Frontend	Rename data/ to data_processing/	2026-04-14T16:59:13.0829879Z [36;1m    git commit -m "chore(data): update dataset [skip ci][0m
Stage 01 · Lock Frontend	Rename data/ to data_processing/	2026-04-14T16:59:13.0831391Z [36;1m[0m
Stage 01 · Lock Frontend	Rename data/ to data_processing/	2026-04-14T16:59:13.0832558Z [36;1m    Co-authored-by: soumyadipkarforma <soumyadipkarforma@gmail.com>"[0m
Stage 01 · Lock Frontend	Rename data/ to data_processing/	2026-04-14T16:59:13.0834351Z [36;1m    git push --force origin data[0m
Stage 01 · Lock Frontend	Rename data/ to data_processing/	2026-04-14T16:59:13.0835376Z [36;1m  fi[0m
Stage 01 · Lock Frontend	Rename data/ to data_processing/	2026-04-14T16:59:13.0836051Z [36;1m[0m
Stage 01 · Lock Frontend	Rename data/ to data_processing/	2026-04-14T16:59:13.0836872Z [36;1m  # Return to main branch (clean workspace)[0m
Stage 01 · Lock Frontend	Rename data/ to data_processing/	2026-04-14T16:59:13.0838062Z [36;1m  git checkout main || true[0m
Stage 01 · Lock Frontend	Rename data/ to data_processing/	2026-04-14T16:59:13.0839165Z [36;1m  git reset --hard origin/main || true[0m
Stage 01 · Lock Frontend	Rename data/ to data_processing/	2026-04-14T16:59:13.0840493Z [36;1m  echo "Frontend locked."[0m
Stage 01 · Lock Frontend	Rename data/ to data_processing/	2026-04-14T16:59:13.0841431Z [36;1melse[0m
Stage 01 · Lock Frontend	Rename data/ to data_processing/	2026-04-14T16:59:13.0842276Z [36;1m  echo "System already locked."[0m
Stage 01 · Lock Frontend	Rename data/ to data_processing/	2026-04-14T16:59:13.0843294Z [36;1mfi[0m
Stage 01 · Lock Frontend	Rename data/ to data_processing/	2026-04-14T16:59:13.0870986Z shell: /usr/bin/bash -e {0}
Stage 01 · Lock Frontend	Rename data/ to data_processing/	2026-04-14T16:59:13.0871942Z env:
Stage 01 · Lock Frontend	Rename data/ to data_processing/	2026-04-14T16:59:13.0872695Z   FORCE_JAVASCRIPT_ACTIONS_TO_NODE24: true
Stage 01 · Lock Frontend	Rename data/ to data_processing/	2026-04-14T16:59:13.0873798Z ##[endgroup]
Stage 01 · Lock Frontend	Rename data/ to data_processing/	2026-04-14T16:59:13.1102535Z Switched to a new branch 'data'
Stage 01 · Lock Frontend	Rename data/ to data_processing/	2026-04-14T16:59:13.1104537Z D	data/README.md
Stage 01 · Lock Frontend	Rename data/ to data_processing/	2026-04-14T16:59:13.1105502Z D	data/data/README.md
Stage 01 · Lock Frontend	Rename data/ to data_processing/	2026-04-14T16:59:13.1106526Z D	data/magnetogram.jsonl
Stage 01 · Lock Frontend	Rename data/ to data_processing/	2026-04-14T16:59:13.1107911Z D	data/sunspot.jsonl
Stage 01 · Lock Frontend	Rename data/ to data_processing/	2026-04-14T16:59:13.1291081Z [data (root-commit) 4d3a063] chore(data): update dataset [skip ci]
Stage 01 · Lock Frontend	Rename data/ to data_processing/	2026-04-14T16:59:13.1292698Z  4 files changed, 239 insertions(+)
Stage 01 · Lock Frontend	Rename data/ to data_processing/	2026-04-14T16:59:13.1293722Z  create mode 100644 data/README.md
Stage 01 · Lock Frontend	Rename data/ to data_processing/	2026-04-14T16:59:13.1294734Z  create mode 100644 data/data/README.md
Stage 01 · Lock Frontend	Rename data/ to data_processing/	2026-04-14T16:59:13.1295893Z  create mode 100644 data/magnetogram.jsonl
Stage 01 · Lock Frontend	Rename data/ to data_processing/	2026-04-14T16:59:13.1296992Z  create mode 100644 data/sunspot.jsonl
Stage 01 · Lock Frontend	Rename data/ to data_processing/	2026-04-14T16:59:13.5840906Z To https://github.com/space-gen/aurora
Stage 01 · Lock Frontend	Rename data/ to data_processing/	2026-04-14T16:59:13.5841483Z  + 0df5dd7...4d3a063 data -> data (forced update)
Stage 01 · Lock Frontend	Rename data/ to data_processing/	2026-04-14T16:59:13.5987237Z Switched to branch 'main'
Stage 01 · Lock Frontend	Rename data/ to data_processing/	2026-04-14T16:59:13.5989626Z Your branch is up to date with 'origin/main'.
Stage 01 · Lock Frontend	Rename data/ to data_processing/	2026-04-14T16:59:13.6099283Z HEAD is now at 84169fc fix(parser): avoid f-string backslash in commit message by shell-quoting message; safe orphan push
Stage 01 · Lock Frontend	Rename data/ to data_processing/	2026-04-14T16:59:13.6101975Z Frontend locked.
Stage 01 · Lock Frontend	Post Checkout repository	﻿2026-04-14T16:59:13.6197837Z Post job cleanup.
Stage 01 · Lock Frontend	Post Checkout repository	2026-04-14T16:59:13.6987362Z [command]/usr/bin/git version
Stage 01 · Lock Frontend	Post Checkout repository	2026-04-14T16:59:13.7025003Z git version 2.53.0
Stage 01 · Lock Frontend	Post Checkout repository	2026-04-14T16:59:13.7061888Z Temporarily overriding HOME='/home/runner/work/_temp/0cc33d19-3a22-4bf8-af02-b624e4eb9c92' before making global git config changes
Stage 01 · Lock Frontend	Post Checkout repository	2026-04-14T16:59:13.7063391Z Adding repository directory to the temporary git global config as a safe directory
Stage 01 · Lock Frontend	Post Checkout repository	2026-04-14T16:59:13.7067191Z [command]/usr/bin/git config --global --add safe.directory /home/runner/work/aurora/aurora
Stage 01 · Lock Frontend	Post Checkout repository	2026-04-14T16:59:13.7107303Z [command]/usr/bin/git config --local --name-only --get-regexp core\.sshCommand
Stage 01 · Lock Frontend	Post Checkout repository	2026-04-14T16:59:13.7140794Z [command]/usr/bin/git submodule foreach --recursive sh -c "git config --local --name-only --get-regexp 'core\.sshCommand' && git config --local --unset-all 'core.sshCommand' || :"
Stage 01 · Lock Frontend	Post Checkout repository	2026-04-14T16:59:13.7380706Z [command]/usr/bin/git config --local --name-only --get-regexp http\.https\:\/\/github\.com\/\.extraheader
Stage 01 · Lock Frontend	Post Checkout repository	2026-04-14T16:59:13.7406491Z http.https://github.com/.extraheader
Stage 01 · Lock Frontend	Post Checkout repository	2026-04-14T16:59:13.7418466Z [command]/usr/bin/git config --local --unset-all http.https://github.com/.extraheader
Stage 01 · Lock Frontend	Post Checkout repository	2026-04-14T16:59:13.7451958Z [command]/usr/bin/git submodule foreach --recursive sh -c "git config --local --name-only --get-regexp 'http\.https\:\/\/github\.com\/\.extraheader' && git config --local --unset-all 'http.https://github.com/.extraheader' || :"
Stage 01 · Lock Frontend	Post Checkout repository	2026-04-14T16:59:13.7691452Z [command]/usr/bin/git config --local --name-only --get-regexp ^includeIf\.gitdir:
Stage 01 · Lock Frontend	Post Checkout repository	2026-04-14T16:59:13.7724743Z [command]/usr/bin/git submodule foreach --recursive git config --local --show-origin --name-only --get-regexp remote.origin.url
Stage 01 · Lock Frontend	Complete job	﻿2026-04-14T16:59:13.8101528Z Cleaning up orphan processes
Stage 01 · Lock Frontend	Complete job	2026-04-14T16:59:13.8474839Z ##[warning]Node.js 20 is deprecated. The following actions target Node.js 20 but are being forced to run on Node.js 24: actions/checkout@v4. For more information see: https://github.blog/changelog/2025-09-19-deprecation-of-node-20-on-github-actions-runners/
Stage 2 · Pull New URLs	Set up job	﻿2026-04-14T16:59:18.9234868Z Current runner version: '2.333.1'
Stage 2 · Pull New URLs	Set up job	2026-04-14T16:59:18.9261564Z ##[group]Runner Image Provisioner
Stage 2 · Pull New URLs	Set up job	2026-04-14T16:59:18.9262375Z Hosted Compute Agent
Stage 2 · Pull New URLs	Set up job	2026-04-14T16:59:18.9262973Z Version: 20260213.493
Stage 2 · Pull New URLs	Set up job	2026-04-14T16:59:18.9263644Z Commit: 5c115507f6dd24b8de37d8bbe0bb4509d0cc0fa3
Stage 2 · Pull New URLs	Set up job	2026-04-14T16:59:18.9264322Z Build Date: 2026-02-13T00:28:41Z
Stage 2 · Pull New URLs	Set up job	2026-04-14T16:59:18.9264966Z Worker ID: {5ac4052d-8362-4207-9f8a-244440638f39}
Stage 2 · Pull New URLs	Set up job	2026-04-14T16:59:18.9265663Z Azure Region: northcentralus
Stage 2 · Pull New URLs	Set up job	2026-04-14T16:59:18.9266293Z ##[endgroup]
Stage 2 · Pull New URLs	Set up job	2026-04-14T16:59:18.9268311Z ##[group]Operating System
Stage 2 · Pull New URLs	Set up job	2026-04-14T16:59:18.9268957Z Ubuntu
Stage 2 · Pull New URLs	Set up job	2026-04-14T16:59:18.9269437Z 24.04.4
Stage 2 · Pull New URLs	Set up job	2026-04-14T16:59:18.9269852Z LTS
Stage 2 · Pull New URLs	Set up job	2026-04-14T16:59:18.9270343Z ##[endgroup]
Stage 2 · Pull New URLs	Set up job	2026-04-14T16:59:18.9270900Z ##[group]Runner Image
Stage 2 · Pull New URLs	Set up job	2026-04-14T16:59:18.9271407Z Image: ubuntu-24.04
Stage 2 · Pull New URLs	Set up job	2026-04-14T16:59:18.9271945Z Version: 20260406.80.1
Stage 2 · Pull New URLs	Set up job	2026-04-14T16:59:18.9272980Z Included Software: https://github.com/actions/runner-images/blob/ubuntu24/20260406.80/images/ubuntu/Ubuntu2404-Readme.md
Stage 2 · Pull New URLs	Set up job	2026-04-14T16:59:18.9274680Z Image Release: https://github.com/actions/runner-images/releases/tag/ubuntu24%2F20260406.80
Stage 2 · Pull New URLs	Set up job	2026-04-14T16:59:18.9275573Z ##[endgroup]
Stage 2 · Pull New URLs	Set up job	2026-04-14T16:59:18.9276680Z ##[group]GITHUB_TOKEN Permissions
Stage 2 · Pull New URLs	Set up job	2026-04-14T16:59:18.9279607Z Contents: read
Stage 2 · Pull New URLs	Set up job	2026-04-14T16:59:18.9280187Z Metadata: read
Stage 2 · Pull New URLs	Set up job	2026-04-14T16:59:18.9280792Z Packages: read
Stage 2 · Pull New URLs	Set up job	2026-04-14T16:59:18.9281307Z ##[endgroup]
Stage 2 · Pull New URLs	Set up job	2026-04-14T16:59:18.9283428Z Secret source: Actions
Stage 2 · Pull New URLs	Set up job	2026-04-14T16:59:18.9284255Z Prepare workflow directory
Stage 2 · Pull New URLs	Set up job	2026-04-14T16:59:18.9690061Z Prepare all required actions
Stage 2 · Pull New URLs	Set up job	2026-04-14T16:59:18.9729425Z Getting action download info
Stage 2 · Pull New URLs	Set up job	2026-04-14T16:59:19.4289867Z Download action repository 'actions/checkout@v4' (SHA:34e114876b0b11c390a56381ad16ebd13914f8d5)
Stage 2 · Pull New URLs	Set up job	2026-04-14T16:59:19.6001313Z Download action repository 'actions/setup-python@v5' (SHA:a26af69be951a213d495a4c3e4e4022e16d87065)
Stage 2 · Pull New URLs	Set up job	2026-04-14T16:59:19.7301121Z Download action repository 'actions/upload-artifact@v4' (SHA:ea165f8d65b6e75b540449e92b4886f43607fa02)
Stage 2 · Pull New URLs	Set up job	2026-04-14T16:59:19.9615681Z Complete job name: Stage 2 · Pull New URLs
Stage 2 · Pull New URLs	Checkout repository	﻿2026-04-14T16:59:20.0445079Z ##[group]Run actions/checkout@v4
Stage 2 · Pull New URLs	Checkout repository	2026-04-14T16:59:20.0446336Z with:
Stage 2 · Pull New URLs	Checkout repository	2026-04-14T16:59:20.0447246Z   repository: space-gen/aurora
Stage 2 · Pull New URLs	Checkout repository	2026-04-14T16:59:20.0448462Z   token: ***
Stage 2 · Pull New URLs	Checkout repository	2026-04-14T16:59:20.0449132Z   ssh-strict: true
Stage 2 · Pull New URLs	Checkout repository	2026-04-14T16:59:20.0449831Z   ssh-user: git
Stage 2 · Pull New URLs	Checkout repository	2026-04-14T16:59:20.0450552Z   persist-credentials: true
Stage 2 · Pull New URLs	Checkout repository	2026-04-14T16:59:20.0451373Z   clean: true
Stage 2 · Pull New URLs	Checkout repository	2026-04-14T16:59:20.0452085Z   sparse-checkout-cone-mode: true
Stage 2 · Pull New URLs	Checkout repository	2026-04-14T16:59:20.0452992Z   fetch-depth: 1
Stage 2 · Pull New URLs	Checkout repository	2026-04-14T16:59:20.0453704Z   fetch-tags: false
Stage 2 · Pull New URLs	Checkout repository	2026-04-14T16:59:20.0454457Z   show-progress: true
Stage 2 · Pull New URLs	Checkout repository	2026-04-14T16:59:20.0455205Z   lfs: false
Stage 2 · Pull New URLs	Checkout repository	2026-04-14T16:59:20.0455895Z   submodules: false
Stage 2 · Pull New URLs	Checkout repository	2026-04-14T16:59:20.0456652Z   set-safe-directory: true
Stage 2 · Pull New URLs	Checkout repository	2026-04-14T16:59:20.0457866Z env:
Stage 2 · Pull New URLs	Checkout repository	2026-04-14T16:59:20.0458612Z   FORCE_JAVASCRIPT_ACTIONS_TO_NODE24: true
Stage 2 · Pull New URLs	Checkout repository	2026-04-14T16:59:20.0459602Z ##[endgroup]
Stage 2 · Pull New URLs	Checkout repository	2026-04-14T16:59:20.1385666Z Syncing repository: space-gen/aurora
Stage 2 · Pull New URLs	Checkout repository	2026-04-14T16:59:20.1389028Z ##[group]Getting Git version info
Stage 2 · Pull New URLs	Checkout repository	2026-04-14T16:59:20.1390334Z Working directory is '/home/runner/work/aurora/aurora'
Stage 2 · Pull New URLs	Checkout repository	2026-04-14T16:59:20.1392099Z [command]/usr/bin/git version
Stage 2 · Pull New URLs	Checkout repository	2026-04-14T16:59:20.1416409Z git version 2.53.0
Stage 2 · Pull New URLs	Checkout repository	2026-04-14T16:59:20.1437631Z ##[endgroup]
Stage 2 · Pull New URLs	Checkout repository	2026-04-14T16:59:20.1452050Z Temporarily overriding HOME='/home/runner/work/_temp/7f517b94-1371-4f60-b7bb-d10f4e418cb0' before making global git config changes
Stage 2 · Pull New URLs	Checkout repository	2026-04-14T16:59:20.1454852Z Adding repository directory to the temporary git global config as a safe directory
Stage 2 · Pull New URLs	Checkout repository	2026-04-14T16:59:20.1458447Z [command]/usr/bin/git config --global --add safe.directory /home/runner/work/aurora/aurora
Stage 2 · Pull New URLs	Checkout repository	2026-04-14T16:59:20.1488212Z Deleting the contents of '/home/runner/work/aurora/aurora'
Stage 2 · Pull New URLs	Checkout repository	2026-04-14T16:59:20.1492350Z ##[group]Initializing the repository
Stage 2 · Pull New URLs	Checkout repository	2026-04-14T16:59:20.1496631Z [command]/usr/bin/git init /home/runner/work/aurora/aurora
Stage 2 · Pull New URLs	Checkout repository	2026-04-14T16:59:20.1568622Z hint: Using 'master' as the name for the initial branch. This default branch name
Stage 2 · Pull New URLs	Checkout repository	2026-04-14T16:59:20.1571802Z hint: will change to "main" in Git 3.0. To configure the initial branch name
Stage 2 · Pull New URLs	Checkout repository	2026-04-14T16:59:20.1574791Z hint: to use in all of your new repositories, which will suppress this warning,
Stage 2 · Pull New URLs	Checkout repository	2026-04-14T16:59:20.1576215Z hint: call:
Stage 2 · Pull New URLs	Checkout repository	2026-04-14T16:59:20.1577161Z hint:
Stage 2 · Pull New URLs	Checkout repository	2026-04-14T16:59:20.1578183Z hint: 	git config --global init.defaultBranch <name>
Stage 2 · Pull New URLs	Checkout repository	2026-04-14T16:59:20.1579688Z hint:
Stage 2 · Pull New URLs	Checkout repository	2026-04-14T16:59:20.1580727Z hint: Names commonly chosen instead of 'master' are 'main', 'trunk' and
Stage 2 · Pull New URLs	Checkout repository	2026-04-14T16:59:20.1582484Z hint: 'development'. The just-created branch can be renamed via this command:
Stage 2 · Pull New URLs	Checkout repository	2026-04-14T16:59:20.1583950Z hint:
Stage 2 · Pull New URLs	Checkout repository	2026-04-14T16:59:20.1584719Z hint: 	git branch -m <name>
Stage 2 · Pull New URLs	Checkout repository	2026-04-14T16:59:20.1585526Z hint:
Stage 2 · Pull New URLs	Checkout repository	2026-04-14T16:59:20.1586637Z hint: Disable this message with "git config set advice.defaultBranchName false"
Stage 2 · Pull New URLs	Checkout repository	2026-04-14T16:59:20.1588836Z Initialized empty Git repository in /home/runner/work/aurora/aurora/.git/
Stage 2 · Pull New URLs	Checkout repository	2026-04-14T16:59:20.1591741Z [command]/usr/bin/git remote add origin https://github.com/space-gen/aurora
Stage 2 · Pull New URLs	Checkout repository	2026-04-14T16:59:20.1611222Z ##[endgroup]
Stage 2 · Pull New URLs	Checkout repository	2026-04-14T16:59:20.1613272Z ##[group]Disabling automatic garbage collection
Stage 2 · Pull New URLs	Checkout repository	2026-04-14T16:59:20.1614828Z [command]/usr/bin/git config --local gc.auto 0
Stage 2 · Pull New URLs	Checkout repository	2026-04-14T16:59:20.1642506Z ##[endgroup]
Stage 2 · Pull New URLs	Checkout repository	2026-04-14T16:59:20.1643927Z ##[group]Setting up auth
Stage 2 · Pull New URLs	Checkout repository	2026-04-14T16:59:20.1648314Z [command]/usr/bin/git config --local --name-only --get-regexp core\.sshCommand
Stage 2 · Pull New URLs	Checkout repository	2026-04-14T16:59:20.1678041Z [command]/usr/bin/git submodule foreach --recursive sh -c "git config --local --name-only --get-regexp 'core\.sshCommand' && git config --local --unset-all 'core.sshCommand' || :"
Stage 2 · Pull New URLs	Checkout repository	2026-04-14T16:59:20.1949345Z [command]/usr/bin/git config --local --name-only --get-regexp http\.https\:\/\/github\.com\/\.extraheader
Stage 2 · Pull New URLs	Checkout repository	2026-04-14T16:59:20.1980822Z [command]/usr/bin/git submodule foreach --recursive sh -c "git config --local --name-only --get-regexp 'http\.https\:\/\/github\.com\/\.extraheader' && git config --local --unset-all 'http.https://github.com/.extraheader' || :"
Stage 2 · Pull New URLs	Checkout repository	2026-04-14T16:59:20.2194192Z [command]/usr/bin/git config --local --name-only --get-regexp ^includeIf\.gitdir:
Stage 2 · Pull New URLs	Checkout repository	2026-04-14T16:59:20.2228351Z [command]/usr/bin/git submodule foreach --recursive git config --local --show-origin --name-only --get-regexp remote.origin.url
Stage 2 · Pull New URLs	Checkout repository	2026-04-14T16:59:20.2447766Z [command]/usr/bin/git config --local http.https://github.com/.extraheader AUTHORIZATION: basic ***
Stage 2 · Pull New URLs	Checkout repository	2026-04-14T16:59:20.2482707Z ##[endgroup]
Stage 2 · Pull New URLs	Checkout repository	2026-04-14T16:59:20.2484871Z ##[group]Fetching the repository
Stage 2 · Pull New URLs	Checkout repository	2026-04-14T16:59:20.2494749Z [command]/usr/bin/git -c protocol.version=2 fetch --no-tags --prune --no-recurse-submodules --depth=1 origin +84169fc4bd37e044edd712f1571a7c9387798f0d:refs/remotes/origin/main
Stage 2 · Pull New URLs	Checkout repository	2026-04-14T16:59:20.6490692Z From https://github.com/space-gen/aurora
Stage 2 · Pull New URLs	Checkout repository	2026-04-14T16:59:20.6492453Z  * [new ref]         84169fc4bd37e044edd712f1571a7c9387798f0d -> origin/main
Stage 2 · Pull New URLs	Checkout repository	2026-04-14T16:59:20.6518572Z ##[endgroup]
Stage 2 · Pull New URLs	Checkout repository	2026-04-14T16:59:20.6520751Z ##[group]Determining the checkout info
Stage 2 · Pull New URLs	Checkout repository	2026-04-14T16:59:20.6523316Z ##[endgroup]
Stage 2 · Pull New URLs	Checkout repository	2026-04-14T16:59:20.6527152Z [command]/usr/bin/git sparse-checkout disable
Stage 2 · Pull New URLs	Checkout repository	2026-04-14T16:59:20.6565902Z [command]/usr/bin/git config --local --unset-all extensions.worktreeConfig
Stage 2 · Pull New URLs	Checkout repository	2026-04-14T16:59:20.6592154Z ##[group]Checking out the ref
Stage 2 · Pull New URLs	Checkout repository	2026-04-14T16:59:20.6595665Z [command]/usr/bin/git checkout --progress --force -B main refs/remotes/origin/main
Stage 2 · Pull New URLs	Checkout repository	2026-04-14T16:59:20.6711844Z Switched to a new branch 'main'
Stage 2 · Pull New URLs	Checkout repository	2026-04-14T16:59:20.6714316Z branch 'main' set up to track 'origin/main'.
Stage 2 · Pull New URLs	Checkout repository	2026-04-14T16:59:20.6722358Z ##[endgroup]
Stage 2 · Pull New URLs	Checkout repository	2026-04-14T16:59:20.6760699Z [command]/usr/bin/git log -1 --format=%H
Stage 2 · Pull New URLs	Checkout repository	2026-04-14T16:59:20.6783960Z 84169fc4bd37e044edd712f1571a7c9387798f0d
Stage 2 · Pull New URLs	Set up Python	﻿2026-04-14T16:59:20.7131026Z ##[group]Run actions/setup-python@v5
Stage 2 · Pull New URLs	Set up Python	2026-04-14T16:59:20.7132104Z with:
Stage 2 · Pull New URLs	Set up Python	2026-04-14T16:59:20.7132835Z   python-version: 3.11
Stage 2 · Pull New URLs	Set up Python	2026-04-14T16:59:20.7133693Z   check-latest: false
Stage 2 · Pull New URLs	Set up Python	2026-04-14T16:59:20.7134792Z   token: ***
Stage 2 · Pull New URLs	Set up Python	2026-04-14T16:59:20.7135582Z   update-environment: true
Stage 2 · Pull New URLs	Set up Python	2026-04-14T16:59:20.7136736Z   allow-prereleases: false
Stage 2 · Pull New URLs	Set up Python	2026-04-14T16:59:20.7137838Z   freethreaded: false
Stage 2 · Pull New URLs	Set up Python	2026-04-14T16:59:20.7138650Z env:
Stage 2 · Pull New URLs	Set up Python	2026-04-14T16:59:20.7139431Z   FORCE_JAVASCRIPT_ACTIONS_TO_NODE24: true
Stage 2 · Pull New URLs	Set up Python	2026-04-14T16:59:20.7140458Z ##[endgroup]
Stage 2 · Pull New URLs	Set up Python	2026-04-14T16:59:20.8407247Z ##[group]Installed versions
Stage 2 · Pull New URLs	Set up Python	2026-04-14T16:59:20.8497985Z (node:2321) [DEP0040] DeprecationWarning: The `punycode` module is deprecated. Please use a userland alternative instead.
Stage 2 · Pull New URLs	Set up Python	2026-04-14T16:59:20.8502011Z (Use `node --trace-deprecation ...` to show where the warning was created)
Stage 2 · Pull New URLs	Set up Python	2026-04-14T16:59:20.8504773Z Successfully set up CPython (3.11.15)
Stage 2 · Pull New URLs	Set up Python	2026-04-14T16:59:20.8517165Z ##[endgroup]
Stage 2 · Pull New URLs	Install dependencies	﻿2026-04-14T16:59:20.8658273Z ##[group]Run pip install requests huggingface_hub datasets
Stage 2 · Pull New URLs	Install dependencies	2026-04-14T16:59:20.8659790Z [36;1mpip install requests huggingface_hub datasets[0m
Stage 2 · Pull New URLs	Install dependencies	2026-04-14T16:59:20.8742456Z shell: /usr/bin/bash -e {0}
Stage 2 · Pull New URLs	Install dependencies	2026-04-14T16:59:20.8743376Z env:
Stage 2 · Pull New URLs	Install dependencies	2026-04-14T16:59:20.8744144Z   FORCE_JAVASCRIPT_ACTIONS_TO_NODE24: true
Stage 2 · Pull New URLs	Install dependencies	2026-04-14T16:59:20.8745409Z   pythonLocation: /opt/hostedtoolcache/Python/3.11.15/x64
Stage 2 · Pull New URLs	Install dependencies	2026-04-14T16:59:20.8747200Z   PKG_CONFIG_PATH: /opt/hostedtoolcache/Python/3.11.15/x64/lib/pkgconfig
Stage 2 · Pull New URLs	Install dependencies	2026-04-14T16:59:20.8748787Z   Python_ROOT_DIR: /opt/hostedtoolcache/Python/3.11.15/x64
Stage 2 · Pull New URLs	Install dependencies	2026-04-14T16:59:20.8750224Z   Python2_ROOT_DIR: /opt/hostedtoolcache/Python/3.11.15/x64
Stage 2 · Pull New URLs	Install dependencies	2026-04-14T16:59:20.8751655Z   Python3_ROOT_DIR: /opt/hostedtoolcache/Python/3.11.15/x64
Stage 2 · Pull New URLs	Install dependencies	2026-04-14T16:59:20.8753096Z   LD_LIBRARY_PATH: /opt/hostedtoolcache/Python/3.11.15/x64/lib
Stage 2 · Pull New URLs	Install dependencies	2026-04-14T16:59:20.8754310Z ##[endgroup]
Stage 2 · Pull New URLs	Install dependencies	2026-04-14T16:59:23.8785745Z Collecting requests
Stage 2 · Pull New URLs	Install dependencies	2026-04-14T16:59:23.9367460Z   Downloading requests-2.33.1-py3-none-any.whl.metadata (4.8 kB)
Stage 2 · Pull New URLs	Install dependencies	2026-04-14T16:59:23.9856088Z Collecting huggingface_hub
Stage 2 · Pull New URLs	Install dependencies	2026-04-14T16:59:23.9897120Z   Downloading huggingface_hub-1.10.2-py3-none-any.whl.metadata (14 kB)
Stage 2 · Pull New URLs	Install dependencies	2026-04-14T16:59:24.0379182Z Collecting datasets
Stage 2 · Pull New URLs	Install dependencies	2026-04-14T16:59:24.0426084Z   Downloading datasets-4.8.4-py3-none-any.whl.metadata (19 kB)
Stage 2 · Pull New URLs	Install dependencies	2026-04-14T16:59:24.1525583Z Collecting charset_normalizer<4,>=2 (from requests)
Stage 2 · Pull New URLs	Install dependencies	2026-04-14T16:59:24.1566446Z   Downloading charset_normalizer-3.4.7-cp311-cp311-manylinux2014_x86_64.manylinux_2_17_x86_64.manylinux_2_28_x86_64.whl.metadata (40 kB)
Stage 2 · Pull New URLs	Install dependencies	2026-04-14T16:59:24.1746706Z Collecting idna<4,>=2.5 (from requests)
Stage 2 · Pull New URLs	Install dependencies	2026-04-14T16:59:24.1782077Z   Downloading idna-3.11-py3-none-any.whl.metadata (8.4 kB)
Stage 2 · Pull New URLs	Install dependencies	2026-04-14T16:59:24.1997499Z Collecting urllib3<3,>=1.26 (from requests)
Stage 2 · Pull New URLs	Install dependencies	2026-04-14T16:59:24.2036868Z   Downloading urllib3-2.6.3-py3-none-any.whl.metadata (6.9 kB)
Stage 2 · Pull New URLs	Install dependencies	2026-04-14T16:59:24.2212330Z Collecting certifi>=2023.5.7 (from requests)
Stage 2 · Pull New URLs	Install dependencies	2026-04-14T16:59:24.2251975Z   Downloading certifi-2026.2.25-py3-none-any.whl.metadata (2.5 kB)
Stage 2 · Pull New URLs	Install dependencies	2026-04-14T16:59:24.2462732Z Collecting filelock>=3.10.0 (from huggingface_hub)
Stage 2 · Pull New URLs	Install dependencies	2026-04-14T16:59:24.2544436Z   Downloading filelock-3.25.2-py3-none-any.whl.metadata (2.0 kB)
Stage 2 · Pull New URLs	Install dependencies	2026-04-14T16:59:24.2708228Z Collecting fsspec>=2023.5.0 (from huggingface_hub)
Stage 2 · Pull New URLs	Install dependencies	2026-04-14T16:59:24.2745032Z   Downloading fsspec-2026.3.0-py3-none-any.whl.metadata (10 kB)
Stage 2 · Pull New URLs	Install dependencies	2026-04-14T16:59:24.3407470Z Collecting hf-xet<2.0.0,>=1.4.3 (from huggingface_hub)
Stage 2 · Pull New URLs	Install dependencies	2026-04-14T16:59:24.3446142Z   Downloading hf_xet-1.4.3-cp37-abi3-manylinux2014_x86_64.manylinux_2_17_x86_64.whl.metadata (4.9 kB)
Stage 2 · Pull New URLs	Install dependencies	2026-04-14T16:59:24.3606435Z Collecting httpx<1,>=0.23.0 (from huggingface_hub)
Stage 2 · Pull New URLs	Install dependencies	2026-04-14T16:59:24.3641111Z   Downloading httpx-0.28.1-py3-none-any.whl.metadata (7.1 kB)
Stage 2 · Pull New URLs	Install dependencies	2026-04-14T16:59:24.3797751Z Collecting packaging>=20.9 (from huggingface_hub)
Stage 2 · Pull New URLs	Install dependencies	2026-04-14T16:59:24.3833234Z   Downloading packaging-26.0-py3-none-any.whl.metadata (3.3 kB)
Stage 2 · Pull New URLs	Install dependencies	2026-04-14T16:59:24.4181797Z Collecting pyyaml>=5.1 (from huggingface_hub)
Stage 2 · Pull New URLs	Install dependencies	2026-04-14T16:59:24.4221330Z   Downloading pyyaml-6.0.3-cp311-cp311-manylinux2014_x86_64.manylinux_2_17_x86_64.manylinux_2_28_x86_64.whl.metadata (2.4 kB)
Stage 2 · Pull New URLs	Install dependencies	2026-04-14T16:59:24.4487706Z Collecting tqdm>=4.42.1 (from huggingface_hub)
Stage 2 · Pull New URLs	Install dependencies	2026-04-14T16:59:24.4523616Z   Downloading tqdm-4.67.3-py3-none-any.whl.metadata (57 kB)
Stage 2 · Pull New URLs	Install dependencies	2026-04-14T16:59:24.4749798Z Collecting typer (from huggingface_hub)
Stage 2 · Pull New URLs	Install dependencies	2026-04-14T16:59:24.4787346Z   Downloading typer-0.24.1-py3-none-any.whl.metadata (16 kB)
Stage 2 · Pull New URLs	Install dependencies	2026-04-14T16:59:24.4953434Z Collecting typing-extensions>=4.1.0 (from huggingface_hub)
Stage 2 · Pull New URLs	Install dependencies	2026-04-14T16:59:24.4991954Z   Downloading typing_extensions-4.15.0-py3-none-any.whl.metadata (3.3 kB)
Stage 2 · Pull New URLs	Install dependencies	2026-04-14T16:59:24.5194237Z Collecting anyio (from httpx<1,>=0.23.0->huggingface_hub)
Stage 2 · Pull New URLs	Install dependencies	2026-04-14T16:59:24.5231650Z   Downloading anyio-4.13.0-py3-none-any.whl.metadata (4.5 kB)
Stage 2 · Pull New URLs	Install dependencies	2026-04-14T16:59:24.5400233Z Collecting httpcore==1.* (from httpx<1,>=0.23.0->huggingface_hub)
Stage 2 · Pull New URLs	Install dependencies	2026-04-14T16:59:24.5438893Z   Downloading httpcore-1.0.9-py3-none-any.whl.metadata (21 kB)
Stage 2 · Pull New URLs	Install dependencies	2026-04-14T16:59:24.5575536Z Collecting h11>=0.16 (from httpcore==1.*->httpx<1,>=0.23.0->huggingface_hub)
Stage 2 · Pull New URLs	Install dependencies	2026-04-14T16:59:24.5615293Z   Downloading h11-0.16.0-py3-none-any.whl.metadata (8.3 kB)
Stage 2 · Pull New URLs	Install dependencies	2026-04-14T16:59:24.7682256Z Collecting numpy>=1.17 (from datasets)
Stage 2 · Pull New URLs	Install dependencies	2026-04-14T16:59:24.7728056Z   Downloading numpy-2.4.4-cp311-cp311-manylinux_2_27_x86_64.manylinux_2_28_x86_64.whl.metadata (6.6 kB)
Stage 2 · Pull New URLs	Install dependencies	2026-04-14T16:59:24.8463804Z Collecting pyarrow>=21.0.0 (from datasets)
Stage 2 · Pull New URLs	Install dependencies	2026-04-14T16:59:24.8504689Z   Downloading pyarrow-23.0.1-cp311-cp311-manylinux_2_28_x86_64.whl.metadata (3.1 kB)
Stage 2 · Pull New URLs	Install dependencies	2026-04-14T16:59:24.8631715Z Collecting dill<0.4.2,>=0.3.0 (from datasets)
Stage 2 · Pull New URLs	Install dependencies	2026-04-14T16:59:24.8671598Z   Downloading dill-0.4.1-py3-none-any.whl.metadata (10 kB)
Stage 2 · Pull New URLs	Install dependencies	2026-04-14T16:59:24.9743545Z Collecting pandas (from datasets)
Stage 2 · Pull New URLs	Install dependencies	2026-04-14T16:59:24.9784920Z   Downloading pandas-3.0.2-cp311-cp311-manylinux_2_24_x86_64.manylinux_2_28_x86_64.whl.metadata (79 kB)
Stage 2 · Pull New URLs	Install dependencies	2026-04-14T16:59:25.0761068Z Collecting xxhash (from datasets)
Stage 2 · Pull New URLs	Install dependencies	2026-04-14T16:59:25.0805304Z   Downloading xxhash-3.6.0-cp311-cp311-manylinux2014_x86_64.manylinux_2_17_x86_64.manylinux_2_28_x86_64.whl.metadata (13 kB)
Stage 2 · Pull New URLs	Install dependencies	2026-04-14T16:59:25.1026437Z Collecting multiprocess<0.70.20 (from datasets)
Stage 2 · Pull New URLs	Install dependencies	2026-04-14T16:59:25.1062449Z   Downloading multiprocess-0.70.19-py311-none-any.whl.metadata (7.5 kB)
Stage 2 · Pull New URLs	Install dependencies	2026-04-14T16:59:25.1133617Z Collecting fsspec>=2023.5.0 (from huggingface_hub)
Stage 2 · Pull New URLs	Install dependencies	2026-04-14T16:59:25.1169575Z   Downloading fsspec-2026.2.0-py3-none-any.whl.metadata (10 kB)
Stage 2 · Pull New URLs	Install dependencies	2026-04-14T16:59:25.6807355Z Collecting aiohttp!=4.0.0a0,!=4.0.0a1 (from fsspec[http]<=2026.2.0,>=2023.1.0->datasets)
Stage 2 · Pull New URLs	Install dependencies	2026-04-14T16:59:25.6847191Z   Downloading aiohttp-3.13.5-cp311-cp311-manylinux2014_x86_64.manylinux_2_17_x86_64.manylinux_2_28_x86_64.whl.metadata (8.1 kB)
Stage 2 · Pull New URLs	Install dependencies	2026-04-14T16:59:25.7015366Z Collecting aiohappyeyeballs>=2.5.0 (from aiohttp!=4.0.0a0,!=4.0.0a1->fsspec[http]<=2026.2.0,>=2023.1.0->datasets)
Stage 2 · Pull New URLs	Install dependencies	2026-04-14T16:59:25.7053648Z   Downloading aiohappyeyeballs-2.6.1-py3-none-any.whl.metadata (5.9 kB)
Stage 2 · Pull New URLs	Install dependencies	2026-04-14T16:59:25.7166438Z Collecting aiosignal>=1.4.0 (from aiohttp!=4.0.0a0,!=4.0.0a1->fsspec[http]<=2026.2.0,>=2023.1.0->datasets)
Stage 2 · Pull New URLs	Install dependencies	2026-04-14T16:59:25.7203717Z   Downloading aiosignal-1.4.0-py3-none-any.whl.metadata (3.7 kB)
Stage 2 · Pull New URLs	Install dependencies	2026-04-14T16:59:25.7357875Z Collecting attrs>=17.3.0 (from aiohttp!=4.0.0a0,!=4.0.0a1->fsspec[http]<=2026.2.0,>=2023.1.0->datasets)
Stage 2 · Pull New URLs	Install dependencies	2026-04-14T16:59:25.7416190Z   Downloading attrs-26.1.0-py3-none-any.whl.metadata (8.8 kB)
Stage 2 · Pull New URLs	Install dependencies	2026-04-14T16:59:25.8055778Z Collecting frozenlist>=1.1.1 (from aiohttp!=4.0.0a0,!=4.0.0a1->fsspec[http]<=2026.2.0,>=2023.1.0->datasets)
Stage 2 · Pull New URLs	Install dependencies	2026-04-14T16:59:25.8100998Z   Downloading frozenlist-1.8.0-cp311-cp311-manylinux1_x86_64.manylinux_2_28_x86_64.manylinux_2_5_x86_64.whl.metadata (20 kB)
Stage 2 · Pull New URLs	Install dependencies	2026-04-14T16:59:26.0241797Z Collecting multidict<7.0,>=4.5 (from aiohttp!=4.0.0a0,!=4.0.0a1->fsspec[http]<=2026.2.0,>=2023.1.0->datasets)
Stage 2 · Pull New URLs	Install dependencies	2026-04-14T16:59:26.0288143Z   Downloading multidict-6.7.1-cp311-cp311-manylinux2014_x86_64.manylinux_2_17_x86_64.manylinux_2_28_x86_64.whl.metadata (5.3 kB)
Stage 2 · Pull New URLs	Install dependencies	2026-04-14T16:59:26.0814384Z Collecting propcache>=0.2.0 (from aiohttp!=4.0.0a0,!=4.0.0a1->fsspec[http]<=2026.2.0,>=2023.1.0->datasets)
Stage 2 · Pull New URLs	Install dependencies	2026-04-14T16:59:26.0857915Z   Downloading propcache-0.4.1-cp311-cp311-manylinux2014_x86_64.manylinux_2_17_x86_64.manylinux_2_28_x86_64.whl.metadata (13 kB)
Stage 2 · Pull New URLs	Install dependencies	2026-04-14T16:59:26.3758430Z Collecting yarl<2.0,>=1.17.0 (from aiohttp!=4.0.0a0,!=4.0.0a1->fsspec[http]<=2026.2.0,>=2023.1.0->datasets)
Stage 2 · Pull New URLs	Install dependencies	2026-04-14T16:59:26.3799563Z   Downloading yarl-1.23.0-cp311-cp311-manylinux2014_x86_64.manylinux_2_17_x86_64.manylinux_2_28_x86_64.whl.metadata (79 kB)
Stage 2 · Pull New URLs	Install dependencies	2026-04-14T16:59:26.4187776Z Collecting python-dateutil>=2.8.2 (from pandas->datasets)
Stage 2 · Pull New URLs	Install dependencies	2026-04-14T16:59:26.4223369Z   Downloading python_dateutil-2.9.0.post0-py2.py3-none-any.whl.metadata (8.4 kB)
Stage 2 · Pull New URLs	Install dependencies	2026-04-14T16:59:26.4357128Z Collecting six>=1.5 (from python-dateutil>=2.8.2->pandas->datasets)
Stage 2 · Pull New URLs	Install dependencies	2026-04-14T16:59:26.4393702Z   Downloading six-1.17.0-py2.py3-none-any.whl.metadata (1.7 kB)
Stage 2 · Pull New URLs	Install dependencies	2026-04-14T16:59:26.4551890Z Collecting click>=8.2.1 (from typer->huggingface_hub)
Stage 2 · Pull New URLs	Install dependencies	2026-04-14T16:59:26.4590331Z   Downloading click-8.3.2-py3-none-any.whl.metadata (2.6 kB)
Stage 2 · Pull New URLs	Install dependencies	2026-04-14T16:59:26.4711666Z Collecting shellingham>=1.3.0 (from typer->huggingface_hub)
Stage 2 · Pull New URLs	Install dependencies	2026-04-14T16:59:26.4746722Z   Downloading shellingham-1.5.4-py2.py3-none-any.whl.metadata (3.5 kB)
Stage 2 · Pull New URLs	Install dependencies	2026-04-14T16:59:26.5035725Z Collecting rich>=12.3.0 (from typer->huggingface_hub)
Stage 2 · Pull New URLs	Install dependencies	2026-04-14T16:59:26.5074668Z   Downloading rich-15.0.0-py3-none-any.whl.metadata (18 kB)
Stage 2 · Pull New URLs	Install dependencies	2026-04-14T16:59:26.5189415Z Collecting annotated-doc>=0.0.2 (from typer->huggingface_hub)
Stage 2 · Pull New URLs	Install dependencies	2026-04-14T16:59:26.5226197Z   Downloading annotated_doc-0.0.4-py3-none-any.whl.metadata (6.6 kB)
Stage 2 · Pull New URLs	Install dependencies	2026-04-14T16:59:26.5371680Z Collecting markdown-it-py>=2.2.0 (from rich>=12.3.0->typer->huggingface_hub)
Stage 2 · Pull New URLs	Install dependencies	2026-04-14T16:59:26.5424792Z   Downloading markdown_it_py-4.0.0-py3-none-any.whl.metadata (7.3 kB)
Stage 2 · Pull New URLs	Install dependencies	2026-04-14T16:59:26.5625251Z Collecting pygments<3.0.0,>=2.13.0 (from rich>=12.3.0->typer->huggingface_hub)
Stage 2 · Pull New URLs	Install dependencies	2026-04-14T16:59:26.5667870Z   Downloading pygments-2.20.0-py3-none-any.whl.metadata (2.5 kB)
Stage 2 · Pull New URLs	Install dependencies	2026-04-14T16:59:26.5778141Z Collecting mdurl~=0.1 (from markdown-it-py>=2.2.0->rich>=12.3.0->typer->huggingface_hub)
Stage 2 · Pull New URLs	Install dependencies	2026-04-14T16:59:26.5812550Z   Downloading mdurl-0.1.2-py3-none-any.whl.metadata (1.6 kB)
Stage 2 · Pull New URLs	Install dependencies	2026-04-14T16:59:26.5900727Z Downloading requests-2.33.1-py3-none-any.whl (64 kB)
Stage 2 · Pull New URLs	Install dependencies	2026-04-14T16:59:26.5961293Z Downloading charset_normalizer-3.4.7-cp311-cp311-manylinux2014_x86_64.manylinux_2_17_x86_64.manylinux_2_28_x86_64.whl (214 kB)
Stage 2 · Pull New URLs	Install dependencies	2026-04-14T16:59:26.6058678Z Downloading idna-3.11-py3-none-any.whl (71 kB)
Stage 2 · Pull New URLs	Install dependencies	2026-04-14T16:59:26.6123231Z Downloading urllib3-2.6.3-py3-none-any.whl (131 kB)
Stage 2 · Pull New URLs	Install dependencies	2026-04-14T16:59:26.6182076Z Downloading huggingface_hub-1.10.2-py3-none-any.whl (642 kB)
Stage 2 · Pull New URLs	Install dependencies	2026-04-14T16:59:26.6262646Z    ━━━━━━━━━━━━━━━━━━━━━━━━━━━━━━━━━━━━━━━━ 642.6/642.6 kB 70.1 MB/s  0:00:00
Stage 2 · Pull New URLs	Install dependencies	2026-04-14T16:59:26.6298242Z Downloading hf_xet-1.4.3-cp37-abi3-manylinux2014_x86_64.manylinux_2_17_x86_64.whl (4.2 MB)
Stage 2 · Pull New URLs	Install dependencies	2026-04-14T16:59:26.6478444Z    ━━━━━━━━━━━━━━━━━━━━━━━━━━━━━━━━━━━━━━━━ 4.2/4.2 MB 250.9 MB/s  0:00:00
Stage 2 · Pull New URLs	Install dependencies	2026-04-14T16:59:26.6534104Z Downloading httpx-0.28.1-py3-none-any.whl (73 kB)
Stage 2 · Pull New URLs	Install dependencies	2026-04-14T16:59:26.6603849Z Downloading httpcore-1.0.9-py3-none-any.whl (78 kB)
Stage 2 · Pull New URLs	Install dependencies	2026-04-14T16:59:26.6663923Z Downloading datasets-4.8.4-py3-none-any.whl (526 kB)
Stage 2 · Pull New URLs	Install dependencies	2026-04-14T16:59:26.6713693Z    ━━━━━━━━━━━━━━━━━━━━━━━━━━━━━━━━━━━━━━━━ 527.0/527.0 kB 98.5 MB/s  0:00:00
Stage 2 · Pull New URLs	Install dependencies	2026-04-14T16:59:26.6748290Z Downloading dill-0.4.1-py3-none-any.whl (120 kB)
Stage 2 · Pull New URLs	Install dependencies	2026-04-14T16:59:26.6852068Z Downloading fsspec-2026.2.0-py3-none-any.whl (202 kB)
Stage 2 · Pull New URLs	Install dependencies	2026-04-14T16:59:26.6913484Z Downloading multiprocess-0.70.19-py311-none-any.whl (144 kB)
Stage 2 · Pull New URLs	Install dependencies	2026-04-14T16:59:26.6978030Z Downloading aiohttp-3.13.5-cp311-cp311-manylinux2014_x86_64.manylinux_2_17_x86_64.manylinux_2_28_x86_64.whl (1.8 MB)
Stage 2 · Pull New URLs	Install dependencies	2026-04-14T16:59:26.7078060Z    ━━━━━━━━━━━━━━━━━━━━━━━━━━━━━━━━━━━━━━━━ 1.8/1.8 MB 212.6 MB/s  0:00:00
Stage 2 · Pull New URLs	Install dependencies	2026-04-14T16:59:26.7120819Z Downloading multidict-6.7.1-cp311-cp311-manylinux2014_x86_64.manylinux_2_17_x86_64.manylinux_2_28_x86_64.whl (246 kB)
Stage 2 · Pull New URLs	Install dependencies	2026-04-14T16:59:26.7185370Z Downloading yarl-1.23.0-cp311-cp311-manylinux2014_x86_64.manylinux_2_17_x86_64.manylinux_2_28_x86_64.whl (102 kB)
Stage 2 · Pull New URLs	Install dependencies	2026-04-14T16:59:26.7245906Z Downloading aiohappyeyeballs-2.6.1-py3-none-any.whl (15 kB)
Stage 2 · Pull New URLs	Install dependencies	2026-04-14T16:59:26.7302592Z Downloading aiosignal-1.4.0-py3-none-any.whl (7.5 kB)
Stage 2 · Pull New URLs	Install dependencies	2026-04-14T16:59:26.7358747Z Downloading attrs-26.1.0-py3-none-any.whl (67 kB)
Stage 2 · Pull New URLs	Install dependencies	2026-04-14T16:59:26.7420540Z Downloading certifi-2026.2.25-py3-none-any.whl (153 kB)
Stage 2 · Pull New URLs	Install dependencies	2026-04-14T16:59:26.7481319Z Downloading filelock-3.25.2-py3-none-any.whl (26 kB)
Stage 2 · Pull New URLs	Install dependencies	2026-04-14T16:59:26.7578075Z Downloading frozenlist-1.8.0-cp311-cp311-manylinux1_x86_64.manylinux_2_28_x86_64.manylinux_2_5_x86_64.whl (231 kB)
Stage 2 · Pull New URLs	Install dependencies	2026-04-14T16:59:26.7641738Z Downloading h11-0.16.0-py3-none-any.whl (37 kB)
Stage 2 · Pull New URLs	Install dependencies	2026-04-14T16:59:26.7703012Z Downloading numpy-2.4.4-cp311-cp311-manylinux_2_27_x86_64.manylinux_2_28_x86_64.whl (16.9 MB)
Stage 2 · Pull New URLs	Install dependencies	2026-04-14T16:59:26.8254855Z    ━━━━━━━━━━━━━━━━━━━━━━━━━━━━━━━━━━━━━━━━ 16.9/16.9 MB 318.5 MB/s  0:00:00
Stage 2 · Pull New URLs	Install dependencies	2026-04-14T16:59:26.8294609Z Downloading packaging-26.0-py3-none-any.whl (74 kB)
Stage 2 · Pull New URLs	Install dependencies	2026-04-14T16:59:26.8355980Z Downloading propcache-0.4.1-cp311-cp311-manylinux2014_x86_64.manylinux_2_17_x86_64.manylinux_2_28_x86_64.whl (210 kB)
Stage 2 · Pull New URLs	Install dependencies	2026-04-14T16:59:26.8415146Z Downloading pyarrow-23.0.1-cp311-cp311-manylinux_2_28_x86_64.whl (47.6 MB)
Stage 2 · Pull New URLs	Install dependencies	2026-04-14T16:59:26.9824128Z    ━━━━━━━━━━━━━━━━━━━━━━━━━━━━━━━━━━━━━━━━ 47.6/47.6 MB 342.0 MB/s  0:00:00
Stage 2 · Pull New URLs	Install dependencies	2026-04-14T16:59:26.9864784Z Downloading pyyaml-6.0.3-cp311-cp311-manylinux2014_x86_64.manylinux_2_17_x86_64.manylinux_2_28_x86_64.whl (806 kB)
Stage 2 · Pull New URLs	Install dependencies	2026-04-14T16:59:26.9930886Z    ━━━━━━━━━━━━━━━━━━━━━━━━━━━━━━━━━━━━━━━━ 806.6/806.6 kB 121.6 MB/s  0:00:00
Stage 2 · Pull New URLs	Install dependencies	2026-04-14T16:59:26.9983021Z Downloading tqdm-4.67.3-py3-none-any.whl (78 kB)
Stage 2 · Pull New URLs	Install dependencies	2026-04-14T16:59:27.0045817Z Downloading typing_extensions-4.15.0-py3-none-any.whl (44 kB)
Stage 2 · Pull New URLs	Install dependencies	2026-04-14T16:59:27.0104170Z Downloading anyio-4.13.0-py3-none-any.whl (114 kB)
Stage 2 · Pull New URLs	Install dependencies	2026-04-14T16:59:27.0162958Z Downloading pandas-3.0.2-cp311-cp311-manylinux_2_24_x86_64.manylinux_2_28_x86_64.whl (11.3 MB)
Stage 2 · Pull New URLs	Install dependencies	2026-04-14T16:59:27.0489265Z    ━━━━━━━━━━━━━━━━━━━━━━━━━━━━━━━━━━━━━━━━ 11.3/11.3 MB 363.5 MB/s  0:00:00
Stage 2 · Pull New URLs	Install dependencies	2026-04-14T16:59:27.0526626Z Downloading python_dateutil-2.9.0.post0-py2.py3-none-any.whl (229 kB)
Stage 2 · Pull New URLs	Install dependencies	2026-04-14T16:59:27.0613843Z Downloading six-1.17.0-py2.py3-none-any.whl (11 kB)
Stage 2 · Pull New URLs	Install dependencies	2026-04-14T16:59:27.0670809Z Downloading typer-0.24.1-py3-none-any.whl (56 kB)
Stage 2 · Pull New URLs	Install dependencies	2026-04-14T16:59:27.0726330Z Downloading annotated_doc-0.0.4-py3-none-any.whl (5.3 kB)
Stage 2 · Pull New URLs	Install dependencies	2026-04-14T16:59:27.0781480Z Downloading click-8.3.2-py3-none-any.whl (108 kB)
Stage 2 · Pull New URLs	Install dependencies	2026-04-14T16:59:27.0843682Z Downloading rich-15.0.0-py3-none-any.whl (310 kB)
Stage 2 · Pull New URLs	Install dependencies	2026-04-14T16:59:27.0909047Z Downloading pygments-2.20.0-py3-none-any.whl (1.2 MB)
Stage 2 · Pull New URLs	Install dependencies	2026-04-14T16:59:27.0976121Z    ━━━━━━━━━━━━━━━━━━━━━━━━━━━━━━━━━━━━━━━━ 1.2/1.2 MB 212.4 MB/s  0:00:00
Stage 2 · Pull New URLs	Install dependencies	2026-04-14T16:59:27.1010941Z Downloading markdown_it_py-4.0.0-py3-none-any.whl (87 kB)
Stage 2 · Pull New URLs	Install dependencies	2026-04-14T16:59:27.1092986Z Downloading mdurl-0.1.2-py3-none-any.whl (10.0 kB)
Stage 2 · Pull New URLs	Install dependencies	2026-04-14T16:59:27.1148154Z Downloading shellingham-1.5.4-py2.py3-none-any.whl (9.8 kB)
Stage 2 · Pull New URLs	Install dependencies	2026-04-14T16:59:27.1204700Z Downloading xxhash-3.6.0-cp311-cp311-manylinux2014_x86_64.manylinux_2_17_x86_64.manylinux_2_28_x86_64.whl (193 kB)
Stage 2 · Pull New URLs	Install dependencies	2026-04-14T16:59:27.3411190Z Installing collected packages: xxhash, urllib3, typing-extensions, tqdm, six, shellingham, pyyaml, pygments, pyarrow, propcache, packaging, numpy, multidict, mdurl, idna, hf-xet, h11, fsspec, frozenlist, filelock, dill, click, charset_normalizer, certifi, attrs, annotated-doc, aiohappyeyeballs, yarl, requests, python-dateutil, multiprocess, markdown-it-py, httpcore, anyio, aiosignal, rich, pandas, httpx, aiohttp, typer, huggingface_hub, datasets
Stage 2 · Pull New URLs	Install dependencies	2026-04-14T16:59:37.5509105Z 
Stage 2 · Pull New URLs	Install dependencies	2026-04-14T16:59:37.5533471Z Successfully installed aiohappyeyeballs-2.6.1 aiohttp-3.13.5 aiosignal-1.4.0 annotated-doc-0.0.4 anyio-4.13.0 attrs-26.1.0 certifi-2026.2.25 charset_normalizer-3.4.7 click-8.3.2 datasets-4.8.4 dill-0.4.1 filelock-3.25.2 frozenlist-1.8.0 fsspec-2026.2.0 h11-0.16.0 hf-xet-1.4.3 httpcore-1.0.9 httpx-0.28.1 huggingface_hub-1.10.2 idna-3.11 markdown-it-py-4.0.0 mdurl-0.1.2 multidict-6.7.1 multiprocess-0.70.19 numpy-2.4.4 packaging-26.0 pandas-3.0.2 propcache-0.4.1 pyarrow-23.0.1 pygments-2.20.0 python-dateutil-2.9.0.post0 pyyaml-6.0.3 requests-2.33.1 rich-15.0.0 shellingham-1.5.4 six-1.17.0 tqdm-4.67.3 typer-0.24.1 typing-extensions-4.15.0 urllib3-2.6.3 xxhash-3.6.0 yarl-1.23.0
Stage 2 · Pull New URLs	Run Crawler	﻿2026-04-14T16:59:38.0864514Z ##[group]Run python scripts/pull_new_urls.py
Stage 2 · Pull New URLs	Run Crawler	2026-04-14T16:59:38.0864897Z [36;1mpython scripts/pull_new_urls.py[0m
Stage 2 · Pull New URLs	Run Crawler	2026-04-14T16:59:38.0887912Z shell: /usr/bin/bash -e {0}
Stage 2 · Pull New URLs	Run Crawler	2026-04-14T16:59:38.0888160Z env:
Stage 2 · Pull New URLs	Run Crawler	2026-04-14T16:59:38.0888358Z   FORCE_JAVASCRIPT_ACTIONS_TO_NODE24: true
Stage 2 · Pull New URLs	Run Crawler	2026-04-14T16:59:38.0888708Z   pythonLocation: /opt/hostedtoolcache/Python/3.11.15/x64
Stage 2 · Pull New URLs	Run Crawler	2026-04-14T16:59:38.0889128Z   PKG_CONFIG_PATH: /opt/hostedtoolcache/Python/3.11.15/x64/lib/pkgconfig
Stage 2 · Pull New URLs	Run Crawler	2026-04-14T16:59:38.0889535Z   Python_ROOT_DIR: /opt/hostedtoolcache/Python/3.11.15/x64
Stage 2 · Pull New URLs	Run Crawler	2026-04-14T16:59:38.0889897Z   Python2_ROOT_DIR: /opt/hostedtoolcache/Python/3.11.15/x64
Stage 2 · Pull New URLs	Run Crawler	2026-04-14T16:59:38.0890241Z   Python3_ROOT_DIR: /opt/hostedtoolcache/Python/3.11.15/x64
Stage 2 · Pull New URLs	Run Crawler	2026-04-14T16:59:38.0890600Z   LD_LIBRARY_PATH: /opt/hostedtoolcache/Python/3.11.15/x64/lib
Stage 2 · Pull New URLs	Run Crawler	2026-04-14T16:59:38.0891072Z   HF_TOKEN: ***
Stage 2 · Pull New URLs	Run Crawler	2026-04-14T16:59:38.0891257Z ##[endgroup]
Stage 2 · Pull New URLs	Run Crawler	2026-04-14T16:59:38.8297162Z 2026-04-14 16:59:38,829 [INFO] Target date: 2026-04-13
Stage 2 · Pull New URLs	Run Crawler	2026-04-14T16:59:38.8298223Z 2026-04-14 16:59:38,829 [INFO] Processing sunspot...
Stage 2 · Pull New URLs	Run Crawler	2026-04-14T16:59:39.3985613Z 2026-04-14 16:59:39,398 [INFO] 96 records saved for sunspot (IDs sp-2759 → sp-2854)
Stage 2 · Pull New URLs	Run Crawler	2026-04-14T16:59:39.3986733Z 2026-04-14 16:59:39,398 [INFO] Processing magnetogram...
Stage 2 · Pull New URLs	Run Crawler	2026-04-14T16:59:39.9789567Z 2026-04-14 16:59:39,978 [INFO] 96 records saved for magnetogram (IDs mg-2759 → mg-2854)
Stage 2 · Pull New URLs	Upload Pull Results	﻿2026-04-14T16:59:40.0041234Z ##[group]Run actions/upload-artifact@v4
Stage 2 · Pull New URLs	Upload Pull Results	2026-04-14T16:59:40.0041547Z with:
Stage 2 · Pull New URLs	Upload Pull Results	2026-04-14T16:59:40.0041735Z   name: fresh-task-data
Stage 2 · Pull New URLs	Upload Pull Results	2026-04-14T16:59:40.0041965Z   path: data_processing/*.jsonl
Stage 2 · Pull New URLs	Upload Pull Results	2026-04-14T16:59:40.0042206Z   if-no-files-found: warn
Stage 2 · Pull New URLs	Upload Pull Results	2026-04-14T16:59:40.0042428Z   compression-level: 6
Stage 2 · Pull New URLs	Upload Pull Results	2026-04-14T16:59:40.0042629Z   overwrite: false
Stage 2 · Pull New URLs	Upload Pull Results	2026-04-14T16:59:40.0042828Z   include-hidden-files: false
Stage 2 · Pull New URLs	Upload Pull Results	2026-04-14T16:59:40.0043046Z env:
Stage 2 · Pull New URLs	Upload Pull Results	2026-04-14T16:59:40.0043235Z   FORCE_JAVASCRIPT_ACTIONS_TO_NODE24: true
Stage 2 · Pull New URLs	Upload Pull Results	2026-04-14T16:59:40.0043582Z   pythonLocation: /opt/hostedtoolcache/Python/3.11.15/x64
Stage 2 · Pull New URLs	Upload Pull Results	2026-04-14T16:59:40.0043988Z   PKG_CONFIG_PATH: /opt/hostedtoolcache/Python/3.11.15/x64/lib/pkgconfig
Stage 2 · Pull New URLs	Upload Pull Results	2026-04-14T16:59:40.0044385Z   Python_ROOT_DIR: /opt/hostedtoolcache/Python/3.11.15/x64
Stage 2 · Pull New URLs	Upload Pull Results	2026-04-14T16:59:40.0044747Z   Python2_ROOT_DIR: /opt/hostedtoolcache/Python/3.11.15/x64
Stage 2 · Pull New URLs	Upload Pull Results	2026-04-14T16:59:40.0045099Z   Python3_ROOT_DIR: /opt/hostedtoolcache/Python/3.11.15/x64
Stage 2 · Pull New URLs	Upload Pull Results	2026-04-14T16:59:40.0045460Z   LD_LIBRARY_PATH: /opt/hostedtoolcache/Python/3.11.15/x64/lib
Stage 2 · Pull New URLs	Upload Pull Results	2026-04-14T16:59:40.0045787Z ##[endgroup]
Stage 2 · Pull New URLs	Upload Pull Results	2026-04-14T16:59:40.1594937Z (node:2368) [DEP0040] DeprecationWarning: The `punycode` module is deprecated. Please use a userland alternative instead.
Stage 2 · Pull New URLs	Upload Pull Results	2026-04-14T16:59:40.1596127Z (Use `node --trace-deprecation ...` to show where the warning was created)
Stage 2 · Pull New URLs	Upload Pull Results	2026-04-14T16:59:40.1648416Z With the provided path, there will be 2 files uploaded
Stage 2 · Pull New URLs	Upload Pull Results	2026-04-14T16:59:40.1653494Z Artifact name is valid!
Stage 2 · Pull New URLs	Upload Pull Results	2026-04-14T16:59:40.1654667Z Root directory input is valid!
Stage 2 · Pull New URLs	Upload Pull Results	2026-04-14T16:59:40.2935014Z Beginning upload of artifact content to blob storage
Stage 2 · Pull New URLs	Upload Pull Results	2026-04-14T16:59:40.3159108Z (node:2368) [DEP0169] DeprecationWarning: `url.parse()` behavior is not standardized and prone to errors that have security implications. Use the WHATWG URL API instead. CVEs are not issued for `url.parse()` vulnerabilities.
Stage 2 · Pull New URLs	Upload Pull Results	2026-04-14T16:59:40.4423879Z Uploaded bytes 2492
Stage 2 · Pull New URLs	Upload Pull Results	2026-04-14T16:59:40.4794004Z Finished uploading artifact content to blob storage!
Stage 2 · Pull New URLs	Upload Pull Results	2026-04-14T16:59:40.4794823Z SHA256 digest of uploaded artifact zip is 3ffc60f497f004d22ef928477b29763bb4db45ef3879db61d0a2cf68d31228a9
Stage 2 · Pull New URLs	Upload Pull Results	2026-04-14T16:59:40.4797156Z Finalizing artifact upload
Stage 2 · Pull New URLs	Upload Pull Results	2026-04-14T16:59:40.6000933Z Artifact fresh-task-data.zip successfully finalized. Artifact ID 6433386293
Stage 2 · Pull New URLs	Upload Pull Results	2026-04-14T16:59:40.6002566Z Artifact fresh-task-data has been successfully uploaded! Final size is 2492 bytes. Artifact ID is 6433386293
Stage 2 · Pull New URLs	Upload Pull Results	2026-04-14T16:59:40.6010325Z Artifact download URL: https://github.com/space-gen/aurora/actions/runs/24412108577/artifacts/6433386293
Stage 2 · Pull New URLs	Post Set up Python	﻿2026-04-14T16:59:40.6160113Z Post job cleanup.
Stage 2 · Pull New URLs	Post Set up Python	2026-04-14T16:59:40.7302431Z (node:2381) [DEP0040] DeprecationWarning: The `punycode` module is deprecated. Please use a userland alternative instead.
Stage 2 · Pull New URLs	Post Set up Python	2026-04-14T16:59:40.7303206Z (Use `node --trace-deprecation ...` to show where the warning was created)
Stage 2 · Pull New URLs	Post Checkout repository	﻿2026-04-14T16:59:40.7437605Z Post job cleanup.
Stage 2 · Pull New URLs	Post Checkout repository	2026-04-14T16:59:40.8218449Z [command]/usr/bin/git version
Stage 2 · Pull New URLs	Post Checkout repository	2026-04-14T16:59:40.8255152Z git version 2.53.0
Stage 2 · Pull New URLs	Post Checkout repository	2026-04-14T16:59:40.8292768Z Temporarily overriding HOME='/home/runner/work/_temp/1d28aba2-2868-4247-a862-bdd88e2ac13f' before making global git config changes
Stage 2 · Pull New URLs	Post Checkout repository	2026-04-14T16:59:40.8294138Z Adding repository directory to the temporary git global config as a safe directory
Stage 2 · Pull New URLs	Post Checkout repository	2026-04-14T16:59:40.8298067Z [command]/usr/bin/git config --global --add safe.directory /home/runner/work/aurora/aurora
Stage 2 · Pull New URLs	Post Checkout repository	2026-04-14T16:59:40.8333932Z [command]/usr/bin/git config --local --name-only --get-regexp core\.sshCommand
Stage 2 · Pull New URLs	Post Checkout repository	2026-04-14T16:59:40.8366202Z [command]/usr/bin/git submodule foreach --recursive sh -c "git config --local --name-only --get-regexp 'core\.sshCommand' && git config --local --unset-all 'core.sshCommand' || :"
Stage 2 · Pull New URLs	Post Checkout repository	2026-04-14T16:59:40.8586831Z [command]/usr/bin/git config --local --name-only --get-regexp http\.https\:\/\/github\.com\/\.extraheader
Stage 2 · Pull New URLs	Post Checkout repository	2026-04-14T16:59:40.8636734Z http.https://github.com/.extraheader
Stage 2 · Pull New URLs	Post Checkout repository	2026-04-14T16:59:40.8647378Z [command]/usr/bin/git config --local --unset-all http.https://github.com/.extraheader
Stage 2 · Pull New URLs	Post Checkout repository	2026-04-14T16:59:40.8679049Z [command]/usr/bin/git submodule foreach --recursive sh -c "git config --local --name-only --get-regexp 'http\.https\:\/\/github\.com\/\.extraheader' && git config --local --unset-all 'http.https://github.com/.extraheader' || :"
Stage 2 · Pull New URLs	Post Checkout repository	2026-04-14T16:59:40.8898466Z [command]/usr/bin/git config --local --name-only --get-regexp ^includeIf\.gitdir:
Stage 2 · Pull New URLs	Post Checkout repository	2026-04-14T16:59:40.8929171Z [command]/usr/bin/git submodule foreach --recursive git config --local --show-origin --name-only --get-regexp remote.origin.url
Stage 2 · Pull New URLs	Complete job	﻿2026-04-14T16:59:40.9291803Z Cleaning up orphan processes
Stage 2 · Pull New URLs	Complete job	2026-04-14T16:59:40.9591671Z ##[warning]Node.js 20 is deprecated. The following actions target Node.js 20 but are being forced to run on Node.js 24: actions/checkout@v4, actions/setup-python@v5, actions/upload-artifact@v4. For more information see: https://github.blog/changelog/2025-09-19-deprecation-of-node-20-on-github-actions-runners/
Stage 3 · Push Annotations to HF	Set up job	﻿2026-04-14T16:59:19.1677726Z Current runner version: '2.333.1'
Stage 3 · Push Annotations to HF	Set up job	2026-04-14T16:59:19.1701529Z ##[group]Runner Image Provisioner
Stage 3 · Push Annotations to HF	Set up job	2026-04-14T16:59:19.1702523Z Hosted Compute Agent
Stage 3 · Push Annotations to HF	Set up job	2026-04-14T16:59:19.1703051Z Version: 20260213.493
Stage 3 · Push Annotations to HF	Set up job	2026-04-14T16:59:19.1703904Z Commit: 5c115507f6dd24b8de37d8bbe0bb4509d0cc0fa3
Stage 3 · Push Annotations to HF	Set up job	2026-04-14T16:59:19.1704698Z Build Date: 2026-02-13T00:28:41Z
Stage 3 · Push Annotations to HF	Set up job	2026-04-14T16:59:19.1705323Z Worker ID: {5bcb4615-da6b-4f6a-be7a-2c558b337746}
Stage 3 · Push Annotations to HF	Set up job	2026-04-14T16:59:19.1706001Z Azure Region: centralus
Stage 3 · Push Annotations to HF	Set up job	2026-04-14T16:59:19.1706616Z ##[endgroup]
Stage 3 · Push Annotations to HF	Set up job	2026-04-14T16:59:19.1708081Z ##[group]Operating System
Stage 3 · Push Annotations to HF	Set up job	2026-04-14T16:59:19.1709137Z Ubuntu
Stage 3 · Push Annotations to HF	Set up job	2026-04-14T16:59:19.1710097Z 24.04.4
Stage 3 · Push Annotations to HF	Set up job	2026-04-14T16:59:19.1710947Z LTS
Stage 3 · Push Annotations to HF	Set up job	2026-04-14T16:59:19.1711800Z ##[endgroup]
Stage 3 · Push Annotations to HF	Set up job	2026-04-14T16:59:19.1712757Z ##[group]Runner Image
Stage 3 · Push Annotations to HF	Set up job	2026-04-14T16:59:19.1713960Z Image: ubuntu-24.04
Stage 3 · Push Annotations to HF	Set up job	2026-04-14T16:59:19.1714890Z Version: 20260406.80.1
Stage 3 · Push Annotations to HF	Set up job	2026-04-14T16:59:19.1716841Z Included Software: https://github.com/actions/runner-images/blob/ubuntu24/20260406.80/images/ubuntu/Ubuntu2404-Readme.md
Stage 3 · Push Annotations to HF	Set up job	2026-04-14T16:59:19.1719742Z Image Release: https://github.com/actions/runner-images/releases/tag/ubuntu24%2F20260406.80
Stage 3 · Push Annotations to HF	Set up job	2026-04-14T16:59:19.1721596Z ##[endgroup]
Stage 3 · Push Annotations to HF	Set up job	2026-04-14T16:59:19.1723760Z ##[group]GITHUB_TOKEN Permissions
Stage 3 · Push Annotations to HF	Set up job	2026-04-14T16:59:19.1726720Z Contents: read
Stage 3 · Push Annotations to HF	Set up job	2026-04-14T16:59:19.1727626Z Metadata: read
Stage 3 · Push Annotations to HF	Set up job	2026-04-14T16:59:19.1728469Z Packages: read
Stage 3 · Push Annotations to HF	Set up job	2026-04-14T16:59:19.1729496Z ##[endgroup]
Stage 3 · Push Annotations to HF	Set up job	2026-04-14T16:59:19.1732024Z Secret source: Actions
Stage 3 · Push Annotations to HF	Set up job	2026-04-14T16:59:19.1733603Z Prepare workflow directory
Stage 3 · Push Annotations to HF	Set up job	2026-04-14T16:59:19.2169051Z Prepare all required actions
Stage 3 · Push Annotations to HF	Set up job	2026-04-14T16:59:19.2205924Z Getting action download info
Stage 3 · Push Annotations to HF	Set up job	2026-04-14T16:59:19.6743895Z Download action repository 'actions/checkout@v4' (SHA:34e114876b0b11c390a56381ad16ebd13914f8d5)
Stage 3 · Push Annotations to HF	Set up job	2026-04-14T16:59:19.7965357Z Download action repository 'actions/setup-python@v5' (SHA:a26af69be951a213d495a4c3e4e4022e16d87065)
Stage 3 · Push Annotations to HF	Set up job	2026-04-14T16:59:19.9690508Z Complete job name: Stage 3 · Push Annotations to HF
Stage 3 · Push Annotations to HF	Checkout repository	﻿2026-04-14T16:59:20.0419347Z ##[group]Run actions/checkout@v4
Stage 3 · Push Annotations to HF	Checkout repository	2026-04-14T16:59:20.0420308Z with:
Stage 3 · Push Annotations to HF	Checkout repository	2026-04-14T16:59:20.0420765Z   repository: space-gen/aurora
Stage 3 · Push Annotations to HF	Checkout repository	2026-04-14T16:59:20.0421461Z   token: ***
Stage 3 · Push Annotations to HF	Checkout repository	2026-04-14T16:59:20.0421902Z   ssh-strict: true
Stage 3 · Push Annotations to HF	Checkout repository	2026-04-14T16:59:20.0422349Z   ssh-user: git
Stage 3 · Push Annotations to HF	Checkout repository	2026-04-14T16:59:20.0422809Z   persist-credentials: true
Stage 3 · Push Annotations to HF	Checkout repository	2026-04-14T16:59:20.0423524Z   clean: true
Stage 3 · Push Annotations to HF	Checkout repository	2026-04-14T16:59:20.0423992Z   sparse-checkout-cone-mode: true
Stage 3 · Push Annotations to HF	Checkout repository	2026-04-14T16:59:20.0424523Z   fetch-depth: 1
Stage 3 · Push Annotations to HF	Checkout repository	2026-04-14T16:59:20.0424961Z   fetch-tags: false
Stage 3 · Push Annotations to HF	Checkout repository	2026-04-14T16:59:20.0425413Z   show-progress: true
Stage 3 · Push Annotations to HF	Checkout repository	2026-04-14T16:59:20.0425875Z   lfs: false
Stage 3 · Push Annotations to HF	Checkout repository	2026-04-14T16:59:20.0426290Z   submodules: false
Stage 3 · Push Annotations to HF	Checkout repository	2026-04-14T16:59:20.0426755Z   set-safe-directory: true
Stage 3 · Push Annotations to HF	Checkout repository	2026-04-14T16:59:20.0427500Z env:
Stage 3 · Push Annotations to HF	Checkout repository	2026-04-14T16:59:20.0427966Z   FORCE_JAVASCRIPT_ACTIONS_TO_NODE24: true
Stage 3 · Push Annotations to HF	Checkout repository	2026-04-14T16:59:20.0428536Z ##[endgroup]
Stage 3 · Push Annotations to HF	Checkout repository	2026-04-14T16:59:20.1340838Z Syncing repository: space-gen/aurora
Stage 3 · Push Annotations to HF	Checkout repository	2026-04-14T16:59:20.1342721Z ##[group]Getting Git version info
Stage 3 · Push Annotations to HF	Checkout repository	2026-04-14T16:59:20.1343907Z Working directory is '/home/runner/work/aurora/aurora'
Stage 3 · Push Annotations to HF	Checkout repository	2026-04-14T16:59:20.1344990Z [command]/usr/bin/git version
Stage 3 · Push Annotations to HF	Checkout repository	2026-04-14T16:59:20.1365099Z git version 2.53.0
Stage 3 · Push Annotations to HF	Checkout repository	2026-04-14T16:59:20.1388069Z ##[endgroup]
Stage 3 · Push Annotations to HF	Checkout repository	2026-04-14T16:59:20.1402540Z Temporarily overriding HOME='/home/runner/work/_temp/16cd0b4e-97e1-49e8-9a9c-6637ba2d71eb' before making global git config changes
Stage 3 · Push Annotations to HF	Checkout repository	2026-04-14T16:59:20.1404717Z Adding repository directory to the temporary git global config as a safe directory
Stage 3 · Push Annotations to HF	Checkout repository	2026-04-14T16:59:20.1409420Z [command]/usr/bin/git config --global --add safe.directory /home/runner/work/aurora/aurora
Stage 3 · Push Annotations to HF	Checkout repository	2026-04-14T16:59:20.1447513Z Deleting the contents of '/home/runner/work/aurora/aurora'
Stage 3 · Push Annotations to HF	Checkout repository	2026-04-14T16:59:20.1452713Z ##[group]Initializing the repository
Stage 3 · Push Annotations to HF	Checkout repository	2026-04-14T16:59:20.1458565Z [command]/usr/bin/git init /home/runner/work/aurora/aurora
Stage 3 · Push Annotations to HF	Checkout repository	2026-04-14T16:59:20.1545691Z hint: Using 'master' as the name for the initial branch. This default branch name
Stage 3 · Push Annotations to HF	Checkout repository	2026-04-14T16:59:20.1547389Z hint: will change to "main" in Git 3.0. To configure the initial branch name
Stage 3 · Push Annotations to HF	Checkout repository	2026-04-14T16:59:20.1548780Z hint: to use in all of your new repositories, which will suppress this warning,
Stage 3 · Push Annotations to HF	Checkout repository	2026-04-14T16:59:20.1549539Z hint: call:
Stage 3 · Push Annotations to HF	Checkout repository	2026-04-14T16:59:20.1549924Z hint:
Stage 3 · Push Annotations to HF	Checkout repository	2026-04-14T16:59:20.1550435Z hint: 	git config --global init.defaultBranch <name>
Stage 3 · Push Annotations to HF	Checkout repository	2026-04-14T16:59:20.1551052Z hint:
Stage 3 · Push Annotations to HF	Checkout repository	2026-04-14T16:59:20.1551631Z hint: Names commonly chosen instead of 'master' are 'main', 'trunk' and
Stage 3 · Push Annotations to HF	Checkout repository	2026-04-14T16:59:20.1553044Z hint: 'development'. The just-created branch can be renamed via this command:
Stage 3 · Push Annotations to HF	Checkout repository	2026-04-14T16:59:20.1554166Z hint:
Stage 3 · Push Annotations to HF	Checkout repository	2026-04-14T16:59:20.1554587Z hint: 	git branch -m <name>
Stage 3 · Push Annotations to HF	Checkout repository	2026-04-14T16:59:20.1555062Z hint:
Stage 3 · Push Annotations to HF	Checkout repository	2026-04-14T16:59:20.1555743Z hint: Disable this message with "git config set advice.defaultBranchName false"
Stage 3 · Push Annotations to HF	Checkout repository	2026-04-14T16:59:20.1557593Z Initialized empty Git repository in /home/runner/work/aurora/aurora/.git/
Stage 3 · Push Annotations to HF	Checkout repository	2026-04-14T16:59:20.1559344Z [command]/usr/bin/git remote add origin https://github.com/space-gen/aurora
Stage 3 · Push Annotations to HF	Checkout repository	2026-04-14T16:59:20.1587869Z ##[endgroup]
Stage 3 · Push Annotations to HF	Checkout repository	2026-04-14T16:59:20.1588696Z ##[group]Disabling automatic garbage collection
Stage 3 · Push Annotations to HF	Checkout repository	2026-04-14T16:59:20.1590184Z [command]/usr/bin/git config --local gc.auto 0
Stage 3 · Push Annotations to HF	Checkout repository	2026-04-14T16:59:20.1617156Z ##[endgroup]
Stage 3 · Push Annotations to HF	Checkout repository	2026-04-14T16:59:20.1617885Z ##[group]Setting up auth
Stage 3 · Push Annotations to HF	Checkout repository	2026-04-14T16:59:20.1624472Z [command]/usr/bin/git config --local --name-only --get-regexp core\.sshCommand
Stage 3 · Push Annotations to HF	Checkout repository	2026-04-14T16:59:20.1653467Z [command]/usr/bin/git submodule foreach --recursive sh -c "git config --local --name-only --get-regexp 'core\.sshCommand' && git config --local --unset-all 'core.sshCommand' || :"
Stage 3 · Push Annotations to HF	Checkout repository	2026-04-14T16:59:20.1939529Z [command]/usr/bin/git config --local --name-only --get-regexp http\.https\:\/\/github\.com\/\.extraheader
Stage 3 · Push Annotations to HF	Checkout repository	2026-04-14T16:59:20.1973586Z [command]/usr/bin/git submodule foreach --recursive sh -c "git config --local --name-only --get-regexp 'http\.https\:\/\/github\.com\/\.extraheader' && git config --local --unset-all 'http.https://github.com/.extraheader' || :"
Stage 3 · Push Annotations to HF	Checkout repository	2026-04-14T16:59:20.2208009Z [command]/usr/bin/git config --local --name-only --get-regexp ^includeIf\.gitdir:
Stage 3 · Push Annotations to HF	Checkout repository	2026-04-14T16:59:20.2245206Z [command]/usr/bin/git submodule foreach --recursive git config --local --show-origin --name-only --get-regexp remote.origin.url
Stage 3 · Push Annotations to HF	Checkout repository	2026-04-14T16:59:20.2487863Z [command]/usr/bin/git config --local http.https://github.com/.extraheader AUTHORIZATION: basic ***
Stage 3 · Push Annotations to HF	Checkout repository	2026-04-14T16:59:20.2522499Z ##[endgroup]
Stage 3 · Push Annotations to HF	Checkout repository	2026-04-14T16:59:20.2524195Z ##[group]Fetching the repository
Stage 3 · Push Annotations to HF	Checkout repository	2026-04-14T16:59:20.2533749Z [command]/usr/bin/git -c protocol.version=2 fetch --no-tags --prune --no-recurse-submodules --depth=1 origin +84169fc4bd37e044edd712f1571a7c9387798f0d:refs/remotes/origin/main
Stage 3 · Push Annotations to HF	Checkout repository	2026-04-14T16:59:20.6615205Z From https://github.com/space-gen/aurora
Stage 3 · Push Annotations to HF	Checkout repository	2026-04-14T16:59:20.6616732Z  * [new ref]         84169fc4bd37e044edd712f1571a7c9387798f0d -> origin/main
Stage 3 · Push Annotations to HF	Checkout repository	2026-04-14T16:59:20.6642671Z ##[endgroup]
Stage 3 · Push Annotations to HF	Checkout repository	2026-04-14T16:59:20.6644603Z ##[group]Determining the checkout info
Stage 3 · Push Annotations to HF	Checkout repository	2026-04-14T16:59:20.6646514Z ##[endgroup]
Stage 3 · Push Annotations to HF	Checkout repository	2026-04-14T16:59:20.6651681Z [command]/usr/bin/git sparse-checkout disable
Stage 3 · Push Annotations to HF	Checkout repository	2026-04-14T16:59:20.6689900Z [command]/usr/bin/git config --local --unset-all extensions.worktreeConfig
Stage 3 · Push Annotations to HF	Checkout repository	2026-04-14T16:59:20.6715630Z ##[group]Checking out the ref
Stage 3 · Push Annotations to HF	Checkout repository	2026-04-14T16:59:20.6719039Z [command]/usr/bin/git checkout --progress --force -B main refs/remotes/origin/main
Stage 3 · Push Annotations to HF	Checkout repository	2026-04-14T16:59:20.6831358Z Switched to a new branch 'main'
Stage 3 · Push Annotations to HF	Checkout repository	2026-04-14T16:59:20.6833977Z branch 'main' set up to track 'origin/main'.
Stage 3 · Push Annotations to HF	Checkout repository	2026-04-14T16:59:20.6841563Z ##[endgroup]
Stage 3 · Push Annotations to HF	Checkout repository	2026-04-14T16:59:20.6900609Z [command]/usr/bin/git log -1 --format=%H
Stage 3 · Push Annotations to HF	Checkout repository	2026-04-14T16:59:20.6923649Z 84169fc4bd37e044edd712f1571a7c9387798f0d
Stage 3 · Push Annotations to HF	Set up Python	﻿2026-04-14T16:59:20.7238506Z ##[group]Run actions/setup-python@v5
Stage 3 · Push Annotations to HF	Set up Python	2026-04-14T16:59:20.7239612Z with:
Stage 3 · Push Annotations to HF	Set up Python	2026-04-14T16:59:20.7240329Z   python-version: 3.11
Stage 3 · Push Annotations to HF	Set up Python	2026-04-14T16:59:20.7241199Z   check-latest: false
Stage 3 · Push Annotations to HF	Set up Python	2026-04-14T16:59:20.7242370Z   token: ***
Stage 3 · Push Annotations to HF	Set up Python	2026-04-14T16:59:20.7243133Z   update-environment: true
Stage 3 · Push Annotations to HF	Set up Python	2026-04-14T16:59:20.7244360Z   allow-prereleases: false
Stage 3 · Push Annotations to HF	Set up Python	2026-04-14T16:59:20.7245295Z   freethreaded: false
Stage 3 · Push Annotations to HF	Set up Python	2026-04-14T16:59:20.7246102Z env:
Stage 3 · Push Annotations to HF	Set up Python	2026-04-14T16:59:20.7247073Z   FORCE_JAVASCRIPT_ACTIONS_TO_NODE24: true
Stage 3 · Push Annotations to HF	Set up Python	2026-04-14T16:59:20.7248195Z ##[endgroup]
Stage 3 · Push Annotations to HF	Set up Python	2026-04-14T16:59:20.8542583Z ##[group]Installed versions
Stage 3 · Push Annotations to HF	Set up Python	2026-04-14T16:59:20.8640323Z (node:2299) [DEP0040] DeprecationWarning: The `punycode` module is deprecated. Please use a userland alternative instead.
Stage 3 · Push Annotations to HF	Set up Python	2026-04-14T16:59:20.8645134Z (Use `node --trace-deprecation ...` to show where the warning was created)
Stage 3 · Push Annotations to HF	Set up Python	2026-04-14T16:59:20.8647717Z Successfully set up CPython (3.11.15)
Stage 3 · Push Annotations to HF	Set up Python	2026-04-14T16:59:20.8650167Z ##[endgroup]
Stage 3 · Push Annotations to HF	Install dependencies	﻿2026-04-14T16:59:20.8806054Z ##[group]Run pip install requests huggingface_hub datasets
Stage 3 · Push Annotations to HF	Install dependencies	2026-04-14T16:59:20.8807726Z [36;1mpip install requests huggingface_hub datasets[0m
Stage 3 · Push Annotations to HF	Install dependencies	2026-04-14T16:59:20.8844960Z shell: /usr/bin/bash -e {0}
Stage 3 · Push Annotations to HF	Install dependencies	2026-04-14T16:59:20.8845864Z env:
Stage 3 · Push Annotations to HF	Install dependencies	2026-04-14T16:59:20.8846563Z   FORCE_JAVASCRIPT_ACTIONS_TO_NODE24: true
Stage 3 · Push Annotations to HF	Install dependencies	2026-04-14T16:59:20.8847887Z   pythonLocation: /opt/hostedtoolcache/Python/3.11.15/x64
Stage 3 · Push Annotations to HF	Install dependencies	2026-04-14T16:59:20.8849572Z   PKG_CONFIG_PATH: /opt/hostedtoolcache/Python/3.11.15/x64/lib/pkgconfig
Stage 3 · Push Annotations to HF	Install dependencies	2026-04-14T16:59:20.8851283Z   Python_ROOT_DIR: /opt/hostedtoolcache/Python/3.11.15/x64
Stage 3 · Push Annotations to HF	Install dependencies	2026-04-14T16:59:20.8852766Z   Python2_ROOT_DIR: /opt/hostedtoolcache/Python/3.11.15/x64
Stage 3 · Push Annotations to HF	Install dependencies	2026-04-14T16:59:20.8854641Z   Python3_ROOT_DIR: /opt/hostedtoolcache/Python/3.11.15/x64
Stage 3 · Push Annotations to HF	Install dependencies	2026-04-14T16:59:20.8856153Z   LD_LIBRARY_PATH: /opt/hostedtoolcache/Python/3.11.15/x64/lib
Stage 3 · Push Annotations to HF	Install dependencies	2026-04-14T16:59:20.8857412Z ##[endgroup]
Stage 3 · Push Annotations to HF	Install dependencies	2026-04-14T16:59:21.6688604Z Collecting requests
Stage 3 · Push Annotations to HF	Install dependencies	2026-04-14T16:59:21.7455648Z   Downloading requests-2.33.1-py3-none-any.whl.metadata (4.8 kB)
Stage 3 · Push Annotations to HF	Install dependencies	2026-04-14T16:59:21.8157800Z Collecting huggingface_hub
Stage 3 · Push Annotations to HF	Install dependencies	2026-04-14T16:59:21.8269274Z   Downloading huggingface_hub-1.10.2-py3-none-any.whl.metadata (14 kB)
Stage 3 · Push Annotations to HF	Install dependencies	2026-04-14T16:59:21.8875506Z Collecting datasets
Stage 3 · Push Annotations to HF	Install dependencies	2026-04-14T16:59:21.8985268Z   Downloading datasets-4.8.4-py3-none-any.whl.metadata (19 kB)
Stage 3 · Push Annotations to HF	Install dependencies	2026-04-14T16:59:22.0298672Z Collecting charset_normalizer<4,>=2 (from requests)
Stage 3 · Push Annotations to HF	Install dependencies	2026-04-14T16:59:22.0416244Z   Downloading charset_normalizer-3.4.7-cp311-cp311-manylinux2014_x86_64.manylinux_2_17_x86_64.manylinux_2_28_x86_64.whl.metadata (40 kB)
Stage 3 · Push Annotations to HF	Install dependencies	2026-04-14T16:59:22.0734338Z Collecting idna<4,>=2.5 (from requests)
Stage 3 · Push Annotations to HF	Install dependencies	2026-04-14T16:59:22.0842966Z   Downloading idna-3.11-py3-none-any.whl.metadata (8.4 kB)
Stage 3 · Push Annotations to HF	Install dependencies	2026-04-14T16:59:22.1170597Z Collecting urllib3<3,>=1.26 (from requests)
Stage 3 · Push Annotations to HF	Install dependencies	2026-04-14T16:59:22.1280327Z   Downloading urllib3-2.6.3-py3-none-any.whl.metadata (6.9 kB)
Stage 3 · Push Annotations to HF	Install dependencies	2026-04-14T16:59:22.1565837Z Collecting certifi>=2023.5.7 (from requests)
Stage 3 · Push Annotations to HF	Install dependencies	2026-04-14T16:59:22.1674916Z   Downloading certifi-2026.2.25-py3-none-any.whl.metadata (2.5 kB)
Stage 3 · Push Annotations to HF	Install dependencies	2026-04-14T16:59:22.2000438Z Collecting filelock>=3.10.0 (from huggingface_hub)
Stage 3 · Push Annotations to HF	Install dependencies	2026-04-14T16:59:22.2115601Z   Downloading filelock-3.25.2-py3-none-any.whl.metadata (2.0 kB)
Stage 3 · Push Annotations to HF	Install dependencies	2026-04-14T16:59:22.2417350Z Collecting fsspec>=2023.5.0 (from huggingface_hub)
Stage 3 · Push Annotations to HF	Install dependencies	2026-04-14T16:59:22.2526523Z   Downloading fsspec-2026.3.0-py3-none-any.whl.metadata (10 kB)
Stage 3 · Push Annotations to HF	Install dependencies	2026-04-14T16:59:22.3295089Z Collecting hf-xet<2.0.0,>=1.4.3 (from huggingface_hub)
Stage 3 · Push Annotations to HF	Install dependencies	2026-04-14T16:59:22.3408116Z   Downloading hf_xet-1.4.3-cp37-abi3-manylinux2014_x86_64.manylinux_2_17_x86_64.whl.metadata (4.9 kB)
Stage 3 · Push Annotations to HF	Install dependencies	2026-04-14T16:59:22.3689766Z Collecting httpx<1,>=0.23.0 (from huggingface_hub)
Stage 3 · Push Annotations to HF	Install dependencies	2026-04-14T16:59:22.3797432Z   Downloading httpx-0.28.1-py3-none-any.whl.metadata (7.1 kB)
Stage 3 · Push Annotations to HF	Install dependencies	2026-04-14T16:59:22.4066960Z Collecting packaging>=20.9 (from huggingface_hub)
Stage 3 · Push Annotations to HF	Install dependencies	2026-04-14T16:59:22.4176076Z   Downloading packaging-26.0-py3-none-any.whl.metadata (3.3 kB)
Stage 3 · Push Annotations to HF	Install dependencies	2026-04-14T16:59:22.4678533Z Collecting pyyaml>=5.1 (from huggingface_hub)
Stage 3 · Push Annotations to HF	Install dependencies	2026-04-14T16:59:22.4788833Z   Downloading pyyaml-6.0.3-cp311-cp311-manylinux2014_x86_64.manylinux_2_17_x86_64.manylinux_2_28_x86_64.whl.metadata (2.4 kB)
Stage 3 · Push Annotations to HF	Install dependencies	2026-04-14T16:59:22.5163354Z Collecting tqdm>=4.42.1 (from huggingface_hub)
Stage 3 · Push Annotations to HF	Install dependencies	2026-04-14T16:59:22.5274150Z   Downloading tqdm-4.67.3-py3-none-any.whl.metadata (57 kB)
Stage 3 · Push Annotations to HF	Install dependencies	2026-04-14T16:59:22.5632545Z Collecting typer (from huggingface_hub)
Stage 3 · Push Annotations to HF	Install dependencies	2026-04-14T16:59:22.5741447Z   Downloading typer-0.24.1-py3-none-any.whl.metadata (16 kB)
Stage 3 · Push Annotations to HF	Install dependencies	2026-04-14T16:59:22.6018717Z Collecting typing-extensions>=4.1.0 (from huggingface_hub)
Stage 3 · Push Annotations to HF	Install dependencies	2026-04-14T16:59:22.6125086Z   Downloading typing_extensions-4.15.0-py3-none-any.whl.metadata (3.3 kB)
Stage 3 · Push Annotations to HF	Install dependencies	2026-04-14T16:59:22.6446949Z Collecting anyio (from httpx<1,>=0.23.0->huggingface_hub)
Stage 3 · Push Annotations to HF	Install dependencies	2026-04-14T16:59:22.6553478Z   Downloading anyio-4.13.0-py3-none-any.whl.metadata (4.5 kB)
Stage 3 · Push Annotations to HF	Install dependencies	2026-04-14T16:59:22.6835139Z Collecting httpcore==1.* (from httpx<1,>=0.23.0->huggingface_hub)
Stage 3 · Push Annotations to HF	Install dependencies	2026-04-14T16:59:22.6945153Z   Downloading httpcore-1.0.9-py3-none-any.whl.metadata (21 kB)
Stage 3 · Push Annotations to HF	Install dependencies	2026-04-14T16:59:22.7190789Z Collecting h11>=0.16 (from httpcore==1.*->httpx<1,>=0.23.0->huggingface_hub)
Stage 3 · Push Annotations to HF	Install dependencies	2026-04-14T16:59:22.7296798Z   Downloading h11-0.16.0-py3-none-any.whl.metadata (8.3 kB)
Stage 3 · Push Annotations to HF	Install dependencies	2026-04-14T16:59:22.9462395Z Collecting numpy>=1.17 (from datasets)
Stage 3 · Push Annotations to HF	Install dependencies	2026-04-14T16:59:22.9572082Z   Downloading numpy-2.4.4-cp311-cp311-manylinux_2_27_x86_64.manylinux_2_28_x86_64.whl.metadata (6.6 kB)
Stage 3 · Push Annotations to HF	Install dependencies	2026-04-14T16:59:23.0386229Z Collecting pyarrow>=21.0.0 (from datasets)
Stage 3 · Push Annotations to HF	Install dependencies	2026-04-14T16:59:23.0494521Z   Downloading pyarrow-23.0.1-cp311-cp311-manylinux_2_28_x86_64.whl.metadata (3.1 kB)
Stage 3 · Push Annotations to HF	Install dependencies	2026-04-14T16:59:23.0735374Z Collecting dill<0.4.2,>=0.3.0 (from datasets)
Stage 3 · Push Annotations to HF	Install dependencies	2026-04-14T16:59:23.0843585Z   Downloading dill-0.4.1-py3-none-any.whl.metadata (10 kB)
Stage 3 · Push Annotations to HF	Install dependencies	2026-04-14T16:59:23.2042414Z Collecting pandas (from datasets)
Stage 3 · Push Annotations to HF	Install dependencies	2026-04-14T16:59:23.2153367Z   Downloading pandas-3.0.2-cp311-cp311-manylinux_2_24_x86_64.manylinux_2_28_x86_64.whl.metadata (79 kB)
Stage 3 · Push Annotations to HF	Install dependencies	2026-04-14T16:59:23.3215696Z Collecting xxhash (from datasets)
Stage 3 · Push Annotations to HF	Install dependencies	2026-04-14T16:59:23.3324379Z   Downloading xxhash-3.6.0-cp311-cp311-manylinux2014_x86_64.manylinux_2_17_x86_64.manylinux_2_28_x86_64.whl.metadata (13 kB)
Stage 3 · Push Annotations to HF	Install dependencies	2026-04-14T16:59:23.3643985Z Collecting multiprocess<0.70.20 (from datasets)
Stage 3 · Push Annotations to HF	Install dependencies	2026-04-14T16:59:23.3755821Z   Downloading multiprocess-0.70.19-py311-none-any.whl.metadata (7.5 kB)
Stage 3 · Push Annotations to HF	Install dependencies	2026-04-14T16:59:23.3820611Z Collecting fsspec>=2023.5.0 (from huggingface_hub)
Stage 3 · Push Annotations to HF	Install dependencies	2026-04-14T16:59:23.3928017Z   Downloading fsspec-2026.2.0-py3-none-any.whl.metadata (10 kB)
Stage 3 · Push Annotations to HF	Install dependencies	2026-04-14T16:59:23.9482068Z Collecting aiohttp!=4.0.0a0,!=4.0.0a1 (from fsspec[http]<=2026.2.0,>=2023.1.0->datasets)
Stage 3 · Push Annotations to HF	Install dependencies	2026-04-14T16:59:23.9593909Z   Downloading aiohttp-3.13.5-cp311-cp311-manylinux2014_x86_64.manylinux_2_17_x86_64.manylinux_2_28_x86_64.whl.metadata (8.1 kB)
Stage 3 · Push Annotations to HF	Install dependencies	2026-04-14T16:59:23.9872425Z Collecting aiohappyeyeballs>=2.5.0 (from aiohttp!=4.0.0a0,!=4.0.0a1->fsspec[http]<=2026.2.0,>=2023.1.0->datasets)
Stage 3 · Push Annotations to HF	Install dependencies	2026-04-14T16:59:23.9980370Z   Downloading aiohappyeyeballs-2.6.1-py3-none-any.whl.metadata (5.9 kB)
Stage 3 · Push Annotations to HF	Install dependencies	2026-04-14T16:59:24.0194849Z Collecting aiosignal>=1.4.0 (from aiohttp!=4.0.0a0,!=4.0.0a1->fsspec[http]<=2026.2.0,>=2023.1.0->datasets)
Stage 3 · Push Annotations to HF	Install dependencies	2026-04-14T16:59:24.0302022Z   Downloading aiosignal-1.4.0-py3-none-any.whl.metadata (3.7 kB)
Stage 3 · Push Annotations to HF	Install dependencies	2026-04-14T16:59:24.0558544Z Collecting attrs>=17.3.0 (from aiohttp!=4.0.0a0,!=4.0.0a1->fsspec[http]<=2026.2.0,>=2023.1.0->datasets)
Stage 3 · Push Annotations to HF	Install dependencies	2026-04-14T16:59:24.0664688Z   Downloading attrs-26.1.0-py3-none-any.whl.metadata (8.8 kB)
Stage 3 · Push Annotations to HF	Install dependencies	2026-04-14T16:59:24.1385503Z Collecting frozenlist>=1.1.1 (from aiohttp!=4.0.0a0,!=4.0.0a1->fsspec[http]<=2026.2.0,>=2023.1.0->datasets)
Stage 3 · Push Annotations to HF	Install dependencies	2026-04-14T16:59:24.1494570Z   Downloading frozenlist-1.8.0-cp311-cp311-manylinux1_x86_64.manylinux_2_28_x86_64.manylinux_2_5_x86_64.whl.metadata (20 kB)
Stage 3 · Push Annotations to HF	Install dependencies	2026-04-14T16:59:24.3672920Z Collecting multidict<7.0,>=4.5 (from aiohttp!=4.0.0a0,!=4.0.0a1->fsspec[http]<=2026.2.0,>=2023.1.0->datasets)
Stage 3 · Push Annotations to HF	Install dependencies	2026-04-14T16:59:24.3789552Z   Downloading multidict-6.7.1-cp311-cp311-manylinux2014_x86_64.manylinux_2_17_x86_64.manylinux_2_28_x86_64.whl.metadata (5.3 kB)
Stage 3 · Push Annotations to HF	Install dependencies	2026-04-14T16:59:24.4404075Z Collecting propcache>=0.2.0 (from aiohttp!=4.0.0a0,!=4.0.0a1->fsspec[http]<=2026.2.0,>=2023.1.0->datasets)
Stage 3 · Push Annotations to HF	Install dependencies	2026-04-14T16:59:24.4515958Z   Downloading propcache-0.4.1-cp311-cp311-manylinux2014_x86_64.manylinux_2_17_x86_64.manylinux_2_28_x86_64.whl.metadata (13 kB)
Stage 3 · Push Annotations to HF	Install dependencies	2026-04-14T16:59:24.7379882Z Collecting yarl<2.0,>=1.17.0 (from aiohttp!=4.0.0a0,!=4.0.0a1->fsspec[http]<=2026.2.0,>=2023.1.0->datasets)
Stage 3 · Push Annotations to HF	Install dependencies	2026-04-14T16:59:24.7492692Z   Downloading yarl-1.23.0-cp311-cp311-manylinux2014_x86_64.manylinux_2_17_x86_64.manylinux_2_28_x86_64.whl.metadata (79 kB)
Stage 3 · Push Annotations to HF	Install dependencies	2026-04-14T16:59:24.7992153Z Collecting python-dateutil>=2.8.2 (from pandas->datasets)
Stage 3 · Push Annotations to HF	Install dependencies	2026-04-14T16:59:24.8101611Z   Downloading python_dateutil-2.9.0.post0-py2.py3-none-any.whl.metadata (8.4 kB)
Stage 3 · Push Annotations to HF	Install dependencies	2026-04-14T16:59:24.8354948Z Collecting six>=1.5 (from python-dateutil>=2.8.2->pandas->datasets)
Stage 3 · Push Annotations to HF	Install dependencies	2026-04-14T16:59:24.8462276Z   Downloading six-1.17.0-py2.py3-none-any.whl.metadata (1.7 kB)
Stage 3 · Push Annotations to HF	Install dependencies	2026-04-14T16:59:24.8740651Z Collecting click>=8.2.1 (from typer->huggingface_hub)
Stage 3 · Push Annotations to HF	Install dependencies	2026-04-14T16:59:24.8847671Z   Downloading click-8.3.2-py3-none-any.whl.metadata (2.6 kB)
Stage 3 · Push Annotations to HF	Install dependencies	2026-04-14T16:59:24.9088044Z Collecting shellingham>=1.3.0 (from typer->huggingface_hub)
Stage 3 · Push Annotations to HF	Install dependencies	2026-04-14T16:59:24.9195102Z   Downloading shellingham-1.5.4-py2.py3-none-any.whl.metadata (3.5 kB)
Stage 3 · Push Annotations to HF	Install dependencies	2026-04-14T16:59:24.9598009Z Collecting rich>=12.3.0 (from typer->huggingface_hub)
Stage 3 · Push Annotations to HF	Install dependencies	2026-04-14T16:59:24.9706593Z   Downloading rich-15.0.0-py3-none-any.whl.metadata (18 kB)
Stage 3 · Push Annotations to HF	Install dependencies	2026-04-14T16:59:24.9929657Z Collecting annotated-doc>=0.0.2 (from typer->huggingface_hub)
Stage 3 · Push Annotations to HF	Install dependencies	2026-04-14T16:59:25.0038187Z   Downloading annotated_doc-0.0.4-py3-none-any.whl.metadata (6.6 kB)
Stage 3 · Push Annotations to HF	Install dependencies	2026-04-14T16:59:25.0303623Z Collecting markdown-it-py>=2.2.0 (from rich>=12.3.0->typer->huggingface_hub)
Stage 3 · Push Annotations to HF	Install dependencies	2026-04-14T16:59:25.0413354Z   Downloading markdown_it_py-4.0.0-py3-none-any.whl.metadata (7.3 kB)
Stage 3 · Push Annotations to HF	Install dependencies	2026-04-14T16:59:25.0806266Z Collecting pygments<3.0.0,>=2.13.0 (from rich>=12.3.0->typer->huggingface_hub)
Stage 3 · Push Annotations to HF	Install dependencies	2026-04-14T16:59:25.0850350Z   Downloading pygments-2.20.0-py3-none-any.whl.metadata (2.5 kB)
Stage 3 · Push Annotations to HF	Install dependencies	2026-04-14T16:59:25.1071510Z Collecting mdurl~=0.1 (from markdown-it-py>=2.2.0->rich>=12.3.0->typer->huggingface_hub)
Stage 3 · Push Annotations to HF	Install dependencies	2026-04-14T16:59:25.1179485Z   Downloading mdurl-0.1.2-py3-none-any.whl.metadata (1.6 kB)
Stage 3 · Push Annotations to HF	Install dependencies	2026-04-14T16:59:25.1336949Z Downloading requests-2.33.1-py3-none-any.whl (64 kB)
Stage 3 · Push Annotations to HF	Install dependencies	2026-04-14T16:59:25.1470818Z Downloading charset_normalizer-3.4.7-cp311-cp311-manylinux2014_x86_64.manylinux_2_17_x86_64.manylinux_2_28_x86_64.whl (214 kB)
Stage 3 · Push Annotations to HF	Install dependencies	2026-04-14T16:59:25.1710456Z Downloading idna-3.11-py3-none-any.whl (71 kB)
Stage 3 · Push Annotations to HF	Install dependencies	2026-04-14T16:59:25.1840582Z Downloading urllib3-2.6.3-py3-none-any.whl (131 kB)
Stage 3 · Push Annotations to HF	Install dependencies	2026-04-14T16:59:25.1982013Z Downloading huggingface_hub-1.10.2-py3-none-any.whl (642 kB)
Stage 3 · Push Annotations to HF	Install dependencies	2026-04-14T16:59:25.2167608Z    ━━━━━━━━━━━━━━━━━━━━━━━━━━━━━━━━━━━━━━━━ 642.6/642.6 kB 26.9 MB/s  0:00:00
Stage 3 · Push Annotations to HF	Install dependencies	2026-04-14T16:59:25.2277148Z Downloading hf_xet-1.4.3-cp37-abi3-manylinux2014_x86_64.manylinux_2_17_x86_64.whl (4.2 MB)
Stage 3 · Push Annotations to HF	Install dependencies	2026-04-14T16:59:25.2711596Z    ━━━━━━━━━━━━━━━━━━━━━━━━━━━━━━━━━━━━━━━━ 4.2/4.2 MB 96.5 MB/s  0:00:00
Stage 3 · Push Annotations to HF	Install dependencies	2026-04-14T16:59:25.2821127Z Downloading httpx-0.28.1-py3-none-any.whl (73 kB)
Stage 3 · Push Annotations to HF	Install dependencies	2026-04-14T16:59:25.2952235Z Downloading httpcore-1.0.9-py3-none-any.whl (78 kB)
Stage 3 · Push Annotations to HF	Install dependencies	2026-04-14T16:59:25.3084741Z Downloading datasets-4.8.4-py3-none-any.whl (526 kB)
Stage 3 · Push Annotations to HF	Install dependencies	2026-04-14T16:59:25.3134603Z    ━━━━━━━━━━━━━━━━━━━━━━━━━━━━━━━━━━━━━━━━ 527.0/527.0 kB 93.0 MB/s  0:00:00
Stage 3 · Push Annotations to HF	Install dependencies	2026-04-14T16:59:25.3242773Z Downloading dill-0.4.1-py3-none-any.whl (120 kB)
Stage 3 · Push Annotations to HF	Install dependencies	2026-04-14T16:59:25.3386072Z Downloading fsspec-2026.2.0-py3-none-any.whl (202 kB)
Stage 3 · Push Annotations to HF	Install dependencies	2026-04-14T16:59:25.3519783Z Downloading multiprocess-0.70.19-py311-none-any.whl (144 kB)
Stage 3 · Push Annotations to HF	Install dependencies	2026-04-14T16:59:25.3653522Z Downloading aiohttp-3.13.5-cp311-cp311-manylinux2014_x86_64.manylinux_2_17_x86_64.manylinux_2_28_x86_64.whl (1.8 MB)
Stage 3 · Push Annotations to HF	Install dependencies	2026-04-14T16:59:25.3739922Z    ━━━━━━━━━━━━━━━━━━━━━━━━━━━━━━━━━━━━━━━━ 1.8/1.8 MB 253.0 MB/s  0:00:00
Stage 3 · Push Annotations to HF	Install dependencies	2026-04-14T16:59:25.3852881Z Downloading multidict-6.7.1-cp311-cp311-manylinux2014_x86_64.manylinux_2_17_x86_64.manylinux_2_28_x86_64.whl (246 kB)
Stage 3 · Push Annotations to HF	Install dependencies	2026-04-14T16:59:25.3986581Z Downloading yarl-1.23.0-cp311-cp311-manylinux2014_x86_64.manylinux_2_17_x86_64.manylinux_2_28_x86_64.whl (102 kB)
Stage 3 · Push Annotations to HF	Install dependencies	2026-04-14T16:59:25.4114991Z Downloading aiohappyeyeballs-2.6.1-py3-none-any.whl (15 kB)
Stage 3 · Push Annotations to HF	Install dependencies	2026-04-14T16:59:25.4242675Z Downloading aiosignal-1.4.0-py3-none-any.whl (7.5 kB)
Stage 3 · Push Annotations to HF	Install dependencies	2026-04-14T16:59:25.4371508Z Downloading attrs-26.1.0-py3-none-any.whl (67 kB)
Stage 3 · Push Annotations to HF	Install dependencies	2026-04-14T16:59:25.4511655Z Downloading certifi-2026.2.25-py3-none-any.whl (153 kB)
Stage 3 · Push Annotations to HF	Install dependencies	2026-04-14T16:59:25.4652535Z Downloading filelock-3.25.2-py3-none-any.whl (26 kB)
Stage 3 · Push Annotations to HF	Install dependencies	2026-04-14T16:59:25.4785030Z Downloading frozenlist-1.8.0-cp311-cp311-manylinux1_x86_64.manylinux_2_28_x86_64.manylinux_2_5_x86_64.whl (231 kB)
Stage 3 · Push Annotations to HF	Install dependencies	2026-04-14T16:59:25.4918364Z Downloading h11-0.16.0-py3-none-any.whl (37 kB)
Stage 3 · Push Annotations to HF	Install dependencies	2026-04-14T16:59:25.5050237Z Downloading numpy-2.4.4-cp311-cp311-manylinux_2_27_x86_64.manylinux_2_28_x86_64.whl (16.9 MB)
Stage 3 · Push Annotations to HF	Install dependencies	2026-04-14T16:59:25.5633684Z    ━━━━━━━━━━━━━━━━━━━━━━━━━━━━━━━━━━━━━━━━ 16.9/16.9 MB 298.2 MB/s  0:00:00
Stage 3 · Push Annotations to HF	Install dependencies	2026-04-14T16:59:25.5744138Z Downloading packaging-26.0-py3-none-any.whl (74 kB)
Stage 3 · Push Annotations to HF	Install dependencies	2026-04-14T16:59:25.5876515Z Downloading propcache-0.4.1-cp311-cp311-manylinux2014_x86_64.manylinux_2_17_x86_64.manylinux_2_28_x86_64.whl (210 kB)
Stage 3 · Push Annotations to HF	Install dependencies	2026-04-14T16:59:25.6007329Z Downloading pyarrow-23.0.1-cp311-cp311-manylinux_2_28_x86_64.whl (47.6 MB)
Stage 3 · Push Annotations to HF	Install dependencies	2026-04-14T16:59:25.7402814Z    ━━━━━━━━━━━━━━━━━━━━━━━━━━━━━━━━━━━━━━━━ 47.6/47.6 MB 344.8 MB/s  0:00:00
Stage 3 · Push Annotations to HF	Install dependencies	2026-04-14T16:59:25.7513482Z Downloading pyyaml-6.0.3-cp311-cp311-manylinux2014_x86_64.manylinux_2_17_x86_64.manylinux_2_28_x86_64.whl (806 kB)
Stage 3 · Push Annotations to HF	Install dependencies	2026-04-14T16:59:25.7569272Z    ━━━━━━━━━━━━━━━━━━━━━━━━━━━━━━━━━━━━━━━━ 806.6/806.6 kB 160.8 MB/s  0:00:00
Stage 3 · Push Annotations to HF	Install dependencies	2026-04-14T16:59:25.7678005Z Downloading tqdm-4.67.3-py3-none-any.whl (78 kB)
Stage 3 · Push Annotations to HF	Install dependencies	2026-04-14T16:59:25.7808396Z Downloading typing_extensions-4.15.0-py3-none-any.whl (44 kB)
Stage 3 · Push Annotations to HF	Install dependencies	2026-04-14T16:59:25.7966042Z Downloading anyio-4.13.0-py3-none-any.whl (114 kB)
Stage 3 · Push Annotations to HF	Install dependencies	2026-04-14T16:59:25.8097516Z Downloading pandas-3.0.2-cp311-cp311-manylinux_2_24_x86_64.manylinux_2_28_x86_64.whl (11.3 MB)
Stage 3 · Push Annotations to HF	Install dependencies	2026-04-14T16:59:25.8578083Z    ━━━━━━━━━━━━━━━━━━━━━━━━━━━━━━━━━━━━━━━━ 11.3/11.3 MB 242.0 MB/s  0:00:00
Stage 3 · Push Annotations to HF	Install dependencies	2026-04-14T16:59:25.8689299Z Downloading python_dateutil-2.9.0.post0-py2.py3-none-any.whl (229 kB)
Stage 3 · Push Annotations to HF	Install dependencies	2026-04-14T16:59:25.8824591Z Downloading six-1.17.0-py2.py3-none-any.whl (11 kB)
Stage 3 · Push Annotations to HF	Install dependencies	2026-04-14T16:59:25.8962425Z Downloading typer-0.24.1-py3-none-any.whl (56 kB)
Stage 3 · Push Annotations to HF	Install dependencies	2026-04-14T16:59:25.9091878Z Downloading annotated_doc-0.0.4-py3-none-any.whl (5.3 kB)
Stage 3 · Push Annotations to HF	Install dependencies	2026-04-14T16:59:25.9218103Z Downloading click-8.3.2-py3-none-any.whl (108 kB)
Stage 3 · Push Annotations to HF	Install dependencies	2026-04-14T16:59:25.9347660Z Downloading rich-15.0.0-py3-none-any.whl (310 kB)
Stage 3 · Push Annotations to HF	Install dependencies	2026-04-14T16:59:25.9483469Z Downloading pygments-2.20.0-py3-none-any.whl (1.2 MB)
Stage 3 · Push Annotations to HF	Install dependencies	2026-04-14T16:59:25.9558623Z    ━━━━━━━━━━━━━━━━━━━━━━━━━━━━━━━━━━━━━━━━ 1.2/1.2 MB 194.0 MB/s  0:00:00
Stage 3 · Push Annotations to HF	Install dependencies	2026-04-14T16:59:25.9665562Z Downloading markdown_it_py-4.0.0-py3-none-any.whl (87 kB)
Stage 3 · Push Annotations to HF	Install dependencies	2026-04-14T16:59:25.9794757Z Downloading mdurl-0.1.2-py3-none-any.whl (10.0 kB)
Stage 3 · Push Annotations to HF	Install dependencies	2026-04-14T16:59:25.9921935Z Downloading shellingham-1.5.4-py2.py3-none-any.whl (9.8 kB)
Stage 3 · Push Annotations to HF	Install dependencies	2026-04-14T16:59:26.0076990Z Downloading xxhash-3.6.0-cp311-cp311-manylinux2014_x86_64.manylinux_2_17_x86_64.manylinux_2_28_x86_64.whl (193 kB)
Stage 3 · Push Annotations to HF	Install dependencies	2026-04-14T16:59:26.2105570Z Installing collected packages: xxhash, urllib3, typing-extensions, tqdm, six, shellingham, pyyaml, pygments, pyarrow, propcache, packaging, numpy, multidict, mdurl, idna, hf-xet, h11, fsspec, frozenlist, filelock, dill, click, charset_normalizer, certifi, attrs, annotated-doc, aiohappyeyeballs, yarl, requests, python-dateutil, multiprocess, markdown-it-py, httpcore, anyio, aiosignal, rich, pandas, httpx, aiohttp, typer, huggingface_hub, datasets
Stage 3 · Push Annotations to HF	Install dependencies	2026-04-14T16:59:36.2723395Z 
Stage 3 · Push Annotations to HF	Install dependencies	2026-04-14T16:59:36.2748114Z Successfully installed aiohappyeyeballs-2.6.1 aiohttp-3.13.5 aiosignal-1.4.0 annotated-doc-0.0.4 anyio-4.13.0 attrs-26.1.0 certifi-2026.2.25 charset_normalizer-3.4.7 click-8.3.2 datasets-4.8.4 dill-0.4.1 filelock-3.25.2 frozenlist-1.8.0 fsspec-2026.2.0 h11-0.16.0 hf-xet-1.4.3 httpcore-1.0.9 httpx-0.28.1 huggingface_hub-1.10.2 idna-3.11 markdown-it-py-4.0.0 mdurl-0.1.2 multidict-6.7.1 multiprocess-0.70.19 numpy-2.4.4 packaging-26.0 pandas-3.0.2 propcache-0.4.1 pyarrow-23.0.1 pygments-2.20.0 python-dateutil-2.9.0.post0 pyyaml-6.0.3 requests-2.33.1 rich-15.0.0 shellingham-1.5.4 six-1.17.0 tqdm-4.67.3 typer-0.24.1 typing-extensions-4.15.0 urllib3-2.6.3 xxhash-3.6.0 yarl-1.23.0
Stage 3 · Push Annotations to HF	Merge to HuggingFace	﻿2026-04-14T16:59:36.7533758Z ##[group]Run echo "Running HF merge script (daily). Script will upload daily files and perform full merge on UTC 1st."
Stage 3 · Push Annotations to HF	Merge to HuggingFace	2026-04-14T16:59:36.7535552Z [36;1mecho "Running HF merge script (daily). Script will upload daily files and perform full merge on UTC 1st."[0m
Stage 3 · Push Annotations to HF	Merge to HuggingFace	2026-04-14T16:59:36.7536562Z [36;1mpython scripts/merge_annotations_to_hf.py[0m
Stage 3 · Push Annotations to HF	Merge to HuggingFace	2026-04-14T16:59:36.7562855Z shell: /usr/bin/bash -e {0}
Stage 3 · Push Annotations to HF	Merge to HuggingFace	2026-04-14T16:59:36.7563100Z env:
Stage 3 · Push Annotations to HF	Merge to HuggingFace	2026-04-14T16:59:36.7563585Z   FORCE_JAVASCRIPT_ACTIONS_TO_NODE24: true
Stage 3 · Push Annotations to HF	Merge to HuggingFace	2026-04-14T16:59:36.7563954Z   pythonLocation: /opt/hostedtoolcache/Python/3.11.15/x64
Stage 3 · Push Annotations to HF	Merge to HuggingFace	2026-04-14T16:59:36.7564400Z   PKG_CONFIG_PATH: /opt/hostedtoolcache/Python/3.11.15/x64/lib/pkgconfig
Stage 3 · Push Annotations to HF	Merge to HuggingFace	2026-04-14T16:59:36.7564810Z   Python_ROOT_DIR: /opt/hostedtoolcache/Python/3.11.15/x64
Stage 3 · Push Annotations to HF	Merge to HuggingFace	2026-04-14T16:59:36.7565195Z   Python2_ROOT_DIR: /opt/hostedtoolcache/Python/3.11.15/x64
Stage 3 · Push Annotations to HF	Merge to HuggingFace	2026-04-14T16:59:36.7565577Z   Python3_ROOT_DIR: /opt/hostedtoolcache/Python/3.11.15/x64
Stage 3 · Push Annotations to HF	Merge to HuggingFace	2026-04-14T16:59:36.7565956Z   LD_LIBRARY_PATH: /opt/hostedtoolcache/Python/3.11.15/x64/lib
Stage 3 · Push Annotations to HF	Merge to HuggingFace	2026-04-14T16:59:36.7566523Z   HF_TOKEN: ***
Stage 3 · Push Annotations to HF	Merge to HuggingFace	2026-04-14T16:59:36.7566714Z ##[endgroup]
Stage 3 · Push Annotations to HF	Merge to HuggingFace	2026-04-14T16:59:36.7618213Z Running HF merge script (daily). Script will upload daily files and perform full merge on UTC 1st.
Stage 3 · Push Annotations to HF	Merge to HuggingFace	2026-04-14T16:59:37.3310121Z 2026-04-14 16:59:37,330 [INFO] HTTP Request: POST https://huggingface.co/api/datasets/SpaceGen/solarhub-magnetogram/preupload/main "HTTP/1.1 200 OK"
Stage 3 · Push Annotations to HF	Merge to HuggingFace	2026-04-14T16:59:37.3313671Z No files have been modified since last commit. Skipping to prevent empty commit.
Stage 3 · Push Annotations to HF	Merge to HuggingFace	2026-04-14T16:59:37.3315690Z 2026-04-14 16:59:37,331 [WARNING] No files have been modified since last commit. Skipping to prevent empty commit.
Stage 3 · Push Annotations to HF	Merge to HuggingFace	2026-04-14T16:59:37.3860946Z 2026-04-14 16:59:37,385 [INFO] HTTP Request: GET https://huggingface.co/api/datasets/SpaceGen/solarhub-magnetogram/revision/main "HTTP/1.1 200 OK"
Stage 3 · Push Annotations to HF	Merge to HuggingFace	2026-04-14T16:59:37.4036036Z 2026-04-14 16:59:37,403 [INFO] Uploaded /home/runner/work/aurora/aurora/tmp_hf_uploads/2026-04-14.jsonl to SpaceGen/solarhub-magnetogram:data/2026-04-14.jsonl
Stage 3 · Push Annotations to HF	Merge to HuggingFace	2026-04-14T16:59:37.4988298Z 2026-04-14 16:59:37,498 [INFO] HTTP Request: POST https://huggingface.co/api/datasets/SpaceGen/solarhub-sunspot/preupload/main "HTTP/1.1 200 OK"
Stage 3 · Push Annotations to HF	Merge to HuggingFace	2026-04-14T16:59:37.4991470Z No files have been modified since last commit. Skipping to prevent empty commit.
Stage 3 · Push Annotations to HF	Merge to HuggingFace	2026-04-14T16:59:37.4993119Z 2026-04-14 16:59:37,499 [WARNING] No files have been modified since last commit. Skipping to prevent empty commit.
Stage 3 · Push Annotations to HF	Merge to HuggingFace	2026-04-14T16:59:37.5475366Z 2026-04-14 16:59:37,547 [INFO] HTTP Request: GET https://huggingface.co/api/datasets/SpaceGen/solarhub-sunspot/revision/main "HTTP/1.1 200 OK"
Stage 3 · Push Annotations to HF	Merge to HuggingFace	2026-04-14T16:59:37.5481307Z 2026-04-14 16:59:37,547 [INFO] Uploaded /home/runner/work/aurora/aurora/tmp_hf_uploads/2026-04-14.jsonl to SpaceGen/solarhub-sunspot:data/2026-04-14.jsonl
Stage 3 · Push Annotations to HF	Monthly HF history squash (1st of month)	﻿2026-04-14T16:59:37.5925151Z ##[group]Run # Use UTC date; run only on the 1st day of the month
Stage 3 · Push Annotations to HF	Monthly HF history squash (1st of month)	2026-04-14T16:59:37.5925762Z [36;1m# Use UTC date; run only on the 1st day of the month[0m
Stage 3 · Push Annotations to HF	Monthly HF history squash (1st of month)	2026-04-14T16:59:37.5926210Z [36;1mif [ "$(date -u +%d)" = "01" ]; then[0m
Stage 3 · Push Annotations to HF	Monthly HF history squash (1st of month)	2026-04-14T16:59:37.5926694Z [36;1m  echo "1st of month detected (UTC): running HF history squash"[0m
Stage 3 · Push Annotations to HF	Monthly HF history squash (1st of month)	2026-04-14T16:59:37.5927180Z [36;1m  python scripts/squash_history.py[0m
Stage 3 · Push Annotations to HF	Monthly HF history squash (1st of month)	2026-04-14T16:59:37.5927516Z [36;1melse[0m
Stage 3 · Push Annotations to HF	Monthly HF history squash (1st of month)	2026-04-14T16:59:37.5927883Z [36;1m  echo "Not the 1st of the month (UTC); skipping HF history squash."[0m
Stage 3 · Push Annotations to HF	Monthly HF history squash (1st of month)	2026-04-14T16:59:37.5928339Z [36;1mfi[0m
Stage 3 · Push Annotations to HF	Monthly HF history squash (1st of month)	2026-04-14T16:59:37.5950595Z shell: /usr/bin/bash -e {0}
Stage 3 · Push Annotations to HF	Monthly HF history squash (1st of month)	2026-04-14T16:59:37.5950862Z env:
Stage 3 · Push Annotations to HF	Monthly HF history squash (1st of month)	2026-04-14T16:59:37.5951096Z   FORCE_JAVASCRIPT_ACTIONS_TO_NODE24: true
Stage 3 · Push Annotations to HF	Monthly HF history squash (1st of month)	2026-04-14T16:59:37.5951497Z   pythonLocation: /opt/hostedtoolcache/Python/3.11.15/x64
Stage 3 · Push Annotations to HF	Monthly HF history squash (1st of month)	2026-04-14T16:59:37.5951991Z   PKG_CONFIG_PATH: /opt/hostedtoolcache/Python/3.11.15/x64/lib/pkgconfig
Stage 3 · Push Annotations to HF	Monthly HF history squash (1st of month)	2026-04-14T16:59:37.5952493Z   Python_ROOT_DIR: /opt/hostedtoolcache/Python/3.11.15/x64
Stage 3 · Push Annotations to HF	Monthly HF history squash (1st of month)	2026-04-14T16:59:37.5952970Z   Python2_ROOT_DIR: /opt/hostedtoolcache/Python/3.11.15/x64
Stage 3 · Push Annotations to HF	Monthly HF history squash (1st of month)	2026-04-14T16:59:37.5953567Z   Python3_ROOT_DIR: /opt/hostedtoolcache/Python/3.11.15/x64
Stage 3 · Push Annotations to HF	Monthly HF history squash (1st of month)	2026-04-14T16:59:37.5954177Z   LD_LIBRARY_PATH: /opt/hostedtoolcache/Python/3.11.15/x64/lib
Stage 3 · Push Annotations to HF	Monthly HF history squash (1st of month)	2026-04-14T16:59:37.5954841Z   HF_TOKEN: ***
Stage 3 · Push Annotations to HF	Monthly HF history squash (1st of month)	2026-04-14T16:59:37.5955063Z ##[endgroup]
Stage 3 · Push Annotations to HF	Monthly HF history squash (1st of month)	2026-04-14T16:59:37.6011087Z Not the 1st of the month (UTC); skipping HF history squash.
Stage 3 · Push Annotations to HF	Post Set up Python	﻿2026-04-14T16:59:37.6079537Z Post job cleanup.
Stage 3 · Push Annotations to HF	Post Set up Python	2026-04-14T16:59:37.7198502Z (node:2350) [DEP0040] DeprecationWarning: The `punycode` module is deprecated. Please use a userland alternative instead.
Stage 3 · Push Annotations to HF	Post Set up Python	2026-04-14T16:59:37.7199799Z (Use `node --trace-deprecation ...` to show where the warning was created)
Stage 3 · Push Annotations to HF	Post Checkout repository	﻿2026-04-14T16:59:37.7354358Z Post job cleanup.
Stage 3 · Push Annotations to HF	Post Checkout repository	2026-04-14T16:59:37.8159499Z [command]/usr/bin/git version
Stage 3 · Push Annotations to HF	Post Checkout repository	2026-04-14T16:59:37.8195617Z git version 2.53.0
Stage 3 · Push Annotations to HF	Post Checkout repository	2026-04-14T16:59:37.8234181Z Temporarily overriding HOME='/home/runner/work/_temp/2d573abd-d2d5-4582-b6a8-924bc0f17040' before making global git config changes
Stage 3 · Push Annotations to HF	Post Checkout repository	2026-04-14T16:59:37.8235982Z Adding repository directory to the temporary git global config as a safe directory
Stage 3 · Push Annotations to HF	Post Checkout repository	2026-04-14T16:59:37.8240516Z [command]/usr/bin/git config --global --add safe.directory /home/runner/work/aurora/aurora
Stage 3 · Push Annotations to HF	Post Checkout repository	2026-04-14T16:59:37.8277926Z [command]/usr/bin/git config --local --name-only --get-regexp core\.sshCommand
Stage 3 · Push Annotations to HF	Post Checkout repository	2026-04-14T16:59:37.8309384Z [command]/usr/bin/git submodule foreach --recursive sh -c "git config --local --name-only --get-regexp 'core\.sshCommand' && git config --local --unset-all 'core.sshCommand' || :"
Stage 3 · Push Annotations to HF	Post Checkout repository	2026-04-14T16:59:37.8532819Z [command]/usr/bin/git config --local --name-only --get-regexp http\.https\:\/\/github\.com\/\.extraheader
Stage 3 · Push Annotations to HF	Post Checkout repository	2026-04-14T16:59:37.8554262Z http.https://github.com/.extraheader
Stage 3 · Push Annotations to HF	Post Checkout repository	2026-04-14T16:59:37.8564709Z [command]/usr/bin/git config --local --unset-all http.https://github.com/.extraheader
Stage 3 · Push Annotations to HF	Post Checkout repository	2026-04-14T16:59:37.8595798Z [command]/usr/bin/git submodule foreach --recursive sh -c "git config --local --name-only --get-regexp 'http\.https\:\/\/github\.com\/\.extraheader' && git config --local --unset-all 'http.https://github.com/.extraheader' || :"
Stage 3 · Push Annotations to HF	Post Checkout repository	2026-04-14T16:59:37.8810938Z [command]/usr/bin/git config --local --name-only --get-regexp ^includeIf\.gitdir:
Stage 3 · Push Annotations to HF	Post Checkout repository	2026-04-14T16:59:37.8841061Z [command]/usr/bin/git submodule foreach --recursive git config --local --show-origin --name-only --get-regexp remote.origin.url
Stage 3 · Push Annotations to HF	Complete job	﻿2026-04-14T16:59:37.9198672Z Cleaning up orphan processes
Stage 3 · Push Annotations to HF	Complete job	2026-04-14T16:59:37.9494611Z ##[warning]Node.js 20 is deprecated. The following actions target Node.js 20 but are being forced to run on Node.js 24: actions/checkout@v4, actions/setup-python@v5. For more information see: https://github.blog/changelog/2025-09-19-deprecation-of-node-20-on-github-actions-runners/
Stage 04-05 · Sync & Unlock	Set up job	﻿2026-04-14T16:59:46.2268459Z Current runner version: '2.333.1'
Stage 04-05 · Sync & Unlock	Set up job	2026-04-14T16:59:46.2297922Z ##[group]Runner Image Provisioner
Stage 04-05 · Sync & Unlock	Set up job	2026-04-14T16:59:46.2299172Z Hosted Compute Agent
Stage 04-05 · Sync & Unlock	Set up job	2026-04-14T16:59:46.2299802Z Version: 20260213.493
Stage 04-05 · Sync & Unlock	Set up job	2026-04-14T16:59:46.2300490Z Commit: 5c115507f6dd24b8de37d8bbe0bb4509d0cc0fa3
Stage 04-05 · Sync & Unlock	Set up job	2026-04-14T16:59:46.2301281Z Build Date: 2026-02-13T00:28:41Z
Stage 04-05 · Sync & Unlock	Set up job	2026-04-14T16:59:46.2301961Z Worker ID: {7936d329-ced7-4b50-8c0b-608e480eaa4a}
Stage 04-05 · Sync & Unlock	Set up job	2026-04-14T16:59:46.2302694Z Azure Region: eastus
Stage 04-05 · Sync & Unlock	Set up job	2026-04-14T16:59:46.2303230Z ##[endgroup]
Stage 04-05 · Sync & Unlock	Set up job	2026-04-14T16:59:46.2304709Z ##[group]Operating System
Stage 04-05 · Sync & Unlock	Set up job	2026-04-14T16:59:46.2305271Z Ubuntu
Stage 04-05 · Sync & Unlock	Set up job	2026-04-14T16:59:46.2305899Z 24.04.4
Stage 04-05 · Sync & Unlock	Set up job	2026-04-14T16:59:46.2306336Z LTS
Stage 04-05 · Sync & Unlock	Set up job	2026-04-14T16:59:46.2306798Z ##[endgroup]
Stage 04-05 · Sync & Unlock	Set up job	2026-04-14T16:59:46.2307377Z ##[group]Runner Image
Stage 04-05 · Sync & Unlock	Set up job	2026-04-14T16:59:46.2307896Z Image: ubuntu-24.04
Stage 04-05 · Sync & Unlock	Set up job	2026-04-14T16:59:46.2308437Z Version: 20260406.80.1
Stage 04-05 · Sync & Unlock	Set up job	2026-04-14T16:59:46.2309816Z Included Software: https://github.com/actions/runner-images/blob/ubuntu24/20260406.80/images/ubuntu/Ubuntu2404-Readme.md
Stage 04-05 · Sync & Unlock	Set up job	2026-04-14T16:59:46.2311460Z Image Release: https://github.com/actions/runner-images/releases/tag/ubuntu24%2F20260406.80
Stage 04-05 · Sync & Unlock	Set up job	2026-04-14T16:59:46.2312462Z ##[endgroup]
Stage 04-05 · Sync & Unlock	Set up job	2026-04-14T16:59:46.2313473Z ##[group]GITHUB_TOKEN Permissions
Stage 04-05 · Sync & Unlock	Set up job	2026-04-14T16:59:46.2315789Z Contents: write
Stage 04-05 · Sync & Unlock	Set up job	2026-04-14T16:59:46.2316320Z Metadata: read
Stage 04-05 · Sync & Unlock	Set up job	2026-04-14T16:59:46.2316839Z ##[endgroup]
Stage 04-05 · Sync & Unlock	Set up job	2026-04-14T16:59:46.2319207Z Secret source: Actions
Stage 04-05 · Sync & Unlock	Set up job	2026-04-14T16:59:46.2320226Z Prepare workflow directory
Stage 04-05 · Sync & Unlock	Set up job	2026-04-14T16:59:46.2703029Z Prepare all required actions
Stage 04-05 · Sync & Unlock	Set up job	2026-04-14T16:59:46.2740904Z Getting action download info
Stage 04-05 · Sync & Unlock	Set up job	2026-04-14T16:59:46.6431876Z Download action repository 'actions/checkout@v4' (SHA:34e114876b0b11c390a56381ad16ebd13914f8d5)
Stage 04-05 · Sync & Unlock	Set up job	2026-04-14T16:59:46.7626422Z Download action repository 'actions/download-artifact@v4' (SHA:d3f86a106a0bac45b974a628896c90dbdf5c8093)
Stage 04-05 · Sync & Unlock	Set up job	2026-04-14T16:59:47.1119045Z Complete job name: Stage 04-05 · Sync & Unlock
Stage 04-05 · Sync & Unlock	Checkout repository	﻿2026-04-14T16:59:47.1816609Z ##[group]Run actions/checkout@v4
Stage 04-05 · Sync & Unlock	Checkout repository	2026-04-14T16:59:47.1817495Z with:
Stage 04-05 · Sync & Unlock	Checkout repository	2026-04-14T16:59:47.1817929Z   fetch-depth: 0
Stage 04-05 · Sync & Unlock	Checkout repository	2026-04-14T16:59:47.1818352Z   ref: main
Stage 04-05 · Sync & Unlock	Checkout repository	2026-04-14T16:59:47.1818949Z   repository: space-gen/aurora
Stage 04-05 · Sync & Unlock	Checkout repository	2026-04-14T16:59:47.1819645Z   token: ***
Stage 04-05 · Sync & Unlock	Checkout repository	2026-04-14T16:59:47.1820065Z   ssh-strict: true
Stage 04-05 · Sync & Unlock	Checkout repository	2026-04-14T16:59:47.1820481Z   ssh-user: git
Stage 04-05 · Sync & Unlock	Checkout repository	2026-04-14T16:59:47.1820902Z   persist-credentials: true
Stage 04-05 · Sync & Unlock	Checkout repository	2026-04-14T16:59:47.1821484Z   clean: true
Stage 04-05 · Sync & Unlock	Checkout repository	2026-04-14T16:59:47.1821994Z   sparse-checkout-cone-mode: true
Stage 04-05 · Sync & Unlock	Checkout repository	2026-04-14T16:59:47.1822674Z   fetch-tags: false
Stage 04-05 · Sync & Unlock	Checkout repository	2026-04-14T16:59:47.1823128Z   show-progress: true
Stage 04-05 · Sync & Unlock	Checkout repository	2026-04-14T16:59:47.1823560Z   lfs: false
Stage 04-05 · Sync & Unlock	Checkout repository	2026-04-14T16:59:47.1823955Z   submodules: false
Stage 04-05 · Sync & Unlock	Checkout repository	2026-04-14T16:59:47.1824392Z   set-safe-directory: true
Stage 04-05 · Sync & Unlock	Checkout repository	2026-04-14T16:59:47.1825100Z env:
Stage 04-05 · Sync & Unlock	Checkout repository	2026-04-14T16:59:47.1825536Z   FORCE_JAVASCRIPT_ACTIONS_TO_NODE24: true
Stage 04-05 · Sync & Unlock	Checkout repository	2026-04-14T16:59:47.1826089Z ##[endgroup]
Stage 04-05 · Sync & Unlock	Checkout repository	2026-04-14T16:59:47.2879293Z Syncing repository: space-gen/aurora
Stage 04-05 · Sync & Unlock	Checkout repository	2026-04-14T16:59:47.2881212Z ##[group]Getting Git version info
Stage 04-05 · Sync & Unlock	Checkout repository	2026-04-14T16:59:47.2881998Z Working directory is '/home/runner/work/aurora/aurora'
Stage 04-05 · Sync & Unlock	Checkout repository	2026-04-14T16:59:47.2882988Z [command]/usr/bin/git version
Stage 04-05 · Sync & Unlock	Checkout repository	2026-04-14T16:59:47.2898552Z git version 2.53.0
Stage 04-05 · Sync & Unlock	Checkout repository	2026-04-14T16:59:47.2920342Z ##[endgroup]
Stage 04-05 · Sync & Unlock	Checkout repository	2026-04-14T16:59:47.2938050Z Temporarily overriding HOME='/home/runner/work/_temp/2fa26d45-dba2-4adc-acbe-d5db795296e3' before making global git config changes
Stage 04-05 · Sync & Unlock	Checkout repository	2026-04-14T16:59:47.2940984Z Adding repository directory to the temporary git global config as a safe directory
Stage 04-05 · Sync & Unlock	Checkout repository	2026-04-14T16:59:47.2943980Z [command]/usr/bin/git config --global --add safe.directory /home/runner/work/aurora/aurora
Stage 04-05 · Sync & Unlock	Checkout repository	2026-04-14T16:59:47.2984954Z Deleting the contents of '/home/runner/work/aurora/aurora'
Stage 04-05 · Sync & Unlock	Checkout repository	2026-04-14T16:59:47.2989520Z ##[group]Initializing the repository
Stage 04-05 · Sync & Unlock	Checkout repository	2026-04-14T16:59:47.2994752Z [command]/usr/bin/git init /home/runner/work/aurora/aurora
Stage 04-05 · Sync & Unlock	Checkout repository	2026-04-14T16:59:47.3056625Z hint: Using 'master' as the name for the initial branch. This default branch name
Stage 04-05 · Sync & Unlock	Checkout repository	2026-04-14T16:59:47.3058247Z hint: will change to "main" in Git 3.0. To configure the initial branch name
Stage 04-05 · Sync & Unlock	Checkout repository	2026-04-14T16:59:47.3060262Z hint: to use in all of your new repositories, which will suppress this warning,
Stage 04-05 · Sync & Unlock	Checkout repository	2026-04-14T16:59:47.3061373Z hint: call:
Stage 04-05 · Sync & Unlock	Checkout repository	2026-04-14T16:59:47.3061962Z hint:
Stage 04-05 · Sync & Unlock	Checkout repository	2026-04-14T16:59:47.3062487Z hint: 	git config --global init.defaultBranch <name>
Stage 04-05 · Sync & Unlock	Checkout repository	2026-04-14T16:59:47.3063103Z hint:
Stage 04-05 · Sync & Unlock	Checkout repository	2026-04-14T16:59:47.3063667Z hint: Names commonly chosen instead of 'master' are 'main', 'trunk' and
Stage 04-05 · Sync & Unlock	Checkout repository	2026-04-14T16:59:47.3064603Z hint: 'development'. The just-created branch can be renamed via this command:
Stage 04-05 · Sync & Unlock	Checkout repository	2026-04-14T16:59:47.3065333Z hint:
Stage 04-05 · Sync & Unlock	Checkout repository	2026-04-14T16:59:47.3065743Z hint: 	git branch -m <name>
Stage 04-05 · Sync & Unlock	Checkout repository	2026-04-14T16:59:47.3066206Z hint:
Stage 04-05 · Sync & Unlock	Checkout repository	2026-04-14T16:59:47.3066823Z hint: Disable this message with "git config set advice.defaultBranchName false"
Stage 04-05 · Sync & Unlock	Checkout repository	2026-04-14T16:59:47.3068282Z Initialized empty Git repository in /home/runner/work/aurora/aurora/.git/
Stage 04-05 · Sync & Unlock	Checkout repository	2026-04-14T16:59:47.3070734Z [command]/usr/bin/git remote add origin https://github.com/space-gen/aurora
Stage 04-05 · Sync & Unlock	Checkout repository	2026-04-14T16:59:47.3102257Z ##[endgroup]
Stage 04-05 · Sync & Unlock	Checkout repository	2026-04-14T16:59:47.3103033Z ##[group]Disabling automatic garbage collection
Stage 04-05 · Sync & Unlock	Checkout repository	2026-04-14T16:59:47.3105614Z [command]/usr/bin/git config --local gc.auto 0
Stage 04-05 · Sync & Unlock	Checkout repository	2026-04-14T16:59:47.3139795Z ##[endgroup]
Stage 04-05 · Sync & Unlock	Checkout repository	2026-04-14T16:59:47.3140565Z ##[group]Setting up auth
Stage 04-05 · Sync & Unlock	Checkout repository	2026-04-14T16:59:47.3146306Z [command]/usr/bin/git config --local --name-only --get-regexp core\.sshCommand
Stage 04-05 · Sync & Unlock	Checkout repository	2026-04-14T16:59:47.3179842Z [command]/usr/bin/git submodule foreach --recursive sh -c "git config --local --name-only --get-regexp 'core\.sshCommand' && git config --local --unset-all 'core.sshCommand' || :"
Stage 04-05 · Sync & Unlock	Checkout repository	2026-04-14T16:59:47.3467713Z [command]/usr/bin/git config --local --name-only --get-regexp http\.https\:\/\/github\.com\/\.extraheader
Stage 04-05 · Sync & Unlock	Checkout repository	2026-04-14T16:59:47.3499305Z [command]/usr/bin/git submodule foreach --recursive sh -c "git config --local --name-only --get-regexp 'http\.https\:\/\/github\.com\/\.extraheader' && git config --local --unset-all 'http.https://github.com/.extraheader' || :"
Stage 04-05 · Sync & Unlock	Checkout repository	2026-04-14T16:59:47.3726577Z [command]/usr/bin/git config --local --name-only --get-regexp ^includeIf\.gitdir:
Stage 04-05 · Sync & Unlock	Checkout repository	2026-04-14T16:59:47.3758118Z [command]/usr/bin/git submodule foreach --recursive git config --local --show-origin --name-only --get-regexp remote.origin.url
Stage 04-05 · Sync & Unlock	Checkout repository	2026-04-14T16:59:47.3992962Z [command]/usr/bin/git config --local http.https://github.com/.extraheader AUTHORIZATION: basic ***
Stage 04-05 · Sync & Unlock	Checkout repository	2026-04-14T16:59:47.4027833Z ##[endgroup]
Stage 04-05 · Sync & Unlock	Checkout repository	2026-04-14T16:59:47.4028646Z ##[group]Fetching the repository
Stage 04-05 · Sync & Unlock	Checkout repository	2026-04-14T16:59:47.4037560Z [command]/usr/bin/git -c protocol.version=2 fetch --prune --no-recurse-submodules origin +refs/heads/*:refs/remotes/origin/* +refs/tags/*:refs/tags/*
Stage 04-05 · Sync & Unlock	Checkout repository	2026-04-14T16:59:54.6226203Z From https://github.com/space-gen/aurora
Stage 04-05 · Sync & Unlock	Checkout repository	2026-04-14T16:59:54.6228622Z  * [new branch]      data       -> origin/data
Stage 04-05 · Sync & Unlock	Checkout repository	2026-04-14T16:59:54.6230171Z  * [new branch]      main       -> origin/main
Stage 04-05 · Sync & Unlock	Checkout repository	2026-04-14T16:59:54.6257818Z ##[endgroup]
Stage 04-05 · Sync & Unlock	Checkout repository	2026-04-14T16:59:54.6259491Z ##[group]Determining the checkout info
Stage 04-05 · Sync & Unlock	Checkout repository	2026-04-14T16:59:54.6264601Z [command]/usr/bin/git branch --list --remote origin/main
Stage 04-05 · Sync & Unlock	Checkout repository	2026-04-14T16:59:54.6289323Z   origin/main
Stage 04-05 · Sync & Unlock	Checkout repository	2026-04-14T16:59:54.6294731Z ##[endgroup]
Stage 04-05 · Sync & Unlock	Checkout repository	2026-04-14T16:59:54.6298975Z [command]/usr/bin/git sparse-checkout disable
Stage 04-05 · Sync & Unlock	Checkout repository	2026-04-14T16:59:54.6335622Z [command]/usr/bin/git config --local --unset-all extensions.worktreeConfig
Stage 04-05 · Sync & Unlock	Checkout repository	2026-04-14T16:59:54.6363744Z ##[group]Checking out the ref
Stage 04-05 · Sync & Unlock	Checkout repository	2026-04-14T16:59:54.6367598Z [command]/usr/bin/git checkout --progress --force -B main refs/remotes/origin/main
Stage 04-05 · Sync & Unlock	Checkout repository	2026-04-14T16:59:54.6476439Z Switched to a new branch 'main'
Stage 04-05 · Sync & Unlock	Checkout repository	2026-04-14T16:59:54.6478699Z branch 'main' set up to track 'origin/main'.
Stage 04-05 · Sync & Unlock	Checkout repository	2026-04-14T16:59:54.6485890Z ##[endgroup]
Stage 04-05 · Sync & Unlock	Checkout repository	2026-04-14T16:59:54.6519595Z [command]/usr/bin/git log -1 --format=%H
Stage 04-05 · Sync & Unlock	Checkout repository	2026-04-14T16:59:54.6544185Z 84169fc4bd37e044edd712f1571a7c9387798f0d
Stage 04-05 · Sync & Unlock	Download Pulled Data	﻿2026-04-14T16:59:54.6831602Z ##[group]Run actions/download-artifact@v4
Stage 04-05 · Sync & Unlock	Download Pulled Data	2026-04-14T16:59:54.6832731Z with:
Stage 04-05 · Sync & Unlock	Download Pulled Data	2026-04-14T16:59:54.6833442Z   name: fresh-task-data
Stage 04-05 · Sync & Unlock	Download Pulled Data	2026-04-14T16:59:54.6834309Z   path: data_processing/
Stage 04-05 · Sync & Unlock	Download Pulled Data	2026-04-14T16:59:54.6835210Z   merge-multiple: false
Stage 04-05 · Sync & Unlock	Download Pulled Data	2026-04-14T16:59:54.6836106Z   repository: space-gen/aurora
Stage 04-05 · Sync & Unlock	Download Pulled Data	2026-04-14T16:59:54.6837296Z   run-id: 24412108577
Stage 04-05 · Sync & Unlock	Download Pulled Data	2026-04-14T16:59:54.6838087Z env:
Stage 04-05 · Sync & Unlock	Download Pulled Data	2026-04-14T16:59:54.6839041Z   FORCE_JAVASCRIPT_ACTIONS_TO_NODE24: true
Stage 04-05 · Sync & Unlock	Download Pulled Data	2026-04-14T16:59:54.6840127Z ##[endgroup]
Stage 04-05 · Sync & Unlock	Download Pulled Data	2026-04-14T16:59:54.8303739Z Downloading single artifact
Stage 04-05 · Sync & Unlock	Download Pulled Data	2026-04-14T16:59:54.8444226Z (node:2293) [DEP0040] DeprecationWarning: The `punycode` module is deprecated. Please use a userland alternative instead.
Stage 04-05 · Sync & Unlock	Download Pulled Data	2026-04-14T16:59:54.8447063Z (Use `node --trace-deprecation ...` to show where the warning was created)
Stage 04-05 · Sync & Unlock	Download Pulled Data	2026-04-14T16:59:54.9124045Z Preparing to download the following artifacts:
Stage 04-05 · Sync & Unlock	Download Pulled Data	2026-04-14T16:59:54.9126699Z - fresh-task-data (ID: 6433386293, Size: 2492, Expected Digest: sha256:3ffc60f497f004d22ef928477b29763bb4db45ef3879db61d0a2cf68d31228a9)
Stage 04-05 · Sync & Unlock	Download Pulled Data	2026-04-14T16:59:54.9744522Z Redirecting to blob download url: https://productionresultssa4.blob.core.windows.net/actions-results/14bc7b47-2b88-47dc-803c-3da7f988d09e/workflow-job-run-e0312a59-d025-52e1-95a8-8c6d790a966e/artifacts/763b83bb06111a2101445ea6baecc2804af4f797312b05be0bcad8192d400a8b.zip
Stage 04-05 · Sync & Unlock	Download Pulled Data	2026-04-14T16:59:54.9746724Z Starting download of artifact to: /home/runner/work/aurora/aurora/data_processing
Stage 04-05 · Sync & Unlock	Download Pulled Data	2026-04-14T16:59:55.0036318Z (node:2293) [DEP0005] DeprecationWarning: Buffer() is deprecated due to security and usability issues. Please use the Buffer.alloc(), Buffer.allocUnsafe(), or Buffer.from() methods instead.
Stage 04-05 · Sync & Unlock	Download Pulled Data	2026-04-14T16:59:55.0081147Z SHA256 digest of downloaded artifact is 3ffc60f497f004d22ef928477b29763bb4db45ef3879db61d0a2cf68d31228a9
Stage 04-05 · Sync & Unlock	Download Pulled Data	2026-04-14T16:59:55.0082147Z Artifact download completed successfully.
Stage 04-05 · Sync & Unlock	Download Pulled Data	2026-04-14T16:59:55.0082639Z Total of 1 artifact(s) downloaded
Stage 04-05 · Sync & Unlock	Download Pulled Data	2026-04-14T16:59:55.0087842Z Download artifact has finished successfully
Stage 04-05 · Sync & Unlock	Sync templates and Unlock	﻿2026-04-14T16:59:55.0210903Z ##[group]Run git config user.name "github-actions[bot]"
Stage 04-05 · Sync & Unlock	Sync templates and Unlock	2026-04-14T16:59:55.0211482Z [36;1mgit config user.name "github-actions[bot]"[0m
Stage 04-05 · Sync & Unlock	Sync templates and Unlock	2026-04-14T16:59:55.0211935Z [36;1mgit config user.email "github-actions[bot]@users.noreply.github.com"[0m
Stage 04-05 · Sync & Unlock	Sync templates and Unlock	2026-04-14T16:59:55.0212319Z [36;1m[0m
Stage 04-05 · Sync & Unlock	Sync templates and Unlock	2026-04-14T16:59:55.0212688Z [36;1m# 0. Pull latest changes (--autostash handles the downloaded artifact files)[0m
Stage 04-05 · Sync & Unlock	Sync templates and Unlock	2026-04-14T16:59:55.0213142Z [36;1mgit pull origin main --rebase --autostash[0m
Stage 04-05 · Sync & Unlock	Sync templates and Unlock	2026-04-14T16:59:55.0213429Z [36;1m[0m
Stage 04-05 · Sync & Unlock	Sync templates and Unlock	2026-04-14T16:59:55.0213681Z [36;1m# 1. Reset annotations folder with latest images[0m
Stage 04-05 · Sync & Unlock	Sync templates and Unlock	2026-04-14T16:59:55.0213998Z [36;1mpython -c '[0m
Stage 04-05 · Sync & Unlock	Sync templates and Unlock	2026-04-14T16:59:55.0214225Z [36;1mimport json, os, glob, shutil[0m
Stage 04-05 · Sync & Unlock	Sync templates and Unlock	2026-04-14T16:59:55.0214506Z [36;1mfrom pathlib import Path[0m
Stage 04-05 · Sync & Unlock	Sync templates and Unlock	2026-04-14T16:59:55.0214757Z [36;1m[0m
Stage 04-05 · Sync & Unlock	Sync templates and Unlock	2026-04-14T16:59:55.0214968Z [36;1m# Clean annotations/ but keep README.md[0m
Stage 04-05 · Sync & Unlock	Sync templates and Unlock	2026-04-14T16:59:55.0215287Z [36;1mfor p in glob.glob("annotations/*"):[0m
Stage 04-05 · Sync & Unlock	Sync templates and Unlock	2026-04-14T16:59:55.0215677Z [36;1m    if os.path.basename(p) == "README.md": continue[0m
Stage 04-05 · Sync & Unlock	Sync templates and Unlock	2026-04-14T16:59:55.0216020Z [36;1m    if os.path.isfile(p): os.remove(p)[0m
Stage 04-05 · Sync & Unlock	Sync templates and Unlock	2026-04-14T16:59:55.0216341Z [36;1m    elif os.path.isdir(p): shutil.rmtree(p)[0m
Stage 04-05 · Sync & Unlock	Sync templates and Unlock	2026-04-14T16:59:55.0216615Z [36;1m[0m
Stage 04-05 · Sync & Unlock	Sync templates and Unlock	2026-04-14T16:59:55.0216960Z [36;1m# Direct clone from data_processing to annotations with enforced order[0m
Stage 04-05 · Sync & Unlock	Sync templates and Unlock	2026-04-14T16:59:55.0217414Z [36;1mfor src_path in glob.glob("data_processing/*.jsonl"):[0m
Stage 04-05 · Sync & Unlock	Sync templates and Unlock	2026-04-14T16:59:55.0217839Z [36;1m    dest_path = Path("annotations") / os.path.basename(src_path)[0m
Stage 04-05 · Sync & Unlock	Sync templates and Unlock	2026-04-14T16:59:55.0218369Z [36;1m    with open(src_path, "r", encoding="utf-8") as fin, open(dest_path, "w", encoding="utf-8") as fout:[0m
Stage 04-05 · Sync & Unlock	Sync templates and Unlock	2026-04-14T16:59:55.0219075Z [36;1m        for line in fin:[0m
Stage 04-05 · Sync & Unlock	Sync templates and Unlock	2026-04-14T16:59:55.0219373Z [36;1m            if not line.strip(): continue[0m
Stage 04-05 · Sync & Unlock	Sync templates and Unlock	2026-04-14T16:59:55.0219684Z [36;1m            record = json.loads(line)[0m
Stage 04-05 · Sync & Unlock	Sync templates and Unlock	2026-04-14T16:59:55.0219941Z [36;1m            [0m
Stage 04-05 · Sync & Unlock	Sync templates and Unlock	2026-04-14T16:59:55.0220180Z [36;1m            # Enforce field order[0m
Stage 04-05 · Sync & Unlock	Sync templates and Unlock	2026-04-14T16:59:55.0220451Z [36;1m            ordered_record = {[0m
Stage 04-05 · Sync & Unlock	Sync templates and Unlock	2026-04-14T16:59:55.0220719Z [36;1m                "id": record.get("id"),[0m
Stage 04-05 · Sync & Unlock	Sync templates and Unlock	2026-04-14T16:59:55.0221010Z [36;1m                "url": record.get("url"),[0m
Stage 04-05 · Sync & Unlock	Sync templates and Unlock	2026-04-14T16:59:55.0221518Z [36;1m                "task_type": record.get("task_type"),[0m
Stage 04-05 · Sync & Unlock	Sync templates and Unlock	2026-04-14T16:59:55.0221859Z [36;1m                "created_at": record.get("created_at"),[0m
Stage 04-05 · Sync & Unlock	Sync templates and Unlock	2026-04-14T16:59:55.0222190Z [36;1m                "metadata": record.get("metadata", {}),[0m
Stage 04-05 · Sync & Unlock	Sync templates and Unlock	2026-04-14T16:59:55.0222536Z [36;1m                "annotations": [] # Reset for new template[0m
Stage 04-05 · Sync & Unlock	Sync templates and Unlock	2026-04-14T16:59:55.0222858Z [36;1m            }[0m
Stage 04-05 · Sync & Unlock	Sync templates and Unlock	2026-04-14T16:59:55.0223077Z [36;1m            [0m
Stage 04-05 · Sync & Unlock	Sync templates and Unlock	2026-04-14T16:59:55.0223420Z [36;1m            fout.write(json.dumps(ordered_record, separators=(",", ":")) + "\n")[0m
Stage 04-05 · Sync & Unlock	Sync templates and Unlock	2026-04-14T16:59:55.0223827Z [36;1m'          [0m
Stage 04-05 · Sync & Unlock	Sync templates and Unlock	2026-04-14T16:59:55.0224105Z [36;1m# 2. Unlock system (Rename processing -> data)[0m
Stage 04-05 · Sync & Unlock	Sync templates and Unlock	2026-04-14T16:59:55.0224448Z [36;1mif [ -d "data_processing" ]; then[0m
Stage 04-05 · Sync & Unlock	Sync templates and Unlock	2026-04-14T16:59:55.0224766Z [36;1m  if [ -d "data" ]; then[0m
Stage 04-05 · Sync & Unlock	Sync templates and Unlock	2026-04-14T16:59:55.0225220Z [36;1m    echo "::error::Both data/ and data_processing/ exist simultaneously — inconsistent state."[0m
Stage 04-05 · Sync & Unlock	Sync templates and Unlock	2026-04-14T16:59:55.0225686Z [36;1m    exit 1[0m
Stage 04-05 · Sync & Unlock	Sync templates and Unlock	2026-04-14T16:59:55.0225899Z [36;1m  fi[0m
Stage 04-05 · Sync & Unlock	Sync templates and Unlock	2026-04-14T16:59:55.0226117Z [36;1m  mv data_processing data[0m
Stage 04-05 · Sync & Unlock	Sync templates and Unlock	2026-04-14T16:59:55.0226375Z [36;1mfi[0m
Stage 04-05 · Sync & Unlock	Sync templates and Unlock	2026-04-14T16:59:55.0226554Z [36;1m[0m
Stage 04-05 · Sync & Unlock	Sync templates and Unlock	2026-04-14T16:59:55.0226760Z [36;1m# 3. Final Consolidated Commit[0m
Stage 04-05 · Sync & Unlock	Sync templates and Unlock	2026-04-14T16:59:55.0227048Z [36;1m# 3. Final Consolidated Commit[0m
Stage 04-05 · Sync & Unlock	Sync templates and Unlock	2026-04-14T16:59:55.0227444Z [36;1m# Temporarily move data out of working tree so it won't be committed to main[0m
Stage 04-05 · Sync & Unlock	Sync templates and Unlock	2026-04-14T16:59:55.0227861Z [36;1mif [ -d "data" ]; then[0m
Stage 04-05 · Sync & Unlock	Sync templates and Unlock	2026-04-14T16:59:55.0228131Z [36;1m  mkdir -p /tmp/data_pipeline[0m
Stage 04-05 · Sync & Unlock	Sync templates and Unlock	2026-04-14T16:59:55.0228463Z [36;1m  mv data /tmp/data_pipeline/data[0m
Stage 04-05 · Sync & Unlock	Sync templates and Unlock	2026-04-14T16:59:55.0229143Z [36;1mfi[0m
Stage 04-05 · Sync & Unlock	Sync templates and Unlock	2026-04-14T16:59:55.0229342Z [36;1mgit add -A .[0m
Stage 04-05 · Sync & Unlock	Sync templates and Unlock	2026-04-14T16:59:55.0229596Z [36;1mif git diff --cached --quiet; then[0m
Stage 04-05 · Sync & Unlock	Sync templates and Unlock	2026-04-14T16:59:55.0229881Z [36;1m  echo "No changes."[0m
Stage 04-05 · Sync & Unlock	Sync templates and Unlock	2026-04-14T16:59:55.0230119Z [36;1melse[0m
Stage 04-05 · Sync & Unlock	Sync templates and Unlock	2026-04-14T16:59:55.0230539Z [36;1m  git commit -m "chore(pipeline): refresh task database and clean templates [skip ci][0m
Stage 04-05 · Sync & Unlock	Sync templates and Unlock	2026-04-14T16:59:55.0231018Z [36;1m[0m
Stage 04-05 · Sync & Unlock	Sync templates and Unlock	2026-04-14T16:59:55.0231335Z [36;1m  Co-authored-by: soumyadipkarforma <soumyadipkarforma@gmail.com>"[0m
Stage 04-05 · Sync & Unlock	Sync templates and Unlock	2026-04-14T16:59:55.0231740Z [36;1m  git push origin main[0m
Stage 04-05 · Sync & Unlock	Sync templates and Unlock	2026-04-14T16:59:55.0231992Z [36;1mfi[0m
Stage 04-05 · Sync & Unlock	Sync templates and Unlock	2026-04-14T16:59:55.0232178Z [36;1m[0m
Stage 04-05 · Sync & Unlock	Sync templates and Unlock	2026-04-14T16:59:55.0232455Z [36;1m# 4. Publish data to orphan 'data' branch with no history[0m
Stage 04-05 · Sync & Unlock	Sync templates and Unlock	2026-04-14T16:59:55.0232846Z [36;1mif [ -d "/tmp/data_pipeline/data" ]; then[0m
Stage 04-05 · Sync & Unlock	Sync templates and Unlock	2026-04-14T16:59:55.0233222Z [36;1m  if git rev-parse --verify data >/dev/null 2>&1; then[0m
Stage 04-05 · Sync & Unlock	Sync templates and Unlock	2026-04-14T16:59:55.0233561Z [36;1m    git branch -D data || true[0m
Stage 04-05 · Sync & Unlock	Sync templates and Unlock	2026-04-14T16:59:55.0233836Z [36;1m  fi[0m
Stage 04-05 · Sync & Unlock	Sync templates and Unlock	2026-04-14T16:59:55.0234056Z [36;1m  git checkout --orphan data[0m
Stage 04-05 · Sync & Unlock	Sync templates and Unlock	2026-04-14T16:59:55.0234327Z [36;1m  git rm -rf --quiet . || true[0m
Stage 04-05 · Sync & Unlock	Sync templates and Unlock	2026-04-14T16:59:55.0234595Z [36;1m  mkdir -p data[0m
Stage 04-05 · Sync & Unlock	Sync templates and Unlock	2026-04-14T16:59:55.0234879Z [36;1m  cp -r /tmp/data_pipeline/data/* data/ || true[0m
Stage 04-05 · Sync & Unlock	Sync templates and Unlock	2026-04-14T16:59:55.0235207Z [36;1m  git add -f data || true[0m
Stage 04-05 · Sync & Unlock	Sync templates and Unlock	2026-04-14T16:59:55.0235497Z [36;1m  if git diff --cached --quiet; then[0m
Stage 04-05 · Sync & Unlock	Sync templates and Unlock	2026-04-14T16:59:55.0235808Z [36;1m    echo "No data changes to commit."[0m
Stage 04-05 · Sync & Unlock	Sync templates and Unlock	2026-04-14T16:59:55.0236092Z [36;1m  else[0m
Stage 04-05 · Sync & Unlock	Sync templates and Unlock	2026-04-14T16:59:55.0236367Z [36;1m    git commit -m "chore(data): refresh dataset [skip ci][0m
Stage 04-05 · Sync & Unlock	Sync templates and Unlock	2026-04-14T16:59:55.0236692Z [36;1m[0m
Stage 04-05 · Sync & Unlock	Sync templates and Unlock	2026-04-14T16:59:55.0237008Z [36;1m    Co-authored-by: soumyadipkarforma <soumyadipkarforma@gmail.com>"[0m
Stage 04-05 · Sync & Unlock	Sync templates and Unlock	2026-04-14T16:59:55.0237407Z [36;1m    git push --force origin data[0m
Stage 04-05 · Sync & Unlock	Sync templates and Unlock	2026-04-14T16:59:55.0237673Z [36;1m  fi[0m
Stage 04-05 · Sync & Unlock	Sync templates and Unlock	2026-04-14T16:59:55.0237880Z [36;1m  git checkout main || true[0m
Stage 04-05 · Sync & Unlock	Sync templates and Unlock	2026-04-14T16:59:55.0238171Z [36;1m  git reset --hard origin/main || true[0m
Stage 04-05 · Sync & Unlock	Sync templates and Unlock	2026-04-14T16:59:55.0238450Z [36;1mfi[0m
Stage 04-05 · Sync & Unlock	Sync templates and Unlock	2026-04-14T16:59:55.0238640Z [36;1m[0m
Stage 04-05 · Sync & Unlock	Sync templates and Unlock	2026-04-14T16:59:55.0238979Z [36;1m# cleanup temp[0m
Stage 04-05 · Sync & Unlock	Sync templates and Unlock	2026-04-14T16:59:55.0239229Z [36;1mrm -rf /tmp/data_pipeline || true[0m
Stage 04-05 · Sync & Unlock	Sync templates and Unlock	2026-04-14T16:59:55.0265785Z shell: /usr/bin/bash -e {0}
Stage 04-05 · Sync & Unlock	Sync templates and Unlock	2026-04-14T16:59:55.0266071Z env:
Stage 04-05 · Sync & Unlock	Sync templates and Unlock	2026-04-14T16:59:55.0266306Z   FORCE_JAVASCRIPT_ACTIONS_TO_NODE24: true
Stage 04-05 · Sync & Unlock	Sync templates and Unlock	2026-04-14T16:59:55.0266599Z ##[endgroup]
Stage 04-05 · Sync & Unlock	Sync templates and Unlock	2026-04-14T16:59:55.2081293Z From https://github.com/space-gen/aurora
Stage 04-05 · Sync & Unlock	Sync templates and Unlock	2026-04-14T16:59:55.2081830Z  * branch            main       -> FETCH_HEAD
Stage 04-05 · Sync & Unlock	Sync templates and Unlock	2026-04-14T16:59:55.2151734Z Already up to date.
Stage 04-05 · Sync & Unlock	Sync templates and Unlock	2026-04-14T16:59:55.2505900Z ##[error]Both data/ and data_processing/ exist simultaneously — inconsistent state.
Stage 04-05 · Sync & Unlock	Sync templates and Unlock	2026-04-14T16:59:55.2517272Z ##[error]Process completed with exit code 1.
Stage 04-05 · Sync & Unlock	Post Checkout repository	﻿2026-04-14T16:59:55.2676398Z Post job cleanup.
Stage 04-05 · Sync & Unlock	Post Checkout repository	2026-04-14T16:59:55.3501178Z [command]/usr/bin/git version
Stage 04-05 · Sync & Unlock	Post Checkout repository	2026-04-14T16:59:55.3544943Z git version 2.53.0
Stage 04-05 · Sync & Unlock	Post Checkout repository	2026-04-14T16:59:55.3585066Z Temporarily overriding HOME='/home/runner/work/_temp/95a15623-4090-46ed-a593-268eb8b53667' before making global git config changes
Stage 04-05 · Sync & Unlock	Post Checkout repository	2026-04-14T16:59:55.3586317Z Adding repository directory to the temporary git global config as a safe directory
Stage 04-05 · Sync & Unlock	Post Checkout repository	2026-04-14T16:59:55.3591181Z [command]/usr/bin/git config --global --add safe.directory /home/runner/work/aurora/aurora
Stage 04-05 · Sync & Unlock	Post Checkout repository	2026-04-14T16:59:55.3633451Z [command]/usr/bin/git config --local --name-only --get-regexp core\.sshCommand
Stage 04-05 · Sync & Unlock	Post Checkout repository	2026-04-14T16:59:55.3695824Z [command]/usr/bin/git submodule foreach --recursive sh -c "git config --local --name-only --get-regexp 'core\.sshCommand' && git config --local --unset-all 'core.sshCommand' || :"
Stage 04-05 · Sync & Unlock	Post Checkout repository	2026-04-14T16:59:55.3946845Z [command]/usr/bin/git config --local --name-only --get-regexp http\.https\:\/\/github\.com\/\.extraheader
Stage 04-05 · Sync & Unlock	Post Checkout repository	2026-04-14T16:59:55.3973182Z http.https://github.com/.extraheader
Stage 04-05 · Sync & Unlock	Post Checkout repository	2026-04-14T16:59:55.3983484Z [command]/usr/bin/git config --local --unset-all http.https://github.com/.extraheader
Stage 04-05 · Sync & Unlock	Post Checkout repository	2026-04-14T16:59:55.4293500Z [command]/usr/bin/git submodule foreach --recursive sh -c "git config --local --name-only --get-regexp 'http\.https\:\/\/github\.com\/\.extraheader' && git config --local --unset-all 'http.https://github.com/.extraheader' || :"
Stage 04-05 · Sync & Unlock	Post Checkout repository	2026-04-14T16:59:55.4534777Z [command]/usr/bin/git config --local --name-only --get-regexp ^includeIf\.gitdir:
Stage 04-05 · Sync & Unlock	Post Checkout repository	2026-04-14T16:59:55.4567342Z [command]/usr/bin/git submodule foreach --recursive git config --local --show-origin --name-only --get-regexp remote.origin.url
Stage 04-05 · Sync & Unlock	Complete job	﻿2026-04-14T16:59:55.4938001Z Cleaning up orphan processes
Stage 04-05 · Sync & Unlock	Complete job	2026-04-14T16:59:55.5240495Z ##[warning]Node.js 20 is deprecated. The following actions target Node.js 20 but are being forced to run on Node.js 24: actions/checkout@v4, actions/download-artifact@v4. For more information see: https://github.blog/changelog/2025-09-19-deprecation-of-node-20-on-github-actions-runners/
